id_cliente;cluster;nombre_segmento;recencia;frecuencia;monto
1;1;En Riesgo / Inactivos;88;14;496.5
2;2;Campeones / VIP;18;9;400.3
3;0;Leales / Frecuentes;37;7;212.8
4;1;En Riesgo / Inactivos;33;16;565.0
5;2;Campeones / VIP;37;7;404.8
6;0;Leales / Frecuentes;101;3;251.6
7;3;Nuevos / Esporádicos;381;2;190.89999999999998
8;2;Campeones / VIP;61;9;267.992
9;2;Campeones / VIP;106;5;713.6
10;2;Campeones / VIP;9;8;230.3
11;1;En Riesgo / Inactivos;11;17;545.3
12;0;Leales / Frecuentes;117;3;75.0
13;3;Nuevos / Esporádicos;321;4;200.29999999999998
14;0;Leales / Frecuentes;60;8;158.70000000000002
15;0;Leales / Frecuentes;100;5;255.5
16;0;Leales / Frecuentes;238;6;188.1
17;0;Leales / Frecuentes;66;3;204.0
18;0;Leales / Frecuentes;64;5;314.8
19;0;Leales / Frecuentes;38;3;56.7
20;2;Campeones / VIP;6;12;551.5
21;3;Nuevos / Esporádicos;730;1;54.1
22;1;En Riesgo / Inactivos;46;22;1016.78
23;0;Leales / Frecuentes;93;5;120.19999999999999
24;2;Campeones / VIP;86;8;257.4
25;0;Leales / Frecuentes;89;7;173.89999999999998
26;2;Campeones / VIP;136;10;363.7
27;0;Leales / Frecuentes;248;2;20.4
28;0;Leales / Frecuentes;26;6;240.0
29;0;Leales / Frecuentes;133;6;267.5
30;2;Campeones / VIP;27;10;241.79999999999998
31;0;Leales / Frecuentes;21;4;103.0
32;3;Nuevos / Esporádicos;368;3;57.1
33;3;Nuevos / Esporádicos;607;2;118.79999999999998
34;1;En Riesgo / Inactivos;0;23;561.448
35;0;Leales / Frecuentes;137;4;125.3
36;3;Nuevos / Esporádicos;730;1;39.7
37;0;Leales / Frecuentes;138;2;149.0
38;2;Campeones / VIP;7;14;358.74199999999996
39;0;Leales / Frecuentes;36;5;215.20000000000002
40;0;Leales / Frecuentes;42;4;150.0
41;1;En Riesgo / Inactivos;54;17;503.59999999999997
42;0;Leales / Frecuentes;203;2;216.89999999999998
43;1;En Riesgo / Inactivos;38;7;1117.3
44;0;Leales / Frecuentes;146;2;98.80000000000001
45;0;Leales / Frecuentes;31;6;297.0
46;2;Campeones / VIP;57;10;171.4
47;2;Campeones / VIP;89;12;337.2
48;0;Leales / Frecuentes;125;6;64.3
49;3;Nuevos / Esporádicos;368;4;119.3
50;0;Leales / Frecuentes;48;7;160.1
51;2;Campeones / VIP;52;7;551.9
52;3;Nuevos / Esporádicos;376;2;42.7
53;3;Nuevos / Esporádicos;552;2;27.200000000000003
54;3;Nuevos / Esporádicos;729;1;164.2
55;0;Leales / Frecuentes;188;4;124.3
56;2;Campeones / VIP;51;8;244.3
57;0;Leales / Frecuentes;30;4;131.39999999999998
58;1;En Riesgo / Inactivos;4;21;1039.84
59;0;Leales / Frecuentes;90;8;145.915
60;2;Campeones / VIP;202;8;559.94
61;2;Campeones / VIP;4;8;251.0
62;2;Campeones / VIP;60;10;246.29
63;0;Leales / Frecuentes;51;6;155.0
64;3;Nuevos / Esporádicos;729;1;9.8
65;2;Campeones / VIP;41;7;544.3000000000001
66;0;Leales / Frecuentes;130;4;109.26
67;2;Campeones / VIP;159;10;368.8
68;1;En Riesgo / Inactivos;189;11;690.7
69;2;Campeones / VIP;101;7;543.0
70;1;En Riesgo / Inactivos;33;14;493.71000000000004
71;0;Leales / Frecuentes;28;5;272.9
72;2;Campeones / VIP;0;10;460.4
73;2;Campeones / VIP;18;9;261.2
74;3;Nuevos / Esporádicos;382;5;141.7
75;2;Campeones / VIP;28;7;368.0
76;2;Campeones / VIP;14;11;361.03999999999996
77;0;Leales / Frecuentes;94;4;108.1
78;2;Campeones / VIP;20;9;250.14000000000001
79;0;Leales / Frecuentes;1;5;169.99999999999997
80;1;En Riesgo / Inactivos;2;24;935.3
81;3;Nuevos / Esporádicos;302;4;82.6
82;0;Leales / Frecuentes;251;7;194.7
83;0;Leales / Frecuentes;109;4;94.5
84;2;Campeones / VIP;7;10;502.0
85;0;Leales / Frecuentes;280;4;98.5
86;0;Leales / Frecuentes;80;5;116.0
87;0;Leales / Frecuentes;110;7;267.7
88;3;Nuevos / Esporádicos;376;3;180.0
89;1;En Riesgo / Inactivos;11;16;578.7
90;0;Leales / Frecuentes;48;5;92.6
91;3;Nuevos / Esporádicos;334;3;65.25
92;0;Leales / Frecuentes;186;7;278.544
93;0;Leales / Frecuentes;3;7;164.24
94;0;Leales / Frecuentes;153;6;103.3
95;2;Campeones / VIP;5;8;278.9
96;3;Nuevos / Esporádicos;728;1;7.6
97;1;En Riesgo / Inactivos;4;11;745.5
98;2;Campeones / VIP;17;8;416.90000000000003
99;0;Leales / Frecuentes;96;5;302.7
100;3;Nuevos / Esporádicos;433;2;61.4
101;1;En Riesgo / Inactivos;59;16;628.36
102;0;Leales / Frecuentes;40;4;124.19999999999999
103;1;En Riesgo / Inactivos;72;14;539.695
104;0;Leales / Frecuentes;4;5;183.2
105;2;Campeones / VIP;53;8;277.764
106;0;Leales / Frecuentes;114;2;129.6
107;2;Campeones / VIP;96;12;340.0
108;3;Nuevos / Esporádicos;492;3;98.70000000000002
109;2;Campeones / VIP;41;11;216.24
110;2;Campeones / VIP;5;7;487.2
111;0;Leales / Frecuentes;106;6;177.8
112;2;Campeones / VIP;85;11;504.7
113;0;Leales / Frecuentes;138;2;195.2
114;1;En Riesgo / Inactivos;13;10;794.0
115;2;Campeones / VIP;127;10;281.40000000000003
116;2;Campeones / VIP;45;12;510.0
117;0;Leales / Frecuentes;41;5;129.1
118;3;Nuevos / Esporádicos;345;4;284.09999999999997
119;1;En Riesgo / Inactivos;42;18;679.65
120;0;Leales / Frecuentes;18;8;150.70000000000002
121;2;Campeones / VIP;153;9;271.6
122;2;Campeones / VIP;15;7;260.3
123;0;Leales / Frecuentes;85;5;388.59999999999997
124;0;Leales / Frecuentes;154;7;240.2
125;3;Nuevos / Esporádicos;327;4;119.4
126;0;Leales / Frecuentes;218;6;159.7
127;0;Leales / Frecuentes;114;5;208.2
128;2;Campeones / VIP;23;11;339.3
129;3;Nuevos / Esporádicos;525;3;153.0
130;3;Nuevos / Esporádicos;495;2;86.5
131;0;Leales / Frecuentes;150;6;260.2
132;0;Leales / Frecuentes;8;4;133.12
133;2;Campeones / VIP;13;8;412.1
134;0;Leales / Frecuentes;134;4;116.78
135;2;Campeones / VIP;1;7;289.8
136;2;Campeones / VIP;28;10;356.9
137;1;En Riesgo / Inactivos;19;18;750.42
138;0;Leales / Frecuentes;1;5;196.5
139;2;Campeones / VIP;147;12;334.29999999999995
140;2;Campeones / VIP;199;8;447.6
141;0;Leales / Frecuentes;19;8;140.21
142;0;Leales / Frecuentes;26;5;63.465
143;3;Nuevos / Esporádicos;372;3;254.4
144;2;Campeones / VIP;82;8;253.70999999999998
145;0;Leales / Frecuentes;18;7;61.2
146;2;Campeones / VIP;19;12;424.5
147;3;Nuevos / Esporádicos;313;4;96.3
148;0;Leales / Frecuentes;85;6;150.72
149;0;Leales / Frecuentes;47;4;98.19999999999999
150;2;Campeones / VIP;4;11;268.508
151;1;En Riesgo / Inactivos;11;14;712.3
152;1;En Riesgo / Inactivos;161;10;740.8
153;0;Leales / Frecuentes;11;6;113.9
154;0;Leales / Frecuentes;195;3;54.599999999999994
155;0;Leales / Frecuentes;157;2;114.29999999999998
156;3;Nuevos / Esporádicos;727;1;14.0
157;2;Campeones / VIP;76;8;385.1
158;1;En Riesgo / Inactivos;70;23;720.45
159;1;En Riesgo / Inactivos;93;12;663.6999999999999
160;0;Leales / Frecuentes;176;5;129.4
161;0;Leales / Frecuentes;175;2;18.8
162;0;Leales / Frecuentes;137;4;91.3
163;3;Nuevos / Esporádicos;290;3;221.89999999999998
164;2;Campeones / VIP;50;9;382.1
165;3;Nuevos / Esporádicos;366;3;27.400000000000002
166;0;Leales / Frecuentes;98;3;99.3
167;2;Campeones / VIP;139;8;441.9
168;0;Leales / Frecuentes;243;2;161.5
169;0;Leales / Frecuentes;141;3;66.0
170;2;Campeones / VIP;26;10;487.14
171;3;Nuevos / Esporádicos;727;1;54.7
172;0;Leales / Frecuentes;17;5;132.75
173;0;Leales / Frecuentes;36;6;156.7
174;2;Campeones / VIP;58;7;328.24
175;0;Leales / Frecuentes;193;3;107.5
176;3;Nuevos / Esporádicos;546;2;83.2
177;2;Campeones / VIP;139;9;234.49999999999997
178;2;Campeones / VIP;52;13;412.5
179;2;Campeones / VIP;7;7;302.4
180;0;Leales / Frecuentes;94;3;71.9
181;0;Leales / Frecuentes;273;8;147.1
182;0;Leales / Frecuentes;58;7;206.7
183;0;Leales / Frecuentes;70;5;216.1
184;3;Nuevos / Esporádicos;436;5;54.8
185;0;Leales / Frecuentes;19;3;360.2
186;0;Leales / Frecuentes;20;3;216.7
187;2;Campeones / VIP;25;7;489.32399999999996
188;2;Campeones / VIP;6;7;295.9
189;0;Leales / Frecuentes;93;7;265.6
190;2;Campeones / VIP;96;10;246.89999999999998
191;2;Campeones / VIP;106;6;343.79999999999995
192;2;Campeones / VIP;64;9;245.20000000000002
193;0;Leales / Frecuentes;238;8;252.2
194;0;Leales / Frecuentes;62;5;162.0
195;3;Nuevos / Esporádicos;296;4;205.20000000000002
196;3;Nuevos / Esporádicos;726;1;24.9
197;0;Leales / Frecuentes;97;5;178.5
198;1;En Riesgo / Inactivos;19;13;642.5
199;2;Campeones / VIP;135;10;246.2
200;0;Leales / Frecuentes;194;5;88.5
201;0;Leales / Frecuentes;47;3;87.3
202;3;Nuevos / Esporádicos;325;2;50.1
203;0;Leales / Frecuentes;3;3;78.1
204;0;Leales / Frecuentes;13;5;125.60000000000001
205;0;Leales / Frecuentes;87;4;179.04999999999998
206;0;Leales / Frecuentes;57;5;68.1
207;0;Leales / Frecuentes;52;7;199.1
208;3;Nuevos / Esporádicos;422;4;150.5
209;2;Campeones / VIP;7;8;225.168
210;1;En Riesgo / Inactivos;28;15;731.6999999999999
211;0;Leales / Frecuentes;236;4;184.74
212;0;Leales / Frecuentes;1;4;141.8
213;0;Leales / Frecuentes;87;3;73.8
214;2;Campeones / VIP;20;8;313.40000000000003
215;0;Leales / Frecuentes;35;4;63.400000000000006
216;3;Nuevos / Esporádicos;345;5;128.0
217;3;Nuevos / Esporádicos;533;2;16.9
218;2;Campeones / VIP;12;10;336.8
219;0;Leales / Frecuentes;85;5;165.1
220;0;Leales / Frecuentes;180;2;50.4
221;3;Nuevos / Esporádicos;305;3;127.0
222;3;Nuevos / Esporádicos;319;3;158.09999999999997
223;1;En Riesgo / Inactivos;10;14;681.068
224;2;Campeones / VIP;65;12;372.3
225;0;Leales / Frecuentes;164;3;71.6
226;2;Campeones / VIP;30;7;296.7
227;0;Leales / Frecuentes;16;7;210.1
228;0;Leales / Frecuentes;53;4;54.3
229;0;Leales / Frecuentes;263;8;239.0
230;2;Campeones / VIP;15;5;436.894
231;0;Leales / Frecuentes;9;5;63.440000000000005
232;0;Leales / Frecuentes;71;6;251.7
233;0;Leales / Frecuentes;104;3;69.8
234;2;Campeones / VIP;15;7;378.52
235;0;Leales / Frecuentes;11;4;288.82
236;0;Leales / Frecuentes;8;6;129.2
237;2;Campeones / VIP;113;10;267.5
238;0;Leales / Frecuentes;11;6;206.6
239;0;Leales / Frecuentes;140;6;236.2
240;0;Leales / Frecuentes;158;3;78.7
241;0;Leales / Frecuentes;13;8;137.32
242;0;Leales / Frecuentes;62;6;238.2
243;0;Leales / Frecuentes;195;7;283.71
244;0;Leales / Frecuentes;54;3;114.4
245;0;Leales / Frecuentes;234;7;283.53000000000003
246;2;Campeones / VIP;36;8;306.90999999999997
247;0;Leales / Frecuentes;202;3;83.8
248;2;Campeones / VIP;189;8;295.452
249;0;Leales / Frecuentes;275;3;127.5
250;2;Campeones / VIP;95;8;298.16499999999996
251;0;Leales / Frecuentes;186;3;70.2
252;2;Campeones / VIP;41;7;350.0
253;2;Campeones / VIP;28;9;570.98
254;2;Campeones / VIP;7;14;442.16
255;0;Leales / Frecuentes;124;4;55.7
256;1;En Riesgo / Inactivos;194;15;695.1999999999999
257;2;Campeones / VIP;4;11;315.9
258;3;Nuevos / Esporádicos;512;4;245.5
259;0;Leales / Frecuentes;251;2;87.1
260;1;En Riesgo / Inactivos;40;13;757.4
261;0;Leales / Frecuentes;13;6;153.3
262;0;Leales / Frecuentes;104;3;111.5
263;2;Campeones / VIP;2;7;586.84
264;0;Leales / Frecuentes;7;4;81.4
265;2;Campeones / VIP;75;8;238.39999999999998
266;0;Leales / Frecuentes;113;4;189.89999999999998
267;3;Nuevos / Esporádicos;355;2;100.8
268;0;Leales / Frecuentes;14;6;190.1
269;0;Leales / Frecuentes;13;4;148.20000000000002
270;0;Leales / Frecuentes;47;6;224.0
271;0;Leales / Frecuentes;128;6;57.67
272;0;Leales / Frecuentes;2;6;236.79999999999998
273;0;Leales / Frecuentes;253;3;191.8
274;2;Campeones / VIP;23;7;253.2
275;0;Leales / Frecuentes;1;2;23.4
276;0;Leales / Frecuentes;223;2;39.9
277;3;Nuevos / Esporádicos;460;3;124.39999999999999
278;0;Leales / Frecuentes;43;3;34.400000000000006
279;2;Campeones / VIP;52;8;360.2
280;2;Campeones / VIP;28;6;775.3000000000001
281;0;Leales / Frecuentes;109;8;165.5
282;0;Leales / Frecuentes;146;5;274.6
283;2;Campeones / VIP;19;8;241.7
284;0;Leales / Frecuentes;118;3;141.6
285;0;Leales / Frecuentes;9;6;194.98
286;2;Campeones / VIP;72;7;453.6
287;2;Campeones / VIP;12;8;201.72
288;3;Nuevos / Esporádicos;724;1;38.300000000000004
289;0;Leales / Frecuentes;21;7;178.9
290;1;En Riesgo / Inactivos;29;16;624.88
291;0;Leales / Frecuentes;104;3;72.2
292;2;Campeones / VIP;5;10;490.61
293;0;Leales / Frecuentes;33;4;169.6
294;1;En Riesgo / Inactivos;37;17;1084.825
295;2;Campeones / VIP;0;10;531.9
296;0;Leales / Frecuentes;65;8;117.435
297;2;Campeones / VIP;150;8;438.7
298;0;Leales / Frecuentes;211;3;68.7
299;0;Leales / Frecuentes;62;2;79.43
300;0;Leales / Frecuentes;40;4;155.39999999999998
301;2;Campeones / VIP;154;9;595.6
302;0;Leales / Frecuentes;126;6;193.0
303;0;Leales / Frecuentes;162;4;40.0
304;0;Leales / Frecuentes;75;6;276.40999999999997
305;1;En Riesgo / Inactivos;26;12;679.4
306;3;Nuevos / Esporádicos;384;2;180.1
307;3;Nuevos / Esporádicos;414;3;44.599999999999994
308;1;En Riesgo / Inactivos;70;14;564.8149999999999
309;2;Campeones / VIP;53;5;545.7
310;1;En Riesgo / Inactivos;0;14;520.2
311;0;Leales / Frecuentes;19;4;132.7
312;0;Leales / Frecuentes;112;5;382.6
313;2;Campeones / VIP;145;4;689.295
314;0;Leales / Frecuentes;72;5;173.1
315;2;Campeones / VIP;161;11;526.9
316;3;Nuevos / Esporádicos;483;4;129.79999999999998
317;0;Leales / Frecuentes;2;3;81.0
318;0;Leales / Frecuentes;11;4;153.79999999999998
319;1;En Riesgo / Inactivos;7;19;646.48
320;0;Leales / Frecuentes;5;7;230.29999999999998
321;0;Leales / Frecuentes;5;4;221.0
322;0;Leales / Frecuentes;18;7;158.2
323;0;Leales / Frecuentes;30;7;116.1
324;0;Leales / Frecuentes;17;8;166.79999999999998
325;2;Campeones / VIP;9;9;221.1
326;2;Campeones / VIP;31;10;623.3
327;2;Campeones / VIP;124;14;455.5
328;2;Campeones / VIP;121;11;214.2
329;0;Leales / Frecuentes;121;5;345.59999999999997
330;0;Leales / Frecuentes;47;5;132.95499999999998
331;2;Campeones / VIP;1;6;383.4
332;2;Campeones / VIP;3;6;390.51
333;0;Leales / Frecuentes;131;5;256.5
334;2;Campeones / VIP;151;8;399.5
335;3;Nuevos / Esporádicos;359;4;111.4
336;0;Leales / Frecuentes;174;6;339.6
337;0;Leales / Frecuentes;135;4;323.21
338;1;En Riesgo / Inactivos;49;14;583.4
339;3;Nuevos / Esporádicos;416;2;23.7
340;2;Campeones / VIP;42;8;236.60000000000002
341;0;Leales / Frecuentes;192;8;198.8
342;0;Leales / Frecuentes;211;2;117.39999999999999
343;0;Leales / Frecuentes;205;7;302.63
344;2;Campeones / VIP;220;7;533.465
345;0;Leales / Frecuentes;118;4;158.5
346;0;Leales / Frecuentes;49;6;138.2
347;0;Leales / Frecuentes;255;2;18.1
348;2;Campeones / VIP;76;10;173.9
349;0;Leales / Frecuentes;6;6;129.5
350;0;Leales / Frecuentes;31;5;88.9
351;0;Leales / Frecuentes;166;6;141.82
352;2;Campeones / VIP;24;9;290.3
353;3;Nuevos / Esporádicos;723;1;27.799999999999997
354;0;Leales / Frecuentes;18;6;230.9
355;2;Campeones / VIP;17;9;626.0
356;0;Leales / Frecuentes;180;3;155.9
357;3;Nuevos / Esporádicos;374;4;44.7
358;3;Nuevos / Esporádicos;723;1;14.700000000000001
359;2;Campeones / VIP;22;13;380.59999999999997
360;1;En Riesgo / Inactivos;9;13;613.0
361;3;Nuevos / Esporádicos;495;2;127.29999999999998
362;0;Leales / Frecuentes;65;5;102.69999999999999
363;0;Leales / Frecuentes;19;3;263.09999999999997
364;0;Leales / Frecuentes;137;6;123.8
365;0;Leales / Frecuentes;62;4;185.4
366;3;Nuevos / Esporádicos;296;3;86.9
367;0;Leales / Frecuentes;186;5;125.39999999999999
368;2;Campeones / VIP;24;14;343.65
369;0;Leales / Frecuentes;39;3;74.0
370;3;Nuevos / Esporádicos;348;3;77.6
371;0;Leales / Frecuentes;87;4;234.89999999999998
372;1;En Riesgo / Inactivos;62;11;706.71
373;3;Nuevos / Esporádicos;611;2;37.6
374;0;Leales / Frecuentes;164;5;296.5
375;2;Campeones / VIP;150;11;307.2
376;0;Leales / Frecuentes;132;2;120.7
377;2;Campeones / VIP;4;12;387.25
378;0;Leales / Frecuentes;92;4;80.60999999999999
379;1;En Riesgo / Inactivos;4;26;1080.965
380;0;Leales / Frecuentes;57;4;83.3
381;3;Nuevos / Esporádicos;295;4;177.3
382;2;Campeones / VIP;29;8;338.924
383;0;Leales / Frecuentes;121;3;95.6
384;0;Leales / Frecuentes;61;4;250.2
385;1;En Riesgo / Inactivos;20;14;706.884
386;0;Leales / Frecuentes;126;6;146.8
387;0;Leales / Frecuentes;171;4;249.5
388;0;Leales / Frecuentes;164;5;241.2
389;2;Campeones / VIP;36;15;330.4
390;1;En Riesgo / Inactivos;68;13;697.21
391;0;Leales / Frecuentes;75;6;197.50000000000003
392;0;Leales / Frecuentes;20;5;109.39999999999999
393;0;Leales / Frecuentes;218;6;130.8
394;2;Campeones / VIP;18;7;291.2
395;2;Campeones / VIP;31;12;357.92
396;1;En Riesgo / Inactivos;19;14;486.59999999999997
397;3;Nuevos / Esporádicos;447;3;28.01
398;0;Leales / Frecuentes;244;4;181.7
399;1;En Riesgo / Inactivos;0;14;565.8679999999999
400;2;Campeones / VIP;57;9;311.6
401;0;Leales / Frecuentes;112;4;101.0
402;2;Campeones / VIP;3;11;537.1999999999999
403;2;Campeones / VIP;120;10;358.6
404;1;En Riesgo / Inactivos;20;18;1010.62
405;2;Campeones / VIP;111;8;242.89999999999998
406;2;Campeones / VIP;62;9;154.4
407;0;Leales / Frecuentes;75;4;220.7
408;3;Nuevos / Esporádicos;483;2;13.100000000000001
409;1;En Riesgo / Inactivos;170;13;921.525
410;1;En Riesgo / Inactivos;2;17;575.85
411;0;Leales / Frecuentes;15;5;114.8
412;0;Leales / Frecuentes;103;6;135.4
413;0;Leales / Frecuentes;94;5;118.3
414;3;Nuevos / Esporádicos;558;2;51.99999999999999
415;0;Leales / Frecuentes;82;2;78.92
416;0;Leales / Frecuentes;86;7;131.255
417;2;Campeones / VIP;32;9;346.3
418;0;Leales / Frecuentes;0;5;63.8
419;0;Leales / Frecuentes;165;3;41.6
420;1;En Riesgo / Inactivos;189;9;764.9000000000001
421;2;Campeones / VIP;18;9;263.7
422;1;En Riesgo / Inactivos;3;14;521.81
423;1;En Riesgo / Inactivos;58;15;474.23
424;0;Leales / Frecuentes;22;3;374.3
425;0;Leales / Frecuentes;144;5;122.5
426;2;Campeones / VIP;4;13;485.5
427;2;Campeones / VIP;3;9;534.9
428;0;Leales / Frecuentes;252;6;400.145
429;0;Leales / Frecuentes;178;3;83.0
430;0;Leales / Frecuentes;65;7;93.7
431;3;Nuevos / Esporádicos;318;2;170.9
432;0;Leales / Frecuentes;242;4;114.7
433;0;Leales / Frecuentes;22;5;105.2
434;1;En Riesgo / Inactivos;26;19;1123.7
435;0;Leales / Frecuentes;2;6;271.5
436;0;Leales / Frecuentes;74;4;103.4
437;0;Leales / Frecuentes;140;7;186.13
438;2;Campeones / VIP;72;8;316.7
439;0;Leales / Frecuentes;63;2;489.20000000000005
440;2;Campeones / VIP;28;7;257.9
441;3;Nuevos / Esporádicos;528;3;38.400000000000006
442;2;Campeones / VIP;59;8;215.55
443;3;Nuevos / Esporádicos;490;2;18.6
444;0;Leales / Frecuentes;18;7;227.6
445;2;Campeones / VIP;166;8;281.7
446;0;Leales / Frecuentes;60;5;151.015
447;1;En Riesgo / Inactivos;26;12;757.15
448;0;Leales / Frecuentes;103;4;194.4
449;3;Nuevos / Esporádicos;417;5;251.0
450;0;Leales / Frecuentes;105;4;193.8
451;0;Leales / Frecuentes;168;6;65.2
452;0;Leales / Frecuentes;47;5;85.10000000000001
453;0;Leales / Frecuentes;53;7;164.4
454;0;Leales / Frecuentes;122;8;199.5
455;2;Campeones / VIP;8;11;483.5
456;2;Campeones / VIP;108;10;258.5
457;2;Campeones / VIP;11;15;421.5
458;2;Campeones / VIP;55;10;278.25
459;0;Leales / Frecuentes;81;5;272.3
460;2;Campeones / VIP;104;9;359.5
461;3;Nuevos / Esporádicos;386;2;58.5
462;0;Leales / Frecuentes;105;5;153.6
463;3;Nuevos / Esporádicos;522;3;122.6
464;0;Leales / Frecuentes;278;8;288.4
465;0;Leales / Frecuentes;114;3;124.9
466;1;En Riesgo / Inactivos;12;18;701.288
467;2;Campeones / VIP;60;11;223.4
468;0;Leales / Frecuentes;211;7;218.8
469;1;En Riesgo / Inactivos;22;14;511.0
470;2;Campeones / VIP;108;8;458.2
471;1;En Riesgo / Inactivos;133;14;706.7
472;3;Nuevos / Esporádicos;609;2;97.1
473;1;En Riesgo / Inactivos;55;11;904.9
474;2;Campeones / VIP;24;9;521.6999999999999
475;1;En Riesgo / Inactivos;53;17;532.592
476;3;Nuevos / Esporádicos;467;2;63.2
477;2;Campeones / VIP;53;10;536.7
478;0;Leales / Frecuentes;76;2;320.1
479;1;En Riesgo / Inactivos;34;13;810.31
480;3;Nuevos / Esporádicos;339;2;19.8
481;0;Leales / Frecuentes;37;7;116.80000000000001
482;3;Nuevos / Esporádicos;442;2;29.89
483;0;Leales / Frecuentes;31;3;26.700000000000003
484;0;Leales / Frecuentes;13;5;141.5
485;0;Leales / Frecuentes;170;3;63.5
486;2;Campeones / VIP;47;7;297.0
487;1;En Riesgo / Inactivos;37;11;731.44
488;0;Leales / Frecuentes;173;6;204.39999999999998
489;0;Leales / Frecuentes;31;4;97.3
490;0;Leales / Frecuentes;99;7;220.6
491;0;Leales / Frecuentes;296;4;285.516
492;3;Nuevos / Esporádicos;720;1;61.4
493;0;Leales / Frecuentes;231;4;135.6
494;2;Campeones / VIP;51;14;370.89
495;0;Leales / Frecuentes;49;4;138.4
496;0;Leales / Frecuentes;2;5;109.69999999999999
497;3;Nuevos / Esporádicos;370;4;171.60399999999998
498;0;Leales / Frecuentes;29;7;189.7
499;3;Nuevos / Esporádicos;330;3;65.0
500;1;En Riesgo / Inactivos;17;13;580.9
501;0;Leales / Frecuentes;51;4;170.3
502;3;Nuevos / Esporádicos;719;1;21.5
503;2;Campeones / VIP;40;9;420.8
504;2;Campeones / VIP;108;8;444.4
505;0;Leales / Frecuentes;75;6;182.7
506;0;Leales / Frecuentes;236;4;179.0
507;1;En Riesgo / Inactivos;50;17;994.4
508;3;Nuevos / Esporádicos;268;2;33.099999999999994
509;2;Campeones / VIP;26;10;522.4000000000001
510;1;En Riesgo / Inactivos;92;12;858.3000000000001
511;0;Leales / Frecuentes;2;7;143.13
512;2;Campeones / VIP;91;11;366.76
513;2;Campeones / VIP;25;10;515.0
514;1;En Riesgo / Inactivos;15;15;498.5
515;1;En Riesgo / Inactivos;148;13;937.8
516;2;Campeones / VIP;16;7;272.3
517;0;Leales / Frecuentes;282;5;162.6
518;2;Campeones / VIP;61;13;205.096
519;2;Campeones / VIP;153;7;310.1
520;2;Campeones / VIP;13;10;539.6999999999999
521;0;Leales / Frecuentes;265;4;305.6
522;3;Nuevos / Esporádicos;608;2;68.5
523;0;Leales / Frecuentes;243;4;104.39999999999999
524;0;Leales / Frecuentes;125;6;210.39999999999998
525;0;Leales / Frecuentes;71;3;64.9
526;2;Campeones / VIP;103;9;190.5
527;3;Nuevos / Esporádicos;493;3;27.9
528;3;Nuevos / Esporádicos;422;4;96.0
529;1;En Riesgo / Inactivos;33;14;509.15
530;0;Leales / Frecuentes;160;4;147.5
531;0;Leales / Frecuentes;48;5;206.93
532;1;En Riesgo / Inactivos;69;19;805.865
533;2;Campeones / VIP;57;10;346.29999999999995
534;3;Nuevos / Esporádicos;719;1;8.9
535;2;Campeones / VIP;76;11;374.21
536;2;Campeones / VIP;126;7;416.7
537;0;Leales / Frecuentes;183;6;212.8
538;1;En Riesgo / Inactivos;1;13;732.5
539;2;Campeones / VIP;74;10;268.852
540;3;Nuevos / Esporádicos;719;1;114.3
541;0;Leales / Frecuentes;163;4;157.5
542;2;Campeones / VIP;40;12;433.3
543;2;Campeones / VIP;16;8;233.1
544;1;En Riesgo / Inactivos;14;12;662.89
545;2;Campeones / VIP;56;10;235.6
546;2;Campeones / VIP;14;8;529.6999999999999
547;2;Campeones / VIP;32;11;315.1
548;0;Leales / Frecuentes;82;2;49.6
549;0;Leales / Frecuentes;2;6;113.5
550;3;Nuevos / Esporádicos;439;2;270.09999999999997
551;1;En Riesgo / Inactivos;2;17;601.2
552;0;Leales / Frecuentes;120;4;150.4
553;2;Campeones / VIP;64;11;536.3
554;2;Campeones / VIP;3;6;408.9
555;1;En Riesgo / Inactivos;116;7;875.9000000000001
556;0;Leales / Frecuentes;277;7;152.5
557;0;Leales / Frecuentes;121;5;124.3
558;2;Campeones / VIP;15;8;420.5
559;0;Leales / Frecuentes;76;6;264.4
560;0;Leales / Frecuentes;23;5;142.18
561;2;Campeones / VIP;1;6;370.912
562;0;Leales / Frecuentes;80;7;87.2
563;3;Nuevos / Esporádicos;317;5;58.3
564;2;Campeones / VIP;65;9;270.7
565;1;En Riesgo / Inactivos;9;6;1015.3000000000001
566;2;Campeones / VIP;63;8;285.656
567;0;Leales / Frecuentes;226;4;138.8
568;3;Nuevos / Esporádicos;345;4;181.7
569;1;En Riesgo / Inactivos;24;15;451.12
570;1;En Riesgo / Inactivos;67;12;617.1999999999999
571;3;Nuevos / Esporádicos;718;1;3.2
572;0;Leales / Frecuentes;104;4;209.60000000000002
573;2;Campeones / VIP;34;9;418.9
574;2;Campeones / VIP;215;12;251.0
575;3;Nuevos / Esporádicos;482;3;108.19999999999999
576;0;Leales / Frecuentes;258;4;156.1
577;2;Campeones / VIP;72;9;273.3
578;3;Nuevos / Esporádicos;337;2;36.5
579;0;Leales / Frecuentes;23;3;250.79999999999998
580;0;Leales / Frecuentes;175;6;171.43
581;3;Nuevos / Esporádicos;615;2;73.3
582;0;Leales / Frecuentes;153;4;190.2
583;2;Campeones / VIP;143;9;572.8
584;2;Campeones / VIP;93;8;324.8
585;3;Nuevos / Esporádicos;718;1;23.700000000000003
586;2;Campeones / VIP;29;8;429.0
587;0;Leales / Frecuentes;142;3;131.7
588;3;Nuevos / Esporádicos;318;3;179.5
589;1;En Riesgo / Inactivos;25;11;961.3
590;1;En Riesgo / Inactivos;10;12;588.4
591;0;Leales / Frecuentes;292;4;213.9
592;0;Leales / Frecuentes;162;3;105.2
593;0;Leales / Frecuentes;163;6;132.055
594;2;Campeones / VIP;72;13;471.1
595;0;Leales / Frecuentes;159;5;200.8
596;1;En Riesgo / Inactivos;11;18;591.1
597;0;Leales / Frecuentes;26;3;95.9
598;0;Leales / Frecuentes;7;4;65.9
599;0;Leales / Frecuentes;205;6;262.3
600;1;En Riesgo / Inactivos;68;14;618.0
601;2;Campeones / VIP;241;8;345.31
602;0;Leales / Frecuentes;121;8;128.2
603;1;En Riesgo / Inactivos;37;19;906.92
604;0;Leales / Frecuentes;52;4;54.9
605;0;Leales / Frecuentes;0;6;235.20000000000002
606;3;Nuevos / Esporádicos;717;1;111.6
607;2;Campeones / VIP;40;12;343.5
608;0;Leales / Frecuentes;153;7;248.10000000000002
609;2;Campeones / VIP;16;11;475.3
610;2;Campeones / VIP;192;10;287.12
611;1;En Riesgo / Inactivos;64;12;873.1
612;2;Campeones / VIP;10;6;438.29999999999995
613;0;Leales / Frecuentes;94;4;135.3
614;3;Nuevos / Esporádicos;489;2;116.89999999999999
615;0;Leales / Frecuentes;0;5;284.0
616;0;Leales / Frecuentes;83;4;135.32999999999998
617;3;Nuevos / Esporádicos;459;2;9.0
618;0;Leales / Frecuentes;1;3;137.8
619;2;Campeones / VIP;90;10;285.148
620;0;Leales / Frecuentes;146;3;196.2
621;0;Leales / Frecuentes;183;2;82.6
622;0;Leales / Frecuentes;226;3;197.2
623;3;Nuevos / Esporádicos;410;4;159.7
624;0;Leales / Frecuentes;14;2;66.6
625;0;Leales / Frecuentes;0;4;47.752
626;2;Campeones / VIP;27;14;379.0
627;0;Leales / Frecuentes;149;7;135.5
628;1;En Riesgo / Inactivos;3;16;558.9
629;0;Leales / Frecuentes;91;4;148.8
630;1;En Riesgo / Inactivos;22;18;777.3
631;0;Leales / Frecuentes;77;5;135.4
632;2;Campeones / VIP;14;6;414.15000000000003
633;0;Leales / Frecuentes;10;6;191.79999999999998
634;0;Leales / Frecuentes;71;4;65.3
635;0;Leales / Frecuentes;55;6;259.5
636;3;Nuevos / Esporádicos;395;4;54.0
637;0;Leales / Frecuentes;53;3;42.0
638;1;En Riesgo / Inactivos;30;12;658.312
639;3;Nuevos / Esporádicos;275;2;59.3
640;0;Leales / Frecuentes;189;5;262.1
641;0;Leales / Frecuentes;103;2;124.6
642;0;Leales / Frecuentes;141;3;82.0
643;2;Campeones / VIP;36;8;412.85
644;2;Campeones / VIP;209;7;422.40000000000003
645;2;Campeones / VIP;11;8;255.7
646;0;Leales / Frecuentes;92;4;100.31
647;1;En Riesgo / Inactivos;3;16;418.86
648;2;Campeones / VIP;3;12;359.01
649;1;En Riesgo / Inactivos;1;16;774.225
650;3;Nuevos / Esporádicos;368;3;168.2
651;2;Campeones / VIP;54;10;347.45
652;2;Campeones / VIP;149;10;343.1
653;0;Leales / Frecuentes;154;6;347.9
654;2;Campeones / VIP;26;12;376.2
655;3;Nuevos / Esporádicos;716;1;40.8
656;0;Leales / Frecuentes;176;5;206.91
657;0;Leales / Frecuentes;198;6;210.98000000000002
658;3;Nuevos / Esporádicos;458;2;62.099999999999994
659;0;Leales / Frecuentes;19;4;125.71
660;3;Nuevos / Esporádicos;486;2;28.0
661;2;Campeones / VIP;71;8;350.5
662;0;Leales / Frecuentes;30;5;157.73
663;3;Nuevos / Esporádicos;268;2;54.699999999999996
664;2;Campeones / VIP;7;10;405.71
665;0;Leales / Frecuentes;28;4;162.8
666;0;Leales / Frecuentes;46;7;200.8
667;0;Leales / Frecuentes;139;5;134.6
668;0;Leales / Frecuentes;52;7;230.1
669;1;En Riesgo / Inactivos;0;17;628.5720000000001
670;1;En Riesgo / Inactivos;4;12;747.9
671;0;Leales / Frecuentes;203;5;336.2
672;2;Campeones / VIP;18;9;677.5
673;0;Leales / Frecuentes;179;2;7.9
674;2;Campeones / VIP;182;7;357.2
675;0;Leales / Frecuentes;199;3;282.8
676;0;Leales / Frecuentes;175;3;230.4
677;2;Campeones / VIP;164;13;503.565
678;0;Leales / Frecuentes;240;6;161.1
679;2;Campeones / VIP;160;8;321.865
680;0;Leales / Frecuentes;25;2;19.7
681;2;Campeones / VIP;39;12;527.2199999999999
682;0;Leales / Frecuentes;10;5;132.41
683;0;Leales / Frecuentes;129;5;206.4
684;3;Nuevos / Esporádicos;286;3;105.16399999999999
685;0;Leales / Frecuentes;107;5;246.89999999999998
686;2;Campeones / VIP;30;11;530.6
687;0;Leales / Frecuentes;11;4;119.8
688;2;Campeones / VIP;245;15;305.1
689;2;Campeones / VIP;13;8;280.7
690;2;Campeones / VIP;120;8;679.0
691;3;Nuevos / Esporádicos;310;5;182.28
692;0;Leales / Frecuentes;84;2;45.9
693;0;Leales / Frecuentes;72;5;132.4
694;0;Leales / Frecuentes;112;3;124.6
695;0;Leales / Frecuentes;183;5;265.2
696;3;Nuevos / Esporádicos;491;3;64.11
697;3;Nuevos / Esporádicos;607;2;30.9
698;0;Leales / Frecuentes;140;5;222.19
699;0;Leales / Frecuentes;24;4;152.6
700;0;Leales / Frecuentes;223;5;281.1
701;1;En Riesgo / Inactivos;5;18;843.264
702;3;Nuevos / Esporádicos;385;3;275.7
703;0;Leales / Frecuentes;72;3;164.6
704;2;Campeones / VIP;10;12;529.74
705;0;Leales / Frecuentes;81;5;278.4
706;0;Leales / Frecuentes;124;2;13.4
707;1;En Riesgo / Inactivos;18;18;580.704
708;3;Nuevos / Esporádicos;510;2;44.7
709;0;Leales / Frecuentes;41;4;33.3
710;2;Campeones / VIP;14;11;165.9
711;2;Campeones / VIP;159;7;429.95
712;2;Campeones / VIP;11;14;380.36
713;0;Leales / Frecuentes;114;4;50.599999999999994
714;0;Leales / Frecuentes;79;2;137.70000000000002
715;3;Nuevos / Esporádicos;380;3;151.6
716;2;Campeones / VIP;23;10;243.74
717;2;Campeones / VIP;38;13;440.35999999999996
718;0;Leales / Frecuentes;12;5;81.8
719;2;Campeones / VIP;137;7;357.5
720;0;Leales / Frecuentes;58;6;117.17999999999999
721;0;Leales / Frecuentes;16;4;332.6
722;0;Leales / Frecuentes;194;2;41.7
723;2;Campeones / VIP;43;10;433.3
724;0;Leales / Frecuentes;129;4;290.09999999999997
725;0;Leales / Frecuentes;58;3;30.61
726;2;Campeones / VIP;15;8;302.83000000000004
727;0;Leales / Frecuentes;27;6;156.4
728;2;Campeones / VIP;39;4;897.3000000000001
729;0;Leales / Frecuentes;35;5;181.29999999999998
730;2;Campeones / VIP;14;11;371.7
731;0;Leales / Frecuentes;79;8;113.912
732;0;Leales / Frecuentes;216;4;87.3
733;0;Leales / Frecuentes;67;3;85.30999999999999
734;0;Leales / Frecuentes;5;3;234.428
735;1;En Riesgo / Inactivos;11;18;405.33
736;2;Campeones / VIP;6;12;290.3
737;0;Leales / Frecuentes;27;7;231.75
738;0;Leales / Frecuentes;33;3;146.1
739;1;En Riesgo / Inactivos;68;13;626.15
740;0;Leales / Frecuentes;81;6;131.3
741;2;Campeones / VIP;20;5;399.7
742;1;En Riesgo / Inactivos;7;11;832.088
743;3;Nuevos / Esporádicos;558;4;192.42000000000002
744;3;Nuevos / Esporádicos;564;2;24.700000000000003
745;0;Leales / Frecuentes;182;6;237.2
746;0;Leales / Frecuentes;151;8;172.6
747;3;Nuevos / Esporádicos;336;2;100.5
748;2;Campeones / VIP;80;9;381.4
749;3;Nuevos / Esporádicos;714;1;12.9
750;2;Campeones / VIP;131;10;346.71
751;2;Campeones / VIP;50;9;475.5
752;0;Leales / Frecuentes;128;7;216.5
753;0;Leales / Frecuentes;21;7;156.92
754;2;Campeones / VIP;7;7;326.4
755;2;Campeones / VIP;2;9;376.1
756;0;Leales / Frecuentes;79;6;240.71
757;1;En Riesgo / Inactivos;19;10;678.93
758;0;Leales / Frecuentes;15;7;190.21999999999997
759;0;Leales / Frecuentes;96;6;95.7
760;0;Leales / Frecuentes;5;3;110.9
761;2;Campeones / VIP;34;8;271.8
762;2;Campeones / VIP;13;8;241.5
763;3;Nuevos / Esporádicos;375;2;49.5
764;0;Leales / Frecuentes;17;6;107.0
765;2;Campeones / VIP;27;8;580.18
766;3;Nuevos / Esporádicos;388;6;135.3
767;0;Leales / Frecuentes;172;7;238.1
768;3;Nuevos / Esporádicos;320;2;213.6
769;0;Leales / Frecuentes;107;5;135.89999999999998
770;1;En Riesgo / Inactivos;259;12;600.2
771;1;En Riesgo / Inactivos;3;23;808.7
772;0;Leales / Frecuentes;74;5;170.8
773;0;Leales / Frecuentes;52;5;134.5
774;0;Leales / Frecuentes;244;2;135.7
775;1;En Riesgo / Inactivos;43;16;731.215
776;3;Nuevos / Esporádicos;352;2;115.19999999999999
777;3;Nuevos / Esporádicos;337;6;115.0
778;1;En Riesgo / Inactivos;17;7;976.2
779;2;Campeones / VIP;197;10;413.7
780;0;Leales / Frecuentes;24;4;34.2
781;2;Campeones / VIP;28;3;558.4100000000001
782;0;Leales / Frecuentes;66;8;155.9
783;0;Leales / Frecuentes;252;5;196.0
784;0;Leales / Frecuentes;263;2;153.4
785;2;Campeones / VIP;58;9;172.6
786;2;Campeones / VIP;21;10;296.5
787;2;Campeones / VIP;96;7;319.9
788;0;Leales / Frecuentes;294;5;114.10000000000001
789;0;Leales / Frecuentes;181;8;220.89999999999998
790;0;Leales / Frecuentes;55;8;180.04
791;2;Campeones / VIP;127;11;578.75
792;2;Campeones / VIP;9;11;440.7
793;0;Leales / Frecuentes;99;3;61.1
794;2;Campeones / VIP;56;12;502.22999999999996
795;0;Leales / Frecuentes;158;2;101.6
796;3;Nuevos / Esporádicos;294;2;72.14
797;2;Campeones / VIP;46;10;304.6
798;0;Leales / Frecuentes;26;4;102.0
799;0;Leales / Frecuentes;127;5;104.23
800;2;Campeones / VIP;108;9;256.896
801;0;Leales / Frecuentes;147;7;281.2
802;2;Campeones / VIP;13;5;650.9
803;0;Leales / Frecuentes;111;7;230.92000000000002
804;0;Leales / Frecuentes;57;4;116.89999999999999
805;2;Campeones / VIP;22;6;490.9
806;1;En Riesgo / Inactivos;62;19;664.62
807;2;Campeones / VIP;68;11;409.6
808;1;En Riesgo / Inactivos;6;18;421.0
809;3;Nuevos / Esporádicos;374;3;38.08
810;2;Campeones / VIP;162;5;467.11
811;3;Nuevos / Esporádicos;441;2;65.03
812;3;Nuevos / Esporádicos;353;4;167.2
813;3;Nuevos / Esporádicos;712;1;37.6
814;2;Campeones / VIP;27;13;349.0
815;2;Campeones / VIP;70;7;308.0
816;2;Campeones / VIP;44;8;263.81
817;3;Nuevos / Esporádicos;457;3;74.0
818;0;Leales / Frecuentes;186;4;258.9
819;0;Leales / Frecuentes;273;2;191.44
820;0;Leales / Frecuentes;107;7;183.232
821;0;Leales / Frecuentes;126;2;78.6
822;1;En Riesgo / Inactivos;18;19;648.134
823;0;Leales / Frecuentes;134;4;59.7
824;0;Leales / Frecuentes;7;3;111.02
825;0;Leales / Frecuentes;11;4;79.87
826;2;Campeones / VIP;87;9;401.79999999999995
827;0;Leales / Frecuentes;46;6;114.8
828;2;Campeones / VIP;134;8;427.18
829;2;Campeones / VIP;45;9;193.7
830;3;Nuevos / Esporádicos;444;3;72.5
831;0;Leales / Frecuentes;11;6;170.8
832;0;Leales / Frecuentes;13;3;242.29999999999998
833;2;Campeones / VIP;67;13;437.8
834;1;En Riesgo / Inactivos;32;13;1203.7
835;0;Leales / Frecuentes;62;7;184.1
836;2;Campeones / VIP;310;7;526.9
837;1;En Riesgo / Inactivos;1;22;649.0
838;2;Campeones / VIP;272;5;487.6
839;0;Leales / Frecuentes;60;5;264.55
840;0;Leales / Frecuentes;126;4;86.60000000000001
841;1;En Riesgo / Inactivos;50;15;432.5
842;0;Leales / Frecuentes;71;7;217.6
843;0;Leales / Frecuentes;69;5;192.5
844;0;Leales / Frecuentes;6;6;250.8
845;0;Leales / Frecuentes;29;3;130.27
846;0;Leales / Frecuentes;181;3;53.099999999999994
847;0;Leales / Frecuentes;218;7;300.0
848;0;Leales / Frecuentes;125;4;64.3
849;2;Campeones / VIP;1;10;403.12
850;2;Campeones / VIP;8;14;289.85
851;0;Leales / Frecuentes;142;5;137.73
852;3;Nuevos / Esporádicos;502;3;48.4
853;2;Campeones / VIP;26;8;218.92000000000002
854;3;Nuevos / Esporádicos;288;3;74.4
855;3;Nuevos / Esporádicos;434;2;29.799999999999997
856;0;Leales / Frecuentes;49;2;40.3
857;0;Leales / Frecuentes;182;4;445.5
858;2;Campeones / VIP;21;10;252.07999999999998
859;0;Leales / Frecuentes;145;2;22.8
860;0;Leales / Frecuentes;79;6;162.5
861;2;Campeones / VIP;0;6;511.49999999999994
862;0;Leales / Frecuentes;135;2;5.0
863;0;Leales / Frecuentes;65;5;155.43999999999997
864;2;Campeones / VIP;12;11;348.81
865;2;Campeones / VIP;81;12;306.958
866;0;Leales / Frecuentes;152;2;44.5
867;0;Leales / Frecuentes;78;2;33.21
868;3;Nuevos / Esporádicos;711;1;23.4
869;2;Campeones / VIP;56;9;473.45
870;0;Leales / Frecuentes;120;5;142.3
871;1;En Riesgo / Inactivos;1;12;599.324
872;0;Leales / Frecuentes;142;6;234.29999999999998
873;3;Nuevos / Esporádicos;319;5;228.5
874;2;Campeones / VIP;5;8;247.64
875;0;Leales / Frecuentes;54;3;128.6
876;2;Campeones / VIP;10;7;529.52
877;0;Leales / Frecuentes;115;3;405.3
878;3;Nuevos / Esporádicos;381;2;149.1
879;0;Leales / Frecuentes;95;2;151.2
880;0;Leales / Frecuentes;32;2;76.5
881;0;Leales / Frecuentes;18;6;144.1
882;0;Leales / Frecuentes;101;2;43.4
883;2;Campeones / VIP;8;9;300.5
884;3;Nuevos / Esporádicos;711;1;57.6
885;2;Campeones / VIP;3;9;390.22400000000005
886;1;En Riesgo / Inactivos;7;16;503.56
887;0;Leales / Frecuentes;69;6;125.7
888;0;Leales / Frecuentes;27;7;132.9
889;2;Campeones / VIP;47;14;441.99999999999994
890;2;Campeones / VIP;91;10;395.98499999999996
891;2;Campeones / VIP;40;9;555.2
892;2;Campeones / VIP;36;9;622.53
893;2;Campeones / VIP;7;8;341.62
894;2;Campeones / VIP;13;14;465.0
895;1;En Riesgo / Inactivos;51;19;649.3
896;2;Campeones / VIP;10;7;371.2
897;2;Campeones / VIP;33;8;422.7
898;0;Leales / Frecuentes;25;4;62.28
899;0;Leales / Frecuentes;35;8;167.1
900;2;Campeones / VIP;7;13;442.24
901;3;Nuevos / Esporádicos;297;4;145.4
902;2;Campeones / VIP;129;9;217.6
903;2;Campeones / VIP;1;12;534.72
904;0;Leales / Frecuentes;12;3;125.89999999999999
905;2;Campeones / VIP;92;10;651.11
906;0;Leales / Frecuentes;269;5;366.5
907;2;Campeones / VIP;34;9;240.7
908;1;En Riesgo / Inactivos;3;13;609.86
909;2;Campeones / VIP;143;11;526.5
910;0;Leales / Frecuentes;19;2;68.6
911;2;Campeones / VIP;41;13;370.7
912;2;Campeones / VIP;65;5;704.82
913;2;Campeones / VIP;4;6;312.4
914;3;Nuevos / Esporádicos;462;4;26.91
915;3;Nuevos / Esporádicos;710;1;67.8
916;3;Nuevos / Esporádicos;433;2;48.82
917;0;Leales / Frecuentes;6;5;65.7
918;3;Nuevos / Esporádicos;710;1;21.6
919;0;Leales / Frecuentes;123;3;55.1
920;0;Leales / Frecuentes;14;5;104.3
921;1;En Riesgo / Inactivos;115;12;615.1
922;2;Campeones / VIP;4;8;540.6
923;2;Campeones / VIP;30;10;637.8000000000001
924;2;Campeones / VIP;33;8;277.0
925;1;En Riesgo / Inactivos;111;15;848.596
926;2;Campeones / VIP;5;9;181.134
927;3;Nuevos / Esporádicos;339;3;484.05
928;1;En Riesgo / Inactivos;29;20;967.4
929;0;Leales / Frecuentes;136;2;71.7
930;2;Campeones / VIP;115;9;302.0
931;3;Nuevos / Esporádicos;603;2;59.400000000000006
932;0;Leales / Frecuentes;147;4;186.1
933;2;Campeones / VIP;11;12;346.9
934;0;Leales / Frecuentes;245;3;169.49999999999997
935;3;Nuevos / Esporádicos;366;5;60.019999999999996
936;0;Leales / Frecuentes;2;6;181.4
937;2;Campeones / VIP;135;11;534.0
938;0;Leales / Frecuentes;79;9;126.4
939;2;Campeones / VIP;67;10;633.1
940;2;Campeones / VIP;181;9;197.5
941;2;Campeones / VIP;19;12;473.9
942;0;Leales / Frecuentes;166;7;281.4
943;2;Campeones / VIP;9;7;318.2
944;2;Campeones / VIP;22;11;510.2
945;0;Leales / Frecuentes;51;7;163.95000000000002
946;0;Leales / Frecuentes;19;7;133.5
947;0;Leales / Frecuentes;154;3;317.9
948;2;Campeones / VIP;26;12;298.1
949;3;Nuevos / Esporádicos;454;4;97.3
950;0;Leales / Frecuentes;95;3;167.4
951;0;Leales / Frecuentes;9;6;223.18
952;0;Leales / Frecuentes;107;2;38.15
953;0;Leales / Frecuentes;58;6;294.34
954;2;Campeones / VIP;256;8;328.2
955;3;Nuevos / Esporádicos;400;3;92.69999999999999
956;0;Leales / Frecuentes;209;2;99.6
957;2;Campeones / VIP;39;13;317.2
958;0;Leales / Frecuentes;27;3;56.8
959;2;Campeones / VIP;1;8;541.5
960;0;Leales / Frecuentes;5;5;123.64399999999999
961;0;Leales / Frecuentes;27;2;11.4
962;0;Leales / Frecuentes;3;7;202.89999999999998
963;3;Nuevos / Esporádicos;311;2;57.10000000000001
964;0;Leales / Frecuentes;167;6;304.33
965;2;Campeones / VIP;20;12;487.22399999999993
966;3;Nuevos / Esporádicos;335;2;20.9
967;2;Campeones / VIP;24;8;244.42
968;0;Leales / Frecuentes;176;5;125.89999999999999
969;2;Campeones / VIP;52;9;348.09999999999997
970;0;Leales / Frecuentes;155;6;247.23
971;0;Leales / Frecuentes;6;5;343.9
972;3;Nuevos / Esporádicos;709;1;16.3
973;3;Nuevos / Esporádicos;480;2;214.4
974;0;Leales / Frecuentes;197;3;163.39999999999998
975;2;Campeones / VIP;67;10;230.2
976;2;Campeones / VIP;37;10;502.4
977;2;Campeones / VIP;48;9;203.6
978;1;En Riesgo / Inactivos;42;14;580.4
979;1;En Riesgo / Inactivos;34;12;771.38
980;0;Leales / Frecuentes;42;6;159.3
981;2;Campeones / VIP;6;7;271.90999999999997
982;2;Campeones / VIP;80;10;241.71200000000002
983;2;Campeones / VIP;107;12;338.53
984;2;Campeones / VIP;33;8;266.2
985;3;Nuevos / Esporádicos;328;4;133.4
986;0;Leales / Frecuentes;164;5;413.59999999999997
987;0;Leales / Frecuentes;148;7;231.0
988;0;Leales / Frecuentes;25;2;343.3
989;0;Leales / Frecuentes;114;5;105.0
990;0;Leales / Frecuentes;202;3;164.43
991;2;Campeones / VIP;41;9;460.88
992;2;Campeones / VIP;1;11;395.94
993;2;Campeones / VIP;34;11;288.26
994;2;Campeones / VIP;4;9;352.7
995;1;En Riesgo / Inactivos;18;13;595.6949999999999
996;0;Leales / Frecuentes;91;5;53.300000000000004
997;0;Leales / Frecuentes;151;5;178.2
998;2;Campeones / VIP;57;8;260.84999999999997
999;2;Campeones / VIP;37;7;267.93
1000;0;Leales / Frecuentes;129;7;180.70999999999998
1001;3;Nuevos / Esporádicos;354;2;12.3
1002;0;Leales / Frecuentes;157;3;170.18
1003;0;Leales / Frecuentes;143;8;92.6
1004;2;Campeones / VIP;247;7;796.6800000000001
1005;2;Campeones / VIP;2;17;309.82
1006;2;Campeones / VIP;14;8;352.75
1007;3;Nuevos / Esporádicos;319;3;284.832
1008;2;Campeones / VIP;124;7;355.44000000000005
1009;1;En Riesgo / Inactivos;38;16;747.23
1010;0;Leales / Frecuentes;110;3;93.4
1011;3;Nuevos / Esporádicos;393;3;66.3
1012;1;En Riesgo / Inactivos;62;17;1066.0
1013;2;Campeones / VIP;48;11;304.7
1014;1;En Riesgo / Inactivos;24;12;831.53
1015;0;Leales / Frecuentes;26;6;104.10000000000001
1016;0;Leales / Frecuentes;144;3;27.9
1017;0;Leales / Frecuentes;59;6;153.1
1018;2;Campeones / VIP;87;10;266.71
1019;2;Campeones / VIP;12;5;473.59999999999997
1020;2;Campeones / VIP;170;12;509.7
1021;2;Campeones / VIP;199;7;509.05800000000005
1022;3;Nuevos / Esporádicos;424;4;105.3
1023;3;Nuevos / Esporádicos;708;1;49.6
1024;3;Nuevos / Esporádicos;348;4;211.02999999999997
1025;3;Nuevos / Esporádicos;486;4;186.7
1026;0;Leales / Frecuentes;181;4;122.80000000000001
1027;0;Leales / Frecuentes;38;4;221.2
1028;0;Leales / Frecuentes;164;7;294.82800000000003
1029;2;Campeones / VIP;6;7;250.5
1030;0;Leales / Frecuentes;6;5;69.3
1031;1;En Riesgo / Inactivos;22;14;497.4
1032;0;Leales / Frecuentes;19;2;44.3
1033;0;Leales / Frecuentes;159;5;271.28
1034;2;Campeones / VIP;12;10;214.12
1035;2;Campeones / VIP;88;8;316.7
1036;1;En Riesgo / Inactivos;265;16;1030.24
1037;3;Nuevos / Esporádicos;437;2;19.1
1038;0;Leales / Frecuentes;145;3;87.7
1039;1;En Riesgo / Inactivos;10;18;661.025
1040;0;Leales / Frecuentes;123;6;202.04
1041;3;Nuevos / Esporádicos;343;2;265.5
1042;2;Campeones / VIP;89;11;311.4
1043;0;Leales / Frecuentes;226;6;86.60000000000001
1044;3;Nuevos / Esporádicos;382;2;107.1
1045;0;Leales / Frecuentes;176;4;154.8
1046;2;Campeones / VIP;86;9;329.21
1047;3;Nuevos / Esporádicos;334;6;242.41
1048;3;Nuevos / Esporádicos;707;1;4.5
1049;0;Leales / Frecuentes;23;2;237.29999999999998
1050;1;En Riesgo / Inactivos;19;8;849.0799999999999
1051;0;Leales / Frecuentes;170;3;121.5
1052;0;Leales / Frecuentes;25;5;150.2
1053;1;En Riesgo / Inactivos;9;14;704.42
1054;0;Leales / Frecuentes;104;3;144.0
1055;2;Campeones / VIP;23;9;189.5
1056;2;Campeones / VIP;26;8;258.8
1057;0;Leales / Frecuentes;23;6;214.1
1058;0;Leales / Frecuentes;87;7;114.54
1059;2;Campeones / VIP;2;8;240.4
1060;0;Leales / Frecuentes;228;3;50.1
1061;2;Campeones / VIP;11;9;243.4
1062;0;Leales / Frecuentes;206;5;203.3
1063;2;Campeones / VIP;45;8;340.12
1064;3;Nuevos / Esporádicos;707;1;22.9
1065;3;Nuevos / Esporádicos;515;2;90.2
1066;0;Leales / Frecuentes;217;6;98.6
1067;0;Leales / Frecuentes;271;4;150.6
1068;0;Leales / Frecuentes;174;9;177.12
1069;1;En Riesgo / Inactivos;30;15;446.40999999999997
1070;2;Campeones / VIP;20;6;461.05
1071;0;Leales / Frecuentes;9;3;101.2
1072;0;Leales / Frecuentes;3;4;142.3
1073;2;Campeones / VIP;10;8;435.5
1074;3;Nuevos / Esporádicos;531;2;29.099999999999998
1075;2;Campeones / VIP;9;10;419.9
1076;2;Campeones / VIP;16;9;335.90000000000003
1077;0;Leales / Frecuentes;29;6;213.9
1078;3;Nuevos / Esporádicos;707;1;4.7
1079;0;Leales / Frecuentes;122;5;389.0
1080;0;Leales / Frecuentes;112;5;73.58800000000001
1081;0;Leales / Frecuentes;187;4;106.7
1082;0;Leales / Frecuentes;161;3;76.8
1083;0;Leales / Frecuentes;158;8;173.14999999999998
1084;3;Nuevos / Esporádicos;463;2;76.8
1085;0;Leales / Frecuentes;191;4;374.0
1086;2;Campeones / VIP;23;9;281.4
1087;0;Leales / Frecuentes;54;6;128.7
1088;0;Leales / Frecuentes;231;4;233.79999999999998
1089;2;Campeones / VIP;38;12;177.0
1090;0;Leales / Frecuentes;184;4;74.9
1091;2;Campeones / VIP;15;13;408.68600000000004
1092;3;Nuevos / Esporádicos;359;8;373.3
1093;0;Leales / Frecuentes;17;6;243.7
1094;1;En Riesgo / Inactivos;47;10;920.52
1095;3;Nuevos / Esporádicos;383;4;145.8
1096;3;Nuevos / Esporádicos;507;2;77.1
1097;0;Leales / Frecuentes;224;2;37.38
1098;0;Leales / Frecuentes;29;4;299.44
1099;0;Leales / Frecuentes;45;7;121.032
1100;0;Leales / Frecuentes;58;5;120.8
1101;0;Leales / Frecuentes;106;5;84.60000000000001
1102;0;Leales / Frecuentes;54;7;220.41
1103;0;Leales / Frecuentes;145;3;131.4
1104;0;Leales / Frecuentes;145;5;183.29999999999998
1105;0;Leales / Frecuentes;113;4;188.89999999999998
1106;1;En Riesgo / Inactivos;86;15;542.9
1107;2;Campeones / VIP;164;9;451.25
1108;1;En Riesgo / Inactivos;193;9;733.2
1109;1;En Riesgo / Inactivos;20;9;736.5
1110;2;Campeones / VIP;31;10;343.4
1111;0;Leales / Frecuentes;24;6;113.4
1112;3;Nuevos / Esporádicos;520;2;46.8
1113;3;Nuevos / Esporádicos;500;2;91.2
1114;2;Campeones / VIP;46;10;508.32
1115;0;Leales / Frecuentes;228;4;116.5
1116;3;Nuevos / Esporádicos;286;2;12.8
1117;2;Campeones / VIP;73;11;245.48
1118;2;Campeones / VIP;74;6;821.1
1119;2;Campeones / VIP;19;11;567.3000000000001
1120;0;Leales / Frecuentes;38;3;208.89999999999998
1121;0;Leales / Frecuentes;108;5;98.3
1122;0;Leales / Frecuentes;139;6;141.6
1123;2;Campeones / VIP;40;12;226.0
1124;0;Leales / Frecuentes;136;8;225.4
1125;2;Campeones / VIP;65;8;274.735
1126;3;Nuevos / Esporádicos;305;3;158.4
1127;2;Campeones / VIP;0;7;280.64
1128;3;Nuevos / Esporádicos;474;2;42.8
1129;0;Leales / Frecuentes;50;4;166.4
1130;0;Leales / Frecuentes;159;7;296.2
1131;0;Leales / Frecuentes;30;2;22.099999999999998
1132;2;Campeones / VIP;6;9;299.5
1133;1;En Riesgo / Inactivos;7;19;581.39
1134;0;Leales / Frecuentes;118;3;158.79999999999998
1135;2;Campeones / VIP;1;9;162.2
1136;2;Campeones / VIP;8;10;455.59999999999997
1137;0;Leales / Frecuentes;16;4;66.7
1138;2;Campeones / VIP;158;9;422.31
1139;3;Nuevos / Esporádicos;381;2;72.3
1140;0;Leales / Frecuentes;17;6;236.6
1141;2;Campeones / VIP;236;11;387.245
1142;2;Campeones / VIP;1;11;509.7
1143;2;Campeones / VIP;139;6;513.1
1144;0;Leales / Frecuentes;27;3;133.5
1145;0;Leales / Frecuentes;31;3;171.4
1146;2;Campeones / VIP;22;9;406.71999999999997
1147;2;Campeones / VIP;70;10;294.86
1148;1;En Riesgo / Inactivos;13;12;1033.4
1149;1;En Riesgo / Inactivos;39;13;905.652
1150;2;Campeones / VIP;2;10;178.0
1151;0;Leales / Frecuentes;136;5;127.3
1152;3;Nuevos / Esporádicos;498;2;111.20000000000002
1153;3;Nuevos / Esporádicos;343;3;49.7
1154;2;Campeones / VIP;61;9;301.22999999999996
1155;2;Campeones / VIP;46;9;331.59999999999997
1156;3;Nuevos / Esporádicos;499;2;65.64999999999999
1157;2;Campeones / VIP;185;7;508.9
1158;0;Leales / Frecuentes;75;3;66.72
1159;1;En Riesgo / Inactivos;46;16;933.02
1160;3;Nuevos / Esporádicos;705;1;6.5
1161;2;Campeones / VIP;68;10;372.8
1162;0;Leales / Frecuentes;12;4;244.7
1163;0;Leales / Frecuentes;11;7;92.53999999999999
1164;1;En Riesgo / Inactivos;97;12;912.6
1165;1;En Riesgo / Inactivos;39;12;570.025
1166;0;Leales / Frecuentes;45;6;141.59999999999997
1167;3;Nuevos / Esporádicos;335;4;127.8
1168;1;En Riesgo / Inactivos;183;11;655.7
1169;0;Leales / Frecuentes;76;5;258.9
1170;0;Leales / Frecuentes;36;5;89.7
1171;0;Leales / Frecuentes;97;6;324.6
1172;2;Campeones / VIP;71;9;208.1
1173;2;Campeones / VIP;38;7;383.09999999999997
1174;0;Leales / Frecuentes;247;3;410.90000000000003
1175;0;Leales / Frecuentes;67;3;58.2
1176;2;Campeones / VIP;21;11;306.59999999999997
1177;0;Leales / Frecuentes;3;5;196.808
1178;0;Leales / Frecuentes;164;3;28.314999999999998
1179;2;Campeones / VIP;279;5;576.6
1180;2;Campeones / VIP;15;10;489.2
1181;2;Campeones / VIP;224;8;469.347
1182;3;Nuevos / Esporádicos;600;2;120.9
1183;0;Leales / Frecuentes;18;6;165.4
1184;3;Nuevos / Esporádicos;486;2;23.700000000000003
1185;3;Nuevos / Esporádicos;444;2;51.300000000000004
1186;3;Nuevos / Esporádicos;280;3;38.4
1187;3;Nuevos / Esporádicos;266;2;36.71
1188;2;Campeones / VIP;18;14;455.59999999999997
1189;3;Nuevos / Esporádicos;704;1;26.700000000000003
1190;2;Campeones / VIP;233;8;464.2
1191;3;Nuevos / Esporádicos;430;3;33.6
1192;3;Nuevos / Esporádicos;443;3;182.32
1193;2;Campeones / VIP;222;10;270.3
1194;0;Leales / Frecuentes;244;5;91.5
1195;2;Campeones / VIP;57;9;443.96799999999996
1196;3;Nuevos / Esporádicos;341;4;102.2
1197;1;En Riesgo / Inactivos;17;12;684.6
1198;0;Leales / Frecuentes;95;5;325.7
1199;1;En Riesgo / Inactivos;49;15;491.01
1200;2;Campeones / VIP;8;7;253.12
1201;0;Leales / Frecuentes;193;3;85.6
1202;0;Leales / Frecuentes;5;3;105.80000000000001
1203;2;Campeones / VIP;0;9;426.7
1204;2;Campeones / VIP;221;9;391.2
1205;2;Campeones / VIP;2;6;428.62
1206;2;Campeones / VIP;16;7;281.8
1207;2;Campeones / VIP;186;12;495.93
1208;0;Leales / Frecuentes;16;5;230.8
1209;2;Campeones / VIP;15;9;192.76
1210;3;Nuevos / Esporádicos;307;3;20.4
1211;3;Nuevos / Esporádicos;276;2;130.6
1212;0;Leales / Frecuentes;3;6;125.6
1213;2;Campeones / VIP;10;12;414.904
1214;0;Leales / Frecuentes;0;5;158.81
1215;0;Leales / Frecuentes;158;8;194.7
1216;0;Leales / Frecuentes;263;3;100.4
1217;1;En Riesgo / Inactivos;204;12;1105.666
1218;1;En Riesgo / Inactivos;45;9;771.98
1219;0;Leales / Frecuentes;90;3;67.3
1220;0;Leales / Frecuentes;108;4;214.8
1221;2;Campeones / VIP;96;5;405.4
1222;0;Leales / Frecuentes;66;5;79.5
1223;0;Leales / Frecuentes;5;4;208.7
1224;0;Leales / Frecuentes;25;5;193.57
1225;0;Leales / Frecuentes;18;8;136.8
1226;3;Nuevos / Esporádicos;303;2;36.81
1227;0;Leales / Frecuentes;168;3;23.9
1228;0;Leales / Frecuentes;36;5;252.6
1229;1;En Riesgo / Inactivos;21;9;784.0880000000001
1230;0;Leales / Frecuentes;78;7;219.0
1231;0;Leales / Frecuentes;1;5;71.6
1232;0;Leales / Frecuentes;165;3;113.4
1233;2;Campeones / VIP;16;8;284.52
1234;1;En Riesgo / Inactivos;4;15;436.9
1235;1;En Riesgo / Inactivos;16;11;958.6
1236;2;Campeones / VIP;50;9;407.40000000000003
1237;0;Leales / Frecuentes;181;4;64.9
1238;1;En Riesgo / Inactivos;4;9;985.8
1239;1;En Riesgo / Inactivos;18;16;2119.1
1240;0;Leales / Frecuentes;225;3;138.2
1241;0;Leales / Frecuentes;104;4;345.9
1242;2;Campeones / VIP;2;11;354.156
1243;0;Leales / Frecuentes;141;6;163.4
1244;0;Leales / Frecuentes;80;5;91.89999999999999
1245;0;Leales / Frecuentes;10;5;235.0
1246;0;Leales / Frecuentes;39;3;99.3
1247;2;Campeones / VIP;74;11;259.0
1248;2;Campeones / VIP;116;7;310.5
1249;0;Leales / Frecuentes;5;6;163.9
1250;0;Leales / Frecuentes;212;6;133.2
1251;0;Leales / Frecuentes;160;2;77.4
1252;0;Leales / Frecuentes;153;4;131.8
1253;1;En Riesgo / Inactivos;57;18;854.52
1254;2;Campeones / VIP;30;6;323.6
1255;1;En Riesgo / Inactivos;175;7;921.51
1256;2;Campeones / VIP;30;5;374.59999999999997
1257;2;Campeones / VIP;117;13;384.956
1258;1;En Riesgo / Inactivos;2;19;1093.8
1259;0;Leales / Frecuentes;45;2;52.41
1260;2;Campeones / VIP;4;10;457.45
1261;2;Campeones / VIP;210;10;278.7
1262;0;Leales / Frecuentes;113;7;198.38400000000001
1263;0;Leales / Frecuentes;70;4;95.10000000000001
1264;0;Leales / Frecuentes;166;5;208.84799999999998
1265;0;Leales / Frecuentes;42;2;119.6
1266;2;Campeones / VIP;20;7;251.3
1267;3;Nuevos / Esporádicos;437;4;77.3
1268;0;Leales / Frecuentes;6;5;106.9
1269;0;Leales / Frecuentes;23;5;85.2
1270;0;Leales / Frecuentes;117;2;277.8
1271;2;Campeones / VIP;35;11;428.5
1272;0;Leales / Frecuentes;146;4;139.10000000000002
1273;1;En Riesgo / Inactivos;16;22;1044.5
1274;0;Leales / Frecuentes;36;3;34.3
1275;0;Leales / Frecuentes;18;4;364.875
1276;3;Nuevos / Esporádicos;405;2;36.5
1277;0;Leales / Frecuentes;127;6;285.09999999999997
1278;2;Campeones / VIP;248;9;254.82
1279;2;Campeones / VIP;22;9;206.0
1280;3;Nuevos / Esporádicos;526;2;110.69999999999999
1281;2;Campeones / VIP;16;6;327.40000000000003
1282;3;Nuevos / Esporádicos;372;2;50.3
1283;2;Campeones / VIP;21;10;307.6
1284;0;Leales / Frecuentes;179;2;105.89999999999999
1285;3;Nuevos / Esporádicos;375;5;211.1
1286;0;Leales / Frecuentes;207;5;375.20000000000005
1287;2;Campeones / VIP;17;6;381.5
1288;1;En Riesgo / Inactivos;86;20;765.24
1289;2;Campeones / VIP;17;11;432.18
1290;0;Leales / Frecuentes;14;5;121.89999999999999
1291;0;Leales / Frecuentes;46;5;161.2
1292;3;Nuevos / Esporádicos;389;5;178.4
1293;2;Campeones / VIP;28;13;241.84
1294;2;Campeones / VIP;102;7;375.34999999999997
1295;0;Leales / Frecuentes;108;2;47.0
1296;0;Leales / Frecuentes;13;2;36.44
1297;0;Leales / Frecuentes;152;2;38.64
1298;3;Nuevos / Esporádicos;322;3;97.1
1299;2;Campeones / VIP;7;8;475.1
1300;2;Campeones / VIP;13;13;499.7
1301;1;En Riesgo / Inactivos;100;10;747.8
1302;0;Leales / Frecuentes;36;2;32.6
1303;0;Leales / Frecuentes;42;5;190.2
1304;2;Campeones / VIP;137;9;421.65
1305;2;Campeones / VIP;86;8;308.59
1306;1;En Riesgo / Inactivos;15;11;623.4
1307;1;En Riesgo / Inactivos;89;11;982.5
1308;0;Leales / Frecuentes;265;4;130.1
1309;2;Campeones / VIP;132;9;428.9
1310;1;En Riesgo / Inactivos;110;11;783.9
1311;2;Campeones / VIP;71;13;383.45
1312;0;Leales / Frecuentes;61;5;99.82
1313;0;Leales / Frecuentes;110;7;130.115
1314;0;Leales / Frecuentes;100;5;230.89999999999998
1315;0;Leales / Frecuentes;118;3;474.8
1316;2;Campeones / VIP;15;11;421.03
1317;0;Leales / Frecuentes;185;3;118.5
1318;0;Leales / Frecuentes;22;7;175.3
1319;0;Leales / Frecuentes;86;7;82.4
1320;0;Leales / Frecuentes;71;8;198.7
1321;3;Nuevos / Esporádicos;514;2;19.46
1322;0;Leales / Frecuentes;128;3;67.0
1323;0;Leales / Frecuentes;39;3;183.7
1324;2;Campeones / VIP;40;8;195.3
1325;3;Nuevos / Esporádicos;376;3;34.2
1326;0;Leales / Frecuentes;51;6;201.1
1327;2;Campeones / VIP;18;13;497.32
1328;0;Leales / Frecuentes;133;3;29.04
1329;2;Campeones / VIP;9;12;465.10499999999996
1330;3;Nuevos / Esporádicos;562;2;58.33
1331;3;Nuevos / Esporádicos;480;2;47.6
1332;0;Leales / Frecuentes;70;8;121.50999999999999
1333;0;Leales / Frecuentes;37;6;259.79999999999995
1334;0;Leales / Frecuentes;36;7;145.165
1335;2;Campeones / VIP;58;9;486.9
1336;0;Leales / Frecuentes;92;5;173.2
1337;0;Leales / Frecuentes;17;6;111.5
1338;1;En Riesgo / Inactivos;7;19;1191.325
1339;2;Campeones / VIP;12;11;306.33
1340;0;Leales / Frecuentes;1;4;85.3
1341;0;Leales / Frecuentes;61;4;173.6
1342;2;Campeones / VIP;49;13;484.62
1343;0;Leales / Frecuentes;91;5;89.3
1344;2;Campeones / VIP;33;7;417.3
1345;2;Campeones / VIP;177;13;499.51
1346;2;Campeones / VIP;49;11;345.3
1347;2;Campeones / VIP;15;8;261.824
1348;0;Leales / Frecuentes;252;3;173.3
1349;2;Campeones / VIP;8;9;392.59999999999997
1350;3;Nuevos / Esporádicos;372;4;201.5
1351;0;Leales / Frecuentes;25;5;139.0
1352;3;Nuevos / Esporádicos;467;3;69.6
1353;3;Nuevos / Esporádicos;700;1;6.5
1354;0;Leales / Frecuentes;33;3;212.7
1355;2;Campeones / VIP;52;10;231.7
1356;2;Campeones / VIP;1;12;317.315
1357;0;Leales / Frecuentes;213;5;179.25
1358;0;Leales / Frecuentes;175;6;289.6
1359;1;En Riesgo / Inactivos;14;13;723.6
1360;1;En Riesgo / Inactivos;111;12;658.0
1361;3;Nuevos / Esporádicos;348;3;80.9
1362;0;Leales / Frecuentes;1;4;134.2
1363;0;Leales / Frecuentes;168;5;81.71000000000001
1364;1;En Riesgo / Inactivos;27;11;662.7
1365;2;Campeones / VIP;83;9;390.4
1366;2;Campeones / VIP;48;8;380.6
1367;0;Leales / Frecuentes;164;5;160.0
1368;0;Leales / Frecuentes;171;5;131.2
1369;0;Leales / Frecuentes;101;3;131.7
1370;2;Campeones / VIP;8;6;529.8000000000001
1371;0;Leales / Frecuentes;39;4;160.9
1372;0;Leales / Frecuentes;18;6;162.6
1373;2;Campeones / VIP;45;13;345.59999999999997
1374;0;Leales / Frecuentes;22;6;218.2
1375;0;Leales / Frecuentes;173;4;117.2
1376;2;Campeones / VIP;60;10;139.2
1377;2;Campeones / VIP;63;10;376.068
1378;0;Leales / Frecuentes;163;5;150.10000000000002
1379;3;Nuevos / Esporádicos;295;3;77.5
1380;3;Nuevos / Esporádicos;450;2;31.41
1381;0;Leales / Frecuentes;71;5;322.0
1382;2;Campeones / VIP;153;8;283.2
1383;0;Leales / Frecuentes;103;4;393.6
1384;3;Nuevos / Esporádicos;349;3;569.3000000000001
1385;0;Leales / Frecuentes;7;4;126.0
1386;2;Campeones / VIP;3;11;349.26
1387;0;Leales / Frecuentes;193;5;238.6
1388;1;En Riesgo / Inactivos;7;17;632.64
1389;0;Leales / Frecuentes;47;2;49.300000000000004
1390;3;Nuevos / Esporádicos;334;4;184.5
1391;3;Nuevos / Esporádicos;376;3;196.1
1392;1;En Riesgo / Inactivos;22;18;645.55
1393;2;Campeones / VIP;182;10;262.6
1394;0;Leales / Frecuentes;246;4;58.900000000000006
1395;0;Leales / Frecuentes;2;6;183.2
1396;0;Leales / Frecuentes;8;7;176.9
1397;0;Leales / Frecuentes;74;3;40.6
1398;0;Leales / Frecuentes;87;4;60.599999999999994
1399;0;Leales / Frecuentes;86;3;269.0
1400;3;Nuevos / Esporádicos;381;3;80.60000000000001
1401;2;Campeones / VIP;170;9;541.3
1402;1;En Riesgo / Inactivos;62;13;650.6
1403;0;Leales / Frecuentes;102;7;174.9
1404;3;Nuevos / Esporádicos;481;3;59.400000000000006
1405;2;Campeones / VIP;30;6;385.1
1406;2;Campeones / VIP;56;8;574.4
1407;2;Campeones / VIP;21;11;286.09999999999997
1408;0;Leales / Frecuentes;154;4;115.89999999999999
1409;2;Campeones / VIP;17;9;302.4
1410;0;Leales / Frecuentes;7;3;61.9
1411;1;En Riesgo / Inactivos;0;17;591.56
1412;2;Campeones / VIP;3;10;562.0
1413;0;Leales / Frecuentes;150;5;286.29999999999995
1414;1;En Riesgo / Inactivos;12;12;814.5
1415;1;En Riesgo / Inactivos;24;16;785.02
1416;2;Campeones / VIP;30;9;374.09999999999997
1417;0;Leales / Frecuentes;62;3;345.5
1418;0;Leales / Frecuentes;157;2;24.075
1419;1;En Riesgo / Inactivos;8;13;556.8679999999999
1420;2;Campeones / VIP;27;9;258.9
1421;2;Campeones / VIP;95;13;253.7
1422;2;Campeones / VIP;58;7;262.515
1423;0;Leales / Frecuentes;19;7;122.365
1424;0;Leales / Frecuentes;42;4;404.5
1425;2;Campeones / VIP;109;6;459.21
1426;0;Leales / Frecuentes;13;4;127.89999999999999
1427;1;En Riesgo / Inactivos;56;10;937.81
1428;1;En Riesgo / Inactivos;123;12;928.1
1429;1;En Riesgo / Inactivos;38;19;757.895
1430;2;Campeones / VIP;66;10;379.29999999999995
1431;1;En Riesgo / Inactivos;4;13;554.4
1432;3;Nuevos / Esporádicos;419;3;84.5
1433;3;Nuevos / Esporádicos;355;2;143.6
1434;2;Campeones / VIP;34;8;235.76000000000002
1435;0;Leales / Frecuentes;123;3;85.3
1436;2;Campeones / VIP;87;7;291.8
1437;3;Nuevos / Esporádicos;699;1;4.7
1438;2;Campeones / VIP;89;5;441.5
1439;0;Leales / Frecuentes;177;6;122.39999999999999
1440;2;Campeones / VIP;33;7;252.7
1441;3;Nuevos / Esporádicos;333;2;86.7
1442;2;Campeones / VIP;21;12;212.8
1443;3;Nuevos / Esporádicos;488;2;41.0
1444;0;Leales / Frecuentes;202;4;83.6
1445;3;Nuevos / Esporádicos;343;4;140.1
1446;2;Campeones / VIP;144;12;346.9
1447;2;Campeones / VIP;3;10;492.8
1448;0;Leales / Frecuentes;199;3;105.4
1449;0;Leales / Frecuentes;3;4;195.648
1450;0;Leales / Frecuentes;50;5;88.69999999999999
1451;2;Campeones / VIP;36;9;175.62
1452;2;Campeones / VIP;62;10;458.09999999999997
1453;0;Leales / Frecuentes;91;5;351.4
1454;2;Campeones / VIP;2;8;178.9
1455;1;En Riesgo / Inactivos;183;11;718.06
1456;0;Leales / Frecuentes;98;6;97.0
1457;0;Leales / Frecuentes;17;7;159.3
1458;0;Leales / Frecuentes;72;6;118.89999999999999
1459;0;Leales / Frecuentes;163;7;207.29999999999998
1460;0;Leales / Frecuentes;17;7;238.77999999999997
1461;0;Leales / Frecuentes;45;5;199.39999999999998
1462;2;Campeones / VIP;50;14;316.3
1463;2;Campeones / VIP;84;8;699.7
1464;0;Leales / Frecuentes;10;4;60.8
1465;2;Campeones / VIP;1;13;307.71999999999997
1466;0;Leales / Frecuentes;62;4;25.8
1467;0;Leales / Frecuentes;105;2;62.199999999999996
1468;2;Campeones / VIP;3;9;252.4
1469;3;Nuevos / Esporádicos;432;2;11.100000000000001
1470;2;Campeones / VIP;78;5;462.7
1471;0;Leales / Frecuentes;88;3;60.9
1472;3;Nuevos / Esporádicos;343;5;149.1
1473;0;Leales / Frecuentes;151;6;291.5
1474;0;Leales / Frecuentes;186;8;180.8
1475;3;Nuevos / Esporádicos;544;3;50.6
1476;0;Leales / Frecuentes;64;7;125.8
1477;3;Nuevos / Esporádicos;304;3;37.699999999999996
1478;2;Campeones / VIP;35;9;423.0
1479;0;Leales / Frecuentes;69;3;210.7
1480;2;Campeones / VIP;16;12;354.448
1481;2;Campeones / VIP;33;8;540.8
1482;2;Campeones / VIP;19;9;493.96000000000004
1483;1;En Riesgo / Inactivos;26;21;862.3
1484;1;En Riesgo / Inactivos;99;7;967.3000000000001
1485;2;Campeones / VIP;94;8;286.4
1486;2;Campeones / VIP;44;10;458.5
1487;1;En Riesgo / Inactivos;8;16;534.798
1488;0;Leales / Frecuentes;285;4;529.9000000000001
1489;0;Leales / Frecuentes;34;7;161.0
1490;0;Leales / Frecuentes;95;6;150.84
1491;3;Nuevos / Esporádicos;298;4;70.7
1492;3;Nuevos / Esporádicos;408;2;296.9
1493;0;Leales / Frecuentes;29;6;151.6
1494;3;Nuevos / Esporádicos;378;5;142.74
1495;2;Campeones / VIP;80;9;582.7700000000001
1496;2;Campeones / VIP;43;13;439.7
1497;0;Leales / Frecuentes;24;3;175.8
1498;0;Leales / Frecuentes;28;5;298.4
1499;2;Campeones / VIP;21;11;451.59999999999997
1500;2;Campeones / VIP;206;9;713.4
1501;0;Leales / Frecuentes;24;5;127.89999999999999
1502;2;Campeones / VIP;10;8;464.36
1503;3;Nuevos / Esporádicos;697;1;48.8
1504;2;Campeones / VIP;117;11;495.998
1505;2;Campeones / VIP;20;11;423.5
1506;3;Nuevos / Esporádicos;370;4;205.3
1507;0;Leales / Frecuentes;174;5;52.25
1508;0;Leales / Frecuentes;178;6;313.59999999999997
1509;0;Leales / Frecuentes;193;4;55.7
1510;1;En Riesgo / Inactivos;16;25;1870.22
1511;0;Leales / Frecuentes;62;6;224.29999999999998
1512;0;Leales / Frecuentes;267;5;255.2
1513;2;Campeones / VIP;104;8;226.72
1514;2;Campeones / VIP;49;9;291.71999999999997
1515;0;Leales / Frecuentes;151;3;95.5
1516;2;Campeones / VIP;49;11;278.9
1517;2;Campeones / VIP;9;10;233.1
1518;2;Campeones / VIP;12;12;525.35
1519;3;Nuevos / Esporádicos;333;4;63.3
1520;0;Leales / Frecuentes;174;3;20.8
1521;3;Nuevos / Esporádicos;365;2;52.699999999999996
1522;0;Leales / Frecuentes;155;3;60.6
1523;2;Campeones / VIP;278;10;613.6
1524;0;Leales / Frecuentes;31;7;184.0
1525;3;Nuevos / Esporádicos;697;1;2.3
1526;0;Leales / Frecuentes;186;5;261.4
1527;1;En Riesgo / Inactivos;21;21;721.9
1528;2;Campeones / VIP;39;8;295.90000000000003
1529;2;Campeones / VIP;155;7;381.8
1530;0;Leales / Frecuentes;264;3;158.1
1531;0;Leales / Frecuentes;18;6;193.0
1532;3;Nuevos / Esporádicos;393;2;75.69999999999999
1533;0;Leales / Frecuentes;5;4;118.2
1534;0;Leales / Frecuentes;46;3;212.2
1535;0;Leales / Frecuentes;226;4;57.5
1536;2;Campeones / VIP;43;9;501.4
1537;2;Campeones / VIP;13;9;536.6
1538;1;En Riesgo / Inactivos;67;12;674.9
1539;2;Campeones / VIP;21;9;679.1999999999999
1540;0;Leales / Frecuentes;62;5;151.9
1541;2;Campeones / VIP;65;9;334.3
1542;0;Leales / Frecuentes;143;2;172.0
1543;0;Leales / Frecuentes;97;7;249.1
1544;2;Campeones / VIP;64;7;333.7
1545;2;Campeones / VIP;33;10;496.2
1546;0;Leales / Frecuentes;260;5;87.8
1547;0;Leales / Frecuentes;208;6;258.0
1548;2;Campeones / VIP;46;7;290.25600000000003
1549;2;Campeones / VIP;40;7;477.9
1550;0;Leales / Frecuentes;154;8;122.77
1551;2;Campeones / VIP;60;6;767.6
1552;2;Campeones / VIP;38;7;290.2
1553;0;Leales / Frecuentes;193;4;124.6
1554;0;Leales / Frecuentes;19;6;81.0
1555;0;Leales / Frecuentes;243;5;130.6
1556;1;En Riesgo / Inactivos;9;13;1202.5
1557;0;Leales / Frecuentes;96;4;183.7
1558;2;Campeones / VIP;209;9;231.4
1559;2;Campeones / VIP;26;9;309.5
1560;0;Leales / Frecuentes;109;5;209.89999999999998
1561;0;Leales / Frecuentes;219;4;99.0
1562;1;En Riesgo / Inactivos;29;16;968.9
1563;0;Leales / Frecuentes;143;4;116.22
1564;2;Campeones / VIP;14;11;259.6
1565;0;Leales / Frecuentes;38;5;256.915
1566;0;Leales / Frecuentes;0;8;115.0
1567;1;En Riesgo / Inactivos;95;16;819.71
1568;0;Leales / Frecuentes;53;4;319.5
1569;0;Leales / Frecuentes;6;4;62.800000000000004
1570;2;Campeones / VIP;29;10;315.0
1571;2;Campeones / VIP;9;11;442.64
1572;0;Leales / Frecuentes;54;8;152.70000000000002
1573;3;Nuevos / Esporádicos;362;4;65.0
1574;0;Leales / Frecuentes;5;6;221.54000000000002
1575;2;Campeones / VIP;54;9;405.6
1576;2;Campeones / VIP;190;6;386.59999999999997
1577;0;Leales / Frecuentes;16;7;209.75
1578;2;Campeones / VIP;16;13;254.225
1579;2;Campeones / VIP;73;10;608.01
1580;3;Nuevos / Esporádicos;695;1;329.70000000000005
1581;3;Nuevos / Esporádicos;459;2;142.1
1582;0;Leales / Frecuentes;22;4;167.3
1583;0;Leales / Frecuentes;17;7;169.2
1584;0;Leales / Frecuentes;109;5;172.0
1585;0;Leales / Frecuentes;171;6;192.0
1586;2;Campeones / VIP;121;9;246.0
1587;0;Leales / Frecuentes;102;4;252.60000000000002
1588;3;Nuevos / Esporádicos;695;1;15.9
1589;1;En Riesgo / Inactivos;62;14;586.6
1590;2;Campeones / VIP;1;8;443.09999999999997
1591;1;En Riesgo / Inactivos;8;13;821.9
1592;0;Leales / Frecuentes;29;5;357.5
1593;0;Leales / Frecuentes;134;7;185.225
1594;1;En Riesgo / Inactivos;31;18;599.9
1595;2;Campeones / VIP;102;10;476.96999999999997
1596;0;Leales / Frecuentes;102;3;96.19999999999999
1597;2;Campeones / VIP;28;10;299.3
1598;3;Nuevos / Esporádicos;416;3;40.7
1599;0;Leales / Frecuentes;51;2;361.40000000000003
1600;2;Campeones / VIP;221;5;582.7
1601;2;Campeones / VIP;2;11;295.16
1602;1;En Riesgo / Inactivos;55;18;1015.3
1603;2;Campeones / VIP;40;12;496.336
1604;0;Leales / Frecuentes;62;6;92.39999999999999
1605;3;Nuevos / Esporádicos;282;2;59.199999999999996
1606;3;Nuevos / Esporádicos;502;2;60.699999999999996
1607;1;En Riesgo / Inactivos;17;21;654.9
1608;1;En Riesgo / Inactivos;40;14;819.03
1609;0;Leales / Frecuentes;85;6;116.2
1610;2;Campeones / VIP;133;7;628.2
1611;0;Leales / Frecuentes;91;4;248.7
1612;1;En Riesgo / Inactivos;4;21;725.8
1613;2;Campeones / VIP;5;14;416.8
1614;0;Leales / Frecuentes;3;4;147.6
1615;2;Campeones / VIP;5;12;421.8
1616;2;Campeones / VIP;74;10;315.9
1617;3;Nuevos / Esporádicos;609;2;218.60000000000002
1618;0;Leales / Frecuentes;178;2;38.3
1619;0;Leales / Frecuentes;5;7;171.65
1620;0;Leales / Frecuentes;245;3;93.1
1621;0;Leales / Frecuentes;153;3;81.4
1622;3;Nuevos / Esporádicos;411;3;155.2
1623;2;Campeones / VIP;132;7;430.06
1624;3;Nuevos / Esporádicos;322;5;230.5
1625;0;Leales / Frecuentes;168;2;42.7
1626;2;Campeones / VIP;19;10;290.15
1627;2;Campeones / VIP;12;11;419.4
1628;0;Leales / Frecuentes;70;5;225.9
1629;0;Leales / Frecuentes;179;3;85.5
1630;1;En Riesgo / Inactivos;24;14;555.3
1631;0;Leales / Frecuentes;36;5;336.7
1632;2;Campeones / VIP;4;9;494.8
1633;1;En Riesgo / Inactivos;55;11;638.2
1634;2;Campeones / VIP;26;8;201.20000000000002
1635;0;Leales / Frecuentes;20;5;252.5
1636;1;En Riesgo / Inactivos;89;22;574.606
1637;0;Leales / Frecuentes;55;6;251.8
1638;2;Campeones / VIP;31;9;396.2
1639;3;Nuevos / Esporádicos;694;1;2.2
1640;2;Campeones / VIP;130;9;296.09999999999997
1641;2;Campeones / VIP;104;8;262.09999999999997
1642;3;Nuevos / Esporádicos;694;1;64.9
1643;3;Nuevos / Esporádicos;291;2;182.1
1644;0;Leales / Frecuentes;2;5;217.87
1645;0;Leales / Frecuentes;56;8;177.57999999999998
1646;3;Nuevos / Esporádicos;376;3;77.3
1647;2;Campeones / VIP;53;12;538.5
1648;0;Leales / Frecuentes;164;4;97.6
1649;0;Leales / Frecuentes;143;2;229.0
1650;2;Campeones / VIP;39;10;457.4
1651;2;Campeones / VIP;25;14;356.755
1652;0;Leales / Frecuentes;278;6;239.0
1653;0;Leales / Frecuentes;200;4;156.7
1654;3;Nuevos / Esporádicos;386;2;16.4
1655;3;Nuevos / Esporádicos;307;3;154.89999999999998
1656;0;Leales / Frecuentes;4;6;253.7
1657;0;Leales / Frecuentes;176;5;147.3
1658;2;Campeones / VIP;9;8;263.14
1659;0;Leales / Frecuentes;77;4;315.62
1660;2;Campeones / VIP;11;10;377.3
1661;0;Leales / Frecuentes;41;3;119.7
1662;0;Leales / Frecuentes;70;6;184.29999999999998
1663;1;En Riesgo / Inactivos;22;8;777.75
1664;0;Leales / Frecuentes;17;6;263.8
1665;0;Leales / Frecuentes;105;6;146.9
1666;0;Leales / Frecuentes;13;6;139.1
1667;0;Leales / Frecuentes;177;2;136.89999999999998
1668;3;Nuevos / Esporádicos;309;3;65.9
1669;2;Campeones / VIP;32;11;223.3
1670;0;Leales / Frecuentes;167;3;155.45
1671;2;Campeones / VIP;119;8;308.0
1672;2;Campeones / VIP;3;8;180.45499999999998
1673;1;En Riesgo / Inactivos;42;19;1334.2
1674;3;Nuevos / Esporádicos;446;2;64.34
1675;2;Campeones / VIP;135;11;462.2
1676;1;En Riesgo / Inactivos;35;11;1022.2
1677;3;Nuevos / Esporádicos;693;1;16.9
1678;1;En Riesgo / Inactivos;0;11;728.5
1679;0;Leales / Frecuentes;68;6;146.7
1680;0;Leales / Frecuentes;51;5;180.9
1681;0;Leales / Frecuentes;80;4;173.7
1682;2;Campeones / VIP;81;13;384.895
1683;1;En Riesgo / Inactivos;40;14;693.6
1684;0;Leales / Frecuentes;150;5;46.4
1685;2;Campeones / VIP;44;7;338.59999999999997
1686;0;Leales / Frecuentes;178;7;204.5
1687;0;Leales / Frecuentes;178;4;79.3
1688;0;Leales / Frecuentes;78;6;245.60000000000002
1689;0;Leales / Frecuentes;20;5;146.8
1690;1;En Riesgo / Inactivos;48;10;702.3000000000001
1691;2;Campeones / VIP;20;10;202.8
1692;0;Leales / Frecuentes;50;6;111.1
1693;0;Leales / Frecuentes;128;3;128.70000000000002
1694;3;Nuevos / Esporádicos;693;1;38.7
1695;2;Campeones / VIP;151;8;264.0
1696;3;Nuevos / Esporádicos;278;3;67.10000000000001
1697;1;En Riesgo / Inactivos;0;14;489.116
1698;1;En Riesgo / Inactivos;118;13;576.0
1699;2;Campeones / VIP;10;8;283.4
1700;2;Campeones / VIP;85;12;540.6
1701;2;Campeones / VIP;80;7;410.9
1702;1;En Riesgo / Inactivos;50;18;1062.525
1703;3;Nuevos / Esporádicos;535;2;174.39999999999998
1704;0;Leales / Frecuentes;2;6;281.2
1705;0;Leales / Frecuentes;252;2;104.69999999999999
1706;0;Leales / Frecuentes;254;7;340.59999999999997
1707;0;Leales / Frecuentes;21;5;265.8
1708;2;Campeones / VIP;17;9;417.91999999999996
1709;0;Leales / Frecuentes;34;8;182.6
1710;0;Leales / Frecuentes;90;2;66.5
1711;0;Leales / Frecuentes;39;8;186.0
1712;0;Leales / Frecuentes;140;5;194.39999999999998
1713;2;Campeones / VIP;7;12;333.168
1714;2;Campeones / VIP;22;8;240.5
1715;2;Campeones / VIP;7;12;487.775
1716;1;En Riesgo / Inactivos;8;17;579.3
1717;2;Campeones / VIP;116;8;249.04
1718;1;En Riesgo / Inactivos;206;12;883.8
1719;0;Leales / Frecuentes;157;4;27.020000000000003
1720;0;Leales / Frecuentes;69;6;117.8
1721;0;Leales / Frecuentes;47;4;63.300000000000004
1722;2;Campeones / VIP;57;10;437.7
1723;0;Leales / Frecuentes;20;4;88.5
1724;2;Campeones / VIP;0;10;457.5
1725;3;Nuevos / Esporádicos;692;1;25.8
1726;0;Leales / Frecuentes;146;5;341.7
1727;0;Leales / Frecuentes;300;6;318.6
1728;0;Leales / Frecuentes;17;3;88.5
1729;0;Leales / Frecuentes;31;3;44.300000000000004
1730;3;Nuevos / Esporádicos;488;2;66.9
1731;1;En Riesgo / Inactivos;48;14;572.21
1732;0;Leales / Frecuentes;281;4;114.4
1733;2;Campeones / VIP;36;11;383.5
1734;2;Campeones / VIP;136;10;379.3
1735;0;Leales / Frecuentes;267;3;125.9
1736;2;Campeones / VIP;81;5;444.8
1737;0;Leales / Frecuentes;56;5;211.63
1738;0;Leales / Frecuentes;21;5;216.0
1739;2;Campeones / VIP;30;9;207.6
1740;2;Campeones / VIP;100;10;438.90000000000003
1741;0;Leales / Frecuentes;154;4;175.79999999999998
1742;0;Leales / Frecuentes;281;5;190.1
1743;2;Campeones / VIP;118;9;299.59999999999997
1744;2;Campeones / VIP;204;8;649.0
1745;2;Campeones / VIP;48;9;316.199
1746;3;Nuevos / Esporádicos;420;6;308.9
1747;2;Campeones / VIP;166;10;222.80999999999997
1748;0;Leales / Frecuentes;29;5;86.3
1749;1;En Riesgo / Inactivos;7;17;1041.53
1750;0;Leales / Frecuentes;59;4;142.79999999999998
1751;2;Campeones / VIP;30;11;455.1
1752;3;Nuevos / Esporádicos;288;2;9.4
1753;0;Leales / Frecuentes;85;6;181.1
1754;3;Nuevos / Esporádicos;692;1;7.0
1755;0;Leales / Frecuentes;114;7;201.8
1756;2;Campeones / VIP;180;9;293.62
1757;3;Nuevos / Esporádicos;490;2;63.5
1758;1;En Riesgo / Inactivos;21;13;879.0
1759;3;Nuevos / Esporádicos;367;3;144.7
1760;0;Leales / Frecuentes;40;4;52.0
1761;3;Nuevos / Esporádicos;566;2;39.2
1762;0;Leales / Frecuentes;151;7;146.6
1763;0;Leales / Frecuentes;1;2;73.6
1764;2;Campeones / VIP;58;12;446.6
1765;3;Nuevos / Esporádicos;691;1;51.400000000000006
1766;0;Leales / Frecuentes;17;7;97.1
1767;0;Leales / Frecuentes;212;6;310.65
1768;2;Campeones / VIP;210;8;323.0
1769;0;Leales / Frecuentes;180;5;202.0
1770;1;En Riesgo / Inactivos;25;15;455.0
1771;3;Nuevos / Esporádicos;585;2;73.80000000000001
1772;0;Leales / Frecuentes;204;5;211.3
1773;1;En Riesgo / Inactivos;58;15;719.82
1774;0;Leales / Frecuentes;160;6;252.5
1775;0;Leales / Frecuentes;280;5;143.20000000000002
1776;3;Nuevos / Esporádicos;691;1;39.9
1777;2;Campeones / VIP;13;13;473.79999999999995
1778;2;Campeones / VIP;14;8;191.5
1779;3;Nuevos / Esporádicos;691;1;24.9
1780;3;Nuevos / Esporádicos;511;3;86.3
1781;3;Nuevos / Esporádicos;273;3;33.8
1782;2;Campeones / VIP;43;8;299.5
1783;2;Campeones / VIP;49;9;301.9
1784;2;Campeones / VIP;4;13;424.03
1785;3;Nuevos / Esporádicos;691;1;46.6
1786;0;Leales / Frecuentes;258;4;207.9
1787;0;Leales / Frecuentes;160;5;158.7
1788;0;Leales / Frecuentes;123;3;85.0
1789;2;Campeones / VIP;63;7;362.7
1790;2;Campeones / VIP;106;6;402.65999999999997
1791;0;Leales / Frecuentes;257;4;179.6
1792;3;Nuevos / Esporádicos;468;2;56.3
1793;2;Campeones / VIP;99;10;548.0
1794;2;Campeones / VIP;74;9;142.3
1795;0;Leales / Frecuentes;239;5;104.69999999999999
1796;3;Nuevos / Esporádicos;543;2;55.599999999999994
1797;2;Campeones / VIP;48;7;294.5
1798;3;Nuevos / Esporádicos;404;5;174.1
1799;2;Campeones / VIP;192;6;514.2
1800;2;Campeones / VIP;22;13;424.8
1801;2;Campeones / VIP;43;8;334.6
1802;2;Campeones / VIP;143;11;340.92
1803;0;Leales / Frecuentes;165;5;281.5
1804;2;Campeones / VIP;255;3;617.7650000000001
1805;0;Leales / Frecuentes;130;8;169.04
1806;3;Nuevos / Esporádicos;690;1;22.2
1807;2;Campeones / VIP;104;10;527.992
1808;2;Campeones / VIP;74;8;663.8
1809;2;Campeones / VIP;29;9;285.4
1810;2;Campeones / VIP;17;6;303.9
1811;0;Leales / Frecuentes;105;6;232.5
1812;1;En Riesgo / Inactivos;11;25;1086.73
1813;1;En Riesgo / Inactivos;54;15;552.7
1814;0;Leales / Frecuentes;107;8;213.4
1815;0;Leales / Frecuentes;159;6;126.56
1816;0;Leales / Frecuentes;134;4;147.2
1817;2;Campeones / VIP;118;8;282.4
1818;0;Leales / Frecuentes;15;5;98.2
1819;0;Leales / Frecuentes;47;5;117.915
1820;2;Campeones / VIP;7;8;211.52
1821;3;Nuevos / Esporádicos;615;2;52.400000000000006
1822;2;Campeones / VIP;71;13;453.35499999999996
1823;0;Leales / Frecuentes;11;5;222.6
1824;0;Leales / Frecuentes;55;2;81.2
1825;0;Leales / Frecuentes;268;6;115.6
1826;2;Campeones / VIP;41;9;411.5
1827;2;Campeones / VIP;79;8;336.2
1828;0;Leales / Frecuentes;0;7;215.0
1829;0;Leales / Frecuentes;1;7;192.4
1830;0;Leales / Frecuentes;178;4;97.69999999999999
1831;1;En Riesgo / Inactivos;60;12;949.1
1832;0;Leales / Frecuentes;206;6;254.39999999999998
1833;0;Leales / Frecuentes;6;5;66.1
1834;3;Nuevos / Esporádicos;402;5;561.2
1835;0;Leales / Frecuentes;151;3;117.79999999999998
1836;0;Leales / Frecuentes;142;4;267.79999999999995
1837;3;Nuevos / Esporádicos;338;4;78.80000000000001
1838;2;Campeones / VIP;34;10;296.6
1839;3;Nuevos / Esporádicos;485;2;17.2
1840;2;Campeones / VIP;54;10;225.34
1841;1;En Riesgo / Inactivos;6;19;849.8
1842;0;Leales / Frecuentes;44;4;88.6
1843;0;Leales / Frecuentes;30;6;172.1
1844;0;Leales / Frecuentes;267;4;249.7
1845;0;Leales / Frecuentes;253;5;383.1
1846;2;Campeones / VIP;30;12;444.0
1847;2;Campeones / VIP;73;5;501.8
1848;0;Leales / Frecuentes;15;4;206.64000000000001
1849;0;Leales / Frecuentes;5;6;173.7
1850;2;Campeones / VIP;91;12;244.9
1851;1;En Riesgo / Inactivos;16;21;608.6
1852;2;Campeones / VIP;162;10;481.43600000000004
1853;2;Campeones / VIP;111;11;522.19
1854;3;Nuevos / Esporádicos;458;3;67.5
1855;1;En Riesgo / Inactivos;35;18;695.4
1856;0;Leales / Frecuentes;3;6;120.2
1857;0;Leales / Frecuentes;81;4;87.4
1858;1;En Riesgo / Inactivos;49;15;554.0
1859;0;Leales / Frecuentes;75;4;56.699999999999996
1860;2;Campeones / VIP;80;10;478.99999999999994
1861;0;Leales / Frecuentes;213;2;146.1
1862;2;Campeones / VIP;150;8;506.7
1863;2;Campeones / VIP;3;9;251.4
1864;2;Campeones / VIP;63;6;337.90000000000003
1865;3;Nuevos / Esporádicos;322;4;77.7
1866;1;En Riesgo / Inactivos;309;13;1124.5
1867;1;En Riesgo / Inactivos;4;18;517.3
1868;0;Leales / Frecuentes;33;4;60.3
1869;0;Leales / Frecuentes;61;7;213.9
1870;2;Campeones / VIP;63;8;442.2
1871;0;Leales / Frecuentes;165;8;145.2
1872;0;Leales / Frecuentes;16;5;91.5
1873;0;Leales / Frecuentes;114;5;183.588
1874;0;Leales / Frecuentes;27;8;121.2
1875;2;Campeones / VIP;88;8;254.8
1876;0;Leales / Frecuentes;27;6;140.1
1877;2;Campeones / VIP;22;9;252.868
1878;2;Campeones / VIP;5;11;432.38
1879;0;Leales / Frecuentes;12;4;76.1
1880;0;Leales / Frecuentes;22;7;167.12
1881;3;Nuevos / Esporádicos;408;3;247.39999999999998
1882;2;Campeones / VIP;127;8;285.7
1883;0;Leales / Frecuentes;18;4;81.0
1884;1;En Riesgo / Inactivos;72;13;687.3
1885;2;Campeones / VIP;77;9;339.8
1886;0;Leales / Frecuentes;65;4;259.492
1887;2;Campeones / VIP;293;11;317.45
1888;3;Nuevos / Esporádicos;594;2;84.19999999999999
1889;2;Campeones / VIP;43;9;327.374
1890;1;En Riesgo / Inactivos;5;17;411.2
1891;2;Campeones / VIP;53;5;488.71
1892;2;Campeones / VIP;49;7;448.30000000000007
1893;0;Leales / Frecuentes;87;7;154.79999999999998
1894;0;Leales / Frecuentes;99;4;87.30000000000001
1895;0;Leales / Frecuentes;3;6;203.0
1896;2;Campeones / VIP;26;7;557.7
1897;0;Leales / Frecuentes;84;7;250.79999999999998
1898;2;Campeones / VIP;108;8;333.9
1899;0;Leales / Frecuentes;16;6;283.0
1900;3;Nuevos / Esporádicos;473;5;183.7
1901;0;Leales / Frecuentes;14;8;175.536
1902;0;Leales / Frecuentes;27;2;38.0
1903;0;Leales / Frecuentes;140;2;74.6
1904;0;Leales / Frecuentes;23;7;194.445
1905;0;Leales / Frecuentes;5;4;113.69999999999999
1906;0;Leales / Frecuentes;61;6;231.60000000000002
1907;0;Leales / Frecuentes;205;3;169.0
1908;0;Leales / Frecuentes;92;6;52.7
1909;0;Leales / Frecuentes;116;6;129.81
1910;0;Leales / Frecuentes;138;4;58.4
1911;2;Campeones / VIP;14;10;557.68
1912;0;Leales / Frecuentes;28;3;168.5
1913;2;Campeones / VIP;56;8;265.745
1914;0;Leales / Frecuentes;81;5;55.400000000000006
1915;3;Nuevos / Esporádicos;688;1;36.2
1916;2;Campeones / VIP;235;5;460.1
1917;3;Nuevos / Esporádicos;688;1;11.7
1918;0;Leales / Frecuentes;168;2;82.5
1919;0;Leales / Frecuentes;3;4;209.2
1920;1;En Riesgo / Inactivos;65;14;730.1
1921;3;Nuevos / Esporádicos;358;4;77.7
1922;1;En Riesgo / Inactivos;57;13;924.6
1923;2;Campeones / VIP;25;7;346.0
1924;0;Leales / Frecuentes;74;5;193.29999999999998
1925;1;En Riesgo / Inactivos;20;14;497.3
1926;2;Campeones / VIP;3;7;309.79999999999995
1927;0;Leales / Frecuentes;194;4;154.6
1928;0;Leales / Frecuentes;52;5;172.4
1929;2;Campeones / VIP;6;8;184.7
1930;0;Leales / Frecuentes;239;5;133.075
1931;0;Leales / Frecuentes;14;4;104.36
1932;2;Campeones / VIP;164;10;532.0
1933;3;Nuevos / Esporádicos;374;3;53.0
1934;1;En Riesgo / Inactivos;43;14;595.9
1935;0;Leales / Frecuentes;54;3;42.599999999999994
1936;0;Leales / Frecuentes;21;5;164.79999999999998
1937;0;Leales / Frecuentes;139;2;187.2
1938;2;Campeones / VIP;17;7;370.0
1939;1;En Riesgo / Inactivos;30;14;703.298
1940;0;Leales / Frecuentes;70;3;48.4
1941;2;Campeones / VIP;10;13;250.02
1942;2;Campeones / VIP;65;6;774.5
1943;0;Leales / Frecuentes;15;6;117.615
1944;2;Campeones / VIP;61;10;412.212
1945;0;Leales / Frecuentes;207;4;93.39999999999999
1946;2;Campeones / VIP;26;9;334.13
1947;0;Leales / Frecuentes;13;5;232.0
1948;0;Leales / Frecuentes;102;6;227.6
1949;2;Campeones / VIP;63;11;319.604
1950;0;Leales / Frecuentes;176;5;147.89999999999998
1951;0;Leales / Frecuentes;244;5;259.9
1952;2;Campeones / VIP;0;12;543.39
1953;2;Campeones / VIP;3;10;278.584
1954;2;Campeones / VIP;6;9;553.5
1955;0;Leales / Frecuentes;93;4;84.5
1956;2;Campeones / VIP;18;10;218.5
1957;0;Leales / Frecuentes;5;5;143.2
1958;3;Nuevos / Esporádicos;356;4;141.2
1959;0;Leales / Frecuentes;185;7;228.2
1960;0;Leales / Frecuentes;253;3;41.7
1961;3;Nuevos / Esporádicos;687;1;17.8
1962;0;Leales / Frecuentes;129;5;206.0
1963;0;Leales / Frecuentes;31;2;66.9
1964;0;Leales / Frecuentes;18;6;146.9
1965;3;Nuevos / Esporádicos;316;5;150.4
1966;2;Campeones / VIP;134;8;479.3
1967;3;Nuevos / Esporádicos;348;2;49.0
1968;0;Leales / Frecuentes;6;6;265.9
1969;3;Nuevos / Esporádicos;314;4;76.8
1970;0;Leales / Frecuentes;48;5;123.3
1971;1;En Riesgo / Inactivos;34;11;754.8000000000001
1972;0;Leales / Frecuentes;222;5;73.5
1973;0;Leales / Frecuentes;35;6;142.7
1974;2;Campeones / VIP;71;6;694.5
1975;0;Leales / Frecuentes;11;4;104.8
1976;0;Leales / Frecuentes;313;6;231.6
1977;2;Campeones / VIP;113;10;189.5
1978;0;Leales / Frecuentes;47;4;143.5
1979;0;Leales / Frecuentes;16;3;250.2
1980;2;Campeones / VIP;25;13;289.9
1981;2;Campeones / VIP;167;12;358.9
1982;0;Leales / Frecuentes;65;4;104.2
1983;0;Leales / Frecuentes;80;5;114.564
1984;2;Campeones / VIP;68;8;689.3
1985;2;Campeones / VIP;73;8;627.5
1986;2;Campeones / VIP;25;9;401.0
1987;2;Campeones / VIP;138;9;290.5
1988;0;Leales / Frecuentes;51;6;258.0
1989;2;Campeones / VIP;113;11;540.6
1990;2;Campeones / VIP;25;7;302.2
1991;2;Campeones / VIP;287;6;468.5
1992;3;Nuevos / Esporádicos;686;1;31.0
1993;2;Campeones / VIP;13;10;298.1
1994;1;En Riesgo / Inactivos;9;10;859.9350000000001
1995;2;Campeones / VIP;24;9;314.6
1996;0;Leales / Frecuentes;224;5;200.58
1997;2;Campeones / VIP;4;14;385.5
1998;2;Campeones / VIP;125;8;273.1
1999;0;Leales / Frecuentes;73;6;215.5
2000;0;Leales / Frecuentes;184;2;24.8
2001;3;Nuevos / Esporádicos;431;3;115.6
2002;3;Nuevos / Esporádicos;686;1;84.5
2003;0;Leales / Frecuentes;239;5;129.1
2004;0;Leales / Frecuentes;244;3;189.7
2005;3;Nuevos / Esporádicos;374;4;143.1
2006;3;Nuevos / Esporádicos;411;2;132.4
2007;2;Campeones / VIP;149;5;753.1999999999999
2008;3;Nuevos / Esporádicos;387;2;76.1
2009;1;En Riesgo / Inactivos;156;13;580.96
2010;0;Leales / Frecuentes;138;3;65.3
2011;2;Campeones / VIP;9;8;287.14
2012;2;Campeones / VIP;99;11;253.78199999999998
2013;0;Leales / Frecuentes;113;3;126.29999999999998
2014;2;Campeones / VIP;8;10;437.72999999999996
2015;0;Leales / Frecuentes;108;6;329.7
2016;2;Campeones / VIP;15;9;380.20000000000005
2017;0;Leales / Frecuentes;159;5;168.3
2018;1;En Riesgo / Inactivos;1;14;815.9000000000001
2019;2;Campeones / VIP;73;9;274.8
2020;0;Leales / Frecuentes;140;6;129.8
2021;2;Campeones / VIP;82;9;499.8
2022;0;Leales / Frecuentes;144;6;228.1
2023;0;Leales / Frecuentes;3;5;257.9
2024;2;Campeones / VIP;26;9;633.0
2025;0;Leales / Frecuentes;164;5;144.6
2026;0;Leales / Frecuentes;69;5;215.6
2027;2;Campeones / VIP;44;9;347.09999999999997
2028;2;Campeones / VIP;8;9;332.7
2029;2;Campeones / VIP;10;11;331.8
2030;0;Leales / Frecuentes;235;4;136.4
2031;2;Campeones / VIP;57;8;414.2
2032;1;En Riesgo / Inactivos;44;11;628.5
2033;0;Leales / Frecuentes;119;3;66.1
2034;2;Campeones / VIP;70;8;447.36400000000003
2035;2;Campeones / VIP;73;7;430.5
2036;0;Leales / Frecuentes;57;5;174.9
2037;3;Nuevos / Esporádicos;446;3;163.39999999999998
2038;0;Leales / Frecuentes;274;6;246.5
2039;0;Leales / Frecuentes;103;6;126.5
2040;0;Leales / Frecuentes;137;2;17.516
2041;1;En Riesgo / Inactivos;27;19;636.3
2042;2;Campeones / VIP;14;11;280.5
2043;2;Campeones / VIP;20;9;381.0
2044;0;Leales / Frecuentes;208;5;144.4
2045;1;En Riesgo / Inactivos;9;17;525.385
2046;2;Campeones / VIP;39;8;316.9
2047;0;Leales / Frecuentes;94;6;255.24399999999997
2048;0;Leales / Frecuentes;157;4;139.3
2049;3;Nuevos / Esporádicos;452;2;119.60000000000001
2050;2;Campeones / VIP;234;10;253.15
2051;2;Campeones / VIP;63;12;230.66
2052;1;En Riesgo / Inactivos;17;14;544.2520000000001
2053;2;Campeones / VIP;22;13;481.2
2054;0;Leales / Frecuentes;217;4;98.6
2055;3;Nuevos / Esporádicos;331;4;225.0
2056;1;En Riesgo / Inactivos;16;19;645.128
2057;3;Nuevos / Esporádicos;406;4;85.9
2058;2;Campeones / VIP;1;14;435.0
2059;1;En Riesgo / Inactivos;32;11;678.0600000000001
2060;0;Leales / Frecuentes;9;3;127.9
2061;0;Leales / Frecuentes;202;4;158.44
2062;3;Nuevos / Esporádicos;592;2;44.9
2063;3;Nuevos / Esporádicos;320;6;197.152
2064;0;Leales / Frecuentes;259;7;254.8
2065;0;Leales / Frecuentes;61;5;136.3
2066;0;Leales / Frecuentes;51;6;122.6
2067;0;Leales / Frecuentes;179;4;97.88
2068;0;Leales / Frecuentes;95;6;130.1
2069;2;Campeones / VIP;194;8;266.2
2070;3;Nuevos / Esporádicos;284;3;112.1
2071;3;Nuevos / Esporádicos;344;6;136.1
2072;0;Leales / Frecuentes;166;4;189.8
2073;2;Campeones / VIP;77;6;383.9
2074;1;En Riesgo / Inactivos;88;11;730.1
2075;0;Leales / Frecuentes;156;8;204.53199999999998
2076;0;Leales / Frecuentes;49;7;148.85
2077;1;En Riesgo / Inactivos;14;17;396.04
2078;0;Leales / Frecuentes;157;4;227.1
2079;0;Leales / Frecuentes;51;3;204.79999999999998
2080;2;Campeones / VIP;210;7;529.4
2081;1;En Riesgo / Inactivos;3;19;751.7
2082;0;Leales / Frecuentes;41;6;76.2
2083;2;Campeones / VIP;59;9;606.8
2084;3;Nuevos / Esporádicos;684;1;3.8
2085;2;Campeones / VIP;89;8;219.6
2086;3;Nuevos / Esporádicos;507;2;45.6
2087;0;Leales / Frecuentes;131;5;117.03999999999999
2088;2;Campeones / VIP;51;8;557.612
2089;0;Leales / Frecuentes;24;4;133.31
2090;0;Leales / Frecuentes;140;7;164.36
2091;3;Nuevos / Esporádicos;427;2;30.699999999999996
2092;0;Leales / Frecuentes;83;3;99.1
2093;0;Leales / Frecuentes;205;5;221.89999999999998
2094;0;Leales / Frecuentes;84;5;364.0
2095;3;Nuevos / Esporádicos;360;3;94.924
2096;1;En Riesgo / Inactivos;23;14;1093.1
2097;2;Campeones / VIP;14;7;257.9
2098;1;En Riesgo / Inactivos;5;10;1119.5040000000001
2099;3;Nuevos / Esporádicos;341;5;149.0
2100;2;Campeones / VIP;39;7;259.5
2101;0;Leales / Frecuentes;148;2;51.904
2102;0;Leales / Frecuentes;21;6;200.2
2103;0;Leales / Frecuentes;128;9;141.918
2104;0;Leales / Frecuentes;21;7;159.6
2105;3;Nuevos / Esporádicos;606;2;19.700000000000003
2106;0;Leales / Frecuentes;283;4;103.2
2107;0;Leales / Frecuentes;94;7;179.29999999999998
2108;0;Leales / Frecuentes;134;7;218.9
2109;2;Campeones / VIP;10;11;218.97
2110;2;Campeones / VIP;27;8;290.7
2111;0;Leales / Frecuentes;50;7;182.5
2112;3;Nuevos / Esporádicos;600;2;78.22
2113;2;Campeones / VIP;20;10;229.2
2114;0;Leales / Frecuentes;17;5;67.4
2115;0;Leales / Frecuentes;76;4;141.0
2116;1;En Riesgo / Inactivos;8;14;852.8
2117;3;Nuevos / Esporádicos;334;4;156.5
2118;0;Leales / Frecuentes;79;2;16.9
2119;0;Leales / Frecuentes;42;2;71.3
2120;2;Campeones / VIP;88;8;314.23
2121;0;Leales / Frecuentes;76;6;76.892
2122;2;Campeones / VIP;46;14;383.72999999999996
2123;3;Nuevos / Esporádicos;415;4;88.3
2124;3;Nuevos / Esporádicos;325;3;96.472
2125;0;Leales / Frecuentes;69;5;98.936
2126;1;En Riesgo / Inactivos;13;15;503.43
2127;0;Leales / Frecuentes;64;4;197.8
2128;0;Leales / Frecuentes;62;7;121.9
2129;0;Leales / Frecuentes;39;6;237.6
2130;3;Nuevos / Esporádicos;322;3;132.20000000000002
2131;2;Campeones / VIP;146;6;611.0
2132;2;Campeones / VIP;66;7;308.5
2133;0;Leales / Frecuentes;265;6;397.3
2134;3;Nuevos / Esporádicos;321;4;49.7
2135;2;Campeones / VIP;45;14;457.10999999999996
2136;0;Leales / Frecuentes;184;4;141.2
2137;1;En Riesgo / Inactivos;3;24;1116.46
2138;2;Campeones / VIP;12;13;375.6
2139;2;Campeones / VIP;12;7;320.9
2140;1;En Riesgo / Inactivos;22;16;408.9
2141;2;Campeones / VIP;5;7;272.61199999999997
2142;0;Leales / Frecuentes;24;5;138.7
2143;0;Leales / Frecuentes;118;4;401.0
2144;0;Leales / Frecuentes;273;8;224.14
2145;0;Leales / Frecuentes;125;7;172.0
2146;0;Leales / Frecuentes;216;7;217.832
2147;0;Leales / Frecuentes;5;5;249.2
2148;0;Leales / Frecuentes;54;4;151.4
2149;2;Campeones / VIP;123;12;138.79999999999998
2150;0;Leales / Frecuentes;21;4;51.8
2151;0;Leales / Frecuentes;10;5;209.192
2152;2;Campeones / VIP;9;6;397.9
2153;3;Nuevos / Esporádicos;485;2;23.4
2154;1;En Riesgo / Inactivos;1;18;888.765
2155;0;Leales / Frecuentes;229;6;191.5
2156;0;Leales / Frecuentes;37;4;160.7
2157;1;En Riesgo / Inactivos;1;19;514.06
2158;0;Leales / Frecuentes;40;6;241.8
2159;0;Leales / Frecuentes;218;3;134.7
2160;0;Leales / Frecuentes;187;4;29.0
2161;2;Campeones / VIP;2;11;416.8
2162;0;Leales / Frecuentes;29;6;269.092
2163;0;Leales / Frecuentes;24;6;246.9
2164;3;Nuevos / Esporádicos;519;3;143.725
2165;0;Leales / Frecuentes;37;5;161.13
2166;1;En Riesgo / Inactivos;12;16;793.26
2167;3;Nuevos / Esporádicos;319;5;127.3
2168;0;Leales / Frecuentes;240;4;129.1
2169;0;Leales / Frecuentes;85;7;205.1
2170;0;Leales / Frecuentes;99;5;265.2
2171;2;Campeones / VIP;4;7;491.0
2172;0;Leales / Frecuentes;169;5;167.53
2173;2;Campeones / VIP;42;9;243.8
2174;1;En Riesgo / Inactivos;61;12;625.86
2175;3;Nuevos / Esporádicos;393;2;14.3
2176;1;En Riesgo / Inactivos;7;16;667.17
2177;2;Campeones / VIP;25;9;458.5
2178;3;Nuevos / Esporádicos;480;2;263.59999999999997
2179;0;Leales / Frecuentes;158;5;102.5
2180;0;Leales / Frecuentes;15;5;117.2
2181;0;Leales / Frecuentes;33;6;265.4
2182;1;En Riesgo / Inactivos;49;14;982.0
2183;2;Campeones / VIP;31;8;425.5
2184;3;Nuevos / Esporádicos;494;2;25.4
2185;0;Leales / Frecuentes;3;7;180.684
2186;0;Leales / Frecuentes;86;3;94.22399999999999
2187;0;Leales / Frecuentes;17;5;206.2
2188;0;Leales / Frecuentes;16;2;69.6
2189;0;Leales / Frecuentes;55;4;123.30000000000001
2190;0;Leales / Frecuentes;30;7;115.10000000000001
2191;2;Campeones / VIP;35;7;412.5
2192;0;Leales / Frecuentes;175;6;182.5
2193;0;Leales / Frecuentes;5;5;120.9
2194;0;Leales / Frecuentes;3;5;141.53199999999998
2195;2;Campeones / VIP;11;10;230.04
2196;2;Campeones / VIP;2;8;209.0
2197;0;Leales / Frecuentes;221;3;119.208
2198;0;Leales / Frecuentes;172;7;292.59499999999997
2199;0;Leales / Frecuentes;147;5;147.8
2200;0;Leales / Frecuentes;214;3;89.3
2201;1;En Riesgo / Inactivos;5;19;742.08
2202;0;Leales / Frecuentes;8;3;20.8
2203;0;Leales / Frecuentes;176;4;64.936
2204;0;Leales / Frecuentes;81;2;44.5
2205;3;Nuevos / Esporádicos;389;3;166.2
2206;3;Nuevos / Esporádicos;365;6;139.8
2207;0;Leales / Frecuentes;163;5;307.5
2208;2;Campeones / VIP;146;10;301.9
2209;3;Nuevos / Esporádicos;456;3;125.19999999999999
2210;0;Leales / Frecuentes;154;5;83.5
2211;0;Leales / Frecuentes;100;5;153.3
2212;0;Leales / Frecuentes;5;7;209.5
2213;2;Campeones / VIP;76;12;375.7
2214;0;Leales / Frecuentes;24;5;333.4
2215;0;Leales / Frecuentes;45;6;192.6
2216;0;Leales / Frecuentes;229;5;136.1
2217;3;Nuevos / Esporádicos;304;3;212.72000000000003
2218;0;Leales / Frecuentes;2;4;102.6
2219;0;Leales / Frecuentes;132;5;173.1
2220;1;En Riesgo / Inactivos;49;14;921.1320000000001
2221;1;En Riesgo / Inactivos;29;20;663.0699999999999
2222;3;Nuevos / Esporádicos;395;2;200.0
2223;0;Leales / Frecuentes;4;4;146.552
2224;2;Campeones / VIP;116;9;522.3
2225;2;Campeones / VIP;133;9;336.792
2226;2;Campeones / VIP;7;10;434.38
2227;0;Leales / Frecuentes;222;6;111.94
2228;2;Campeones / VIP;43;11;499.76
2229;0;Leales / Frecuentes;162;2;91.10000000000001
2230;2;Campeones / VIP;9;13;491.2
2231;0;Leales / Frecuentes;54;7;231.1
2232;0;Leales / Frecuentes;81;3;62.172
2233;0;Leales / Frecuentes;169;4;225.0
2234;0;Leales / Frecuentes;0;3;130.06
2235;0;Leales / Frecuentes;64;6;168.4
2236;2;Campeones / VIP;13;12;441.21999999999997
2237;3;Nuevos / Esporádicos;512;2;56.699999999999996
2238;0;Leales / Frecuentes;24;2;303.9
2239;0;Leales / Frecuentes;98;3;204.2
2240;2;Campeones / VIP;21;7;427.7
2241;1;En Riesgo / Inactivos;12;12;927.57
2242;1;En Riesgo / Inactivos;74;15;655.592
2243;2;Campeones / VIP;67;7;484.6
2244;0;Leales / Frecuentes;104;4;199.89999999999998
2245;0;Leales / Frecuentes;131;4;110.7
2246;3;Nuevos / Esporádicos;382;4;410.0
2247;0;Leales / Frecuentes;8;6;119.73599999999999
2248;2;Campeones / VIP;98;9;249.7
2249;3;Nuevos / Esporádicos;442;5;185.5
2250;3;Nuevos / Esporádicos;265;2;49.328
2251;0;Leales / Frecuentes;81;4;110.3
2252;0;Leales / Frecuentes;162;3;65.6
2253;0;Leales / Frecuentes;159;4;141.2
2254;0;Leales / Frecuentes;134;5;283.645
2255;2;Campeones / VIP;52;6;341.034
2256;0;Leales / Frecuentes;201;2;37.599999999999994
2257;0;Leales / Frecuentes;63;7;149.6
2258;2;Campeones / VIP;88;8;295.65
2259;0;Leales / Frecuentes;97;4;171.8
2260;0;Leales / Frecuentes;60;4;89.9
2261;0;Leales / Frecuentes;258;6;160.7
2262;1;En Riesgo / Inactivos;64;11;686.3
2263;2;Campeones / VIP;88;12;397.036
2264;0;Leales / Frecuentes;241;4;92.72
2265;2;Campeones / VIP;70;8;534.6
2266;1;En Riesgo / Inactivos;26;11;767.0999999999999
2267;0;Leales / Frecuentes;79;7;164.4
2268;1;En Riesgo / Inactivos;32;18;694.2
2269;0;Leales / Frecuentes;23;5;339.20000000000005
2270;2;Campeones / VIP;174;9;189.5
2271;0;Leales / Frecuentes;34;3;62.0
2272;2;Campeones / VIP;290;4;588.524
2273;3;Nuevos / Esporádicos;323;3;190.2
2274;2;Campeones / VIP;1;8;219.5
2275;2;Campeones / VIP;117;8;506.2
2276;0;Leales / Frecuentes;9;2;176.6
2277;2;Campeones / VIP;113;11;477.23
2278;0;Leales / Frecuentes;0;4;174.7
2279;0;Leales / Frecuentes;0;4;86.1
2280;2;Campeones / VIP;107;11;391.4
2281;0;Leales / Frecuentes;39;5;210.74
2282;2;Campeones / VIP;292;7;461.76
2283;0;Leales / Frecuentes;33;3;112.1
2284;2;Campeones / VIP;44;11;604.5
2285;0;Leales / Frecuentes;45;3;79.395
2286;3;Nuevos / Esporádicos;288;2;22.8
2287;2;Campeones / VIP;65;8;220.4
2288;1;En Riesgo / Inactivos;1;15;752.3
2289;0;Leales / Frecuentes;181;4;481.0
2290;1;En Riesgo / Inactivos;19;17;597.115
2291;2;Campeones / VIP;133;10;155.15
2292;0;Leales / Frecuentes;155;2;63.26500000000001
2293;2;Campeones / VIP;7;8;275.215
2294;1;En Riesgo / Inactivos;24;15;682.845
2295;0;Leales / Frecuentes;45;6;112.2
2296;3;Nuevos / Esporádicos;299;2;49.516
2297;1;En Riesgo / Inactivos;51;19;949.725
2298;0;Leales / Frecuentes;183;3;71.6
2299;3;Nuevos / Esporádicos;679;1;14.9
2300;0;Leales / Frecuentes;168;2;18.415
2301;2;Campeones / VIP;19;8;276.948
2302;3;Nuevos / Esporádicos;502;2;24.7
2303;1;En Riesgo / Inactivos;18;11;666.0699999999999
2304;2;Campeones / VIP;36;3;946.7
2305;1;En Riesgo / Inactivos;120;13;616.3
2306;0;Leales / Frecuentes;132;7;169.89999999999998
2307;0;Leales / Frecuentes;71;5;134.7
2308;0;Leales / Frecuentes;170;6;136.9
2309;2;Campeones / VIP;115;13;245.412
2310;0;Leales / Frecuentes;66;3;43.7
2311;0;Leales / Frecuentes;12;4;242.0
2312;0;Leales / Frecuentes;184;4;227.29999999999998
2313;0;Leales / Frecuentes;176;4;372.2
2314;3;Nuevos / Esporádicos;679;1;16.631999999999998
2315;2;Campeones / VIP;69;10;557.58
2316;0;Leales / Frecuentes;58;4;189.7
2317;3;Nuevos / Esporádicos;343;2;10.7
2318;0;Leales / Frecuentes;305;5;252.89999999999998
2319;2;Campeones / VIP;83;5;410.9
2320;0;Leales / Frecuentes;21;6;68.8
2321;0;Leales / Frecuentes;14;5;343.70000000000005
2322;0;Leales / Frecuentes;240;2;105.78399999999999
2323;1;En Riesgo / Inactivos;24;13;1018.1999999999999
2324;2;Campeones / VIP;33;8;219.29999999999998
2325;0;Leales / Frecuentes;82;5;372.7
2326;0;Leales / Frecuentes;39;4;97.9
2327;0;Leales / Frecuentes;269;7;295.12
2328;0;Leales / Frecuentes;205;6;127.6
2329;1;En Riesgo / Inactivos;7;16;985.71
2330;1;En Riesgo / Inactivos;12;15;654.7
2331;2;Campeones / VIP;4;8;308.72
2332;2;Campeones / VIP;9;12;552.1
2333;1;En Riesgo / Inactivos;59;16;534.9
2334;0;Leales / Frecuentes;216;3;138.20000000000002
2335;2;Campeones / VIP;54;13;301.8
2336;3;Nuevos / Esporádicos;679;1;132.0
2337;0;Leales / Frecuentes;222;6;251.9
2338;2;Campeones / VIP;23;10;344.29200000000003
2339;2;Campeones / VIP;22;8;347.5
2340;1;En Riesgo / Inactivos;14;9;725.6999999999999
2341;0;Leales / Frecuentes;176;4;143.8
2342;1;En Riesgo / Inactivos;18;14;961.7
2343;1;En Riesgo / Inactivos;74;10;724.4
2344;0;Leales / Frecuentes;115;4;68.5
2345;2;Campeones / VIP;107;9;407.756
2346;0;Leales / Frecuentes;235;3;53.3
2347;2;Campeones / VIP;51;9;313.22
2348;3;Nuevos / Esporádicos;454;2;47.5
2349;2;Campeones / VIP;131;8;275.7
2350;3;Nuevos / Esporádicos;383;3;55.012
2351;0;Leales / Frecuentes;136;8;143.622
2352;3;Nuevos / Esporádicos;381;2;41.8
2353;0;Leales / Frecuentes;25;6;163.7
2354;1;En Riesgo / Inactivos;51;8;916.1
2355;2;Campeones / VIP;20;11;469.265
2356;1;En Riesgo / Inactivos;11;15;516.42
2357;0;Leales / Frecuentes;71;5;168.79999999999998
2358;1;En Riesgo / Inactivos;30;17;676.21
2359;2;Campeones / VIP;105;6;439.5
2360;0;Leales / Frecuentes;90;4;113.19999999999999
2361;0;Leales / Frecuentes;102;8;133.9
2362;2;Campeones / VIP;65;7;405.59999999999997
2363;0;Leales / Frecuentes;164;6;166.7
2364;3;Nuevos / Esporádicos;678;1;2.9
2365;1;En Riesgo / Inactivos;117;15;494.364
2366;2;Campeones / VIP;3;7;579.4
2367;2;Campeones / VIP;1;6;536.312
2368;3;Nuevos / Esporádicos;541;2;21.5
2369;3;Nuevos / Esporádicos;678;1;43.824
2370;0;Leales / Frecuentes;193;4;91.6
2371;1;En Riesgo / Inactivos;6;11;826.9
2372;2;Campeones / VIP;12;10;407.5
2373;0;Leales / Frecuentes;132;5;277.44
2374;0;Leales / Frecuentes;54;5;71.5
2375;3;Nuevos / Esporádicos;295;2;264.452
2376;0;Leales / Frecuentes;44;4;93.5
2377;2;Campeones / VIP;23;9;193.35999999999999
2378;0;Leales / Frecuentes;52;3;163.8
2379;2;Campeones / VIP;17;9;556.1
2380;2;Campeones / VIP;20;9;515.5
2381;0;Leales / Frecuentes;79;7;241.364
2382;2;Campeones / VIP;123;11;211.9
2383;0;Leales / Frecuentes;63;6;161.652
2384;3;Nuevos / Esporádicos;678;1;6.8
2385;0;Leales / Frecuentes;145;5;222.70999999999998
2386;0;Leales / Frecuentes;4;5;249.4
2387;2;Campeones / VIP;22;8;185.228
2388;0;Leales / Frecuentes;16;2;16.82
2389;3;Nuevos / Esporádicos;677;1;36.96
2390;0;Leales / Frecuentes;119;6;234.3
2391;0;Leales / Frecuentes;48;3;68.9
2392;0;Leales / Frecuentes;82;3;74.9
2393;0;Leales / Frecuentes;21;7;224.79999999999998
2394;3;Nuevos / Esporádicos;677;1;14.9
2395;0;Leales / Frecuentes;0;5;320.79999999999995
2396;0;Leales / Frecuentes;37;2;143.2
2397;3;Nuevos / Esporádicos;468;3;40.0
2398;2;Campeones / VIP;17;10;423.7
2399;0;Leales / Frecuentes;38;7;205.517
2400;2;Campeones / VIP;146;9;243.3
2401;1;En Riesgo / Inactivos;18;11;620.9
2402;3;Nuevos / Esporádicos;298;4;158.7
2403;0;Leales / Frecuentes;111;4;120.7
2404;0;Leales / Frecuentes;38;6;303.54
2405;1;En Riesgo / Inactivos;94;15;690.1800000000001
2406;0;Leales / Frecuentes;162;5;211.5
2407;1;En Riesgo / Inactivos;7;12;787.965
2408;0;Leales / Frecuentes;68;7;212.39999999999998
2409;0;Leales / Frecuentes;264;6;380.6
2410;2;Campeones / VIP;33;9;658.146
2411;1;En Riesgo / Inactivos;22;11;628.5999999999999
2412;2;Campeones / VIP;26;7;349.5
2413;0;Leales / Frecuentes;92;3;173.6
2414;2;Campeones / VIP;59;9;591.4
2415;0;Leales / Frecuentes;10;6;190.3
2416;2;Campeones / VIP;65;11;510.59999999999997
2417;0;Leales / Frecuentes;60;6;220.5
2418;2;Campeones / VIP;43;8;355.5
2419;2;Campeones / VIP;2;11;472.188
2420;2;Campeones / VIP;160;9;190.725
2421;0;Leales / Frecuentes;10;6;169.14
2422;1;En Riesgo / Inactivos;11;14;709.5699999999999
2423;0;Leales / Frecuentes;125;5;206.50000000000003
2424;0;Leales / Frecuentes;173;3;115.67999999999999
2425;0;Leales / Frecuentes;242;5;344.7
2426;0;Leales / Frecuentes;27;6;146.9
2427;0;Leales / Frecuentes;28;7;115.1
2428;2;Campeones / VIP;1;12;357.08
2429;2;Campeones / VIP;163;8;439.23
2430;1;En Riesgo / Inactivos;97;15;779.105
2431;0;Leales / Frecuentes;243;7;193.1
2432;2;Campeones / VIP;24;12;476.6
2433;1;En Riesgo / Inactivos;14;14;785.26
2434;3;Nuevos / Esporádicos;402;3;175.29999999999998
2435;0;Leales / Frecuentes;35;4;59.900000000000006
2436;3;Nuevos / Esporádicos;530;2;30.5
2437;0;Leales / Frecuentes;237;2;95.6
2438;0;Leales / Frecuentes;37;6;217.1
2439;2;Campeones / VIP;70;15;359.004
2440;0;Leales / Frecuentes;244;2;57.0
2441;0;Leales / Frecuentes;23;6;183.29999999999998
2442;0;Leales / Frecuentes;6;2;38.699999999999996
2443;1;En Riesgo / Inactivos;1;14;915.55
2444;3;Nuevos / Esporádicos;425;3;276.8
2445;2;Campeones / VIP;157;8;239.796
2446;0;Leales / Frecuentes;288;6;200.38400000000001
2447;1;En Riesgo / Inactivos;5;16;773.1999999999999
2448;1;En Riesgo / Inactivos;40;14;512.4
2449;0;Leales / Frecuentes;44;7;187.17000000000002
2450;1;En Riesgo / Inactivos;7;18;680.43
2451;1;En Riesgo / Inactivos;26;18;913.0
2452;0;Leales / Frecuentes;106;7;255.1
2453;0;Leales / Frecuentes;160;3;152.9
2454;0;Leales / Frecuentes;254;2;107.24499999999999
2455;3;Nuevos / Esporádicos;475;3;57.599999999999994
2456;2;Campeones / VIP;3;9;233.8
2457;1;En Riesgo / Inactivos;44;15;547.128
2458;3;Nuevos / Esporádicos;587;2;60.4
2459;0;Leales / Frecuentes;111;6;242.472
2460;0;Leales / Frecuentes;196;5;193.5
2461;2;Campeones / VIP;82;8;249.828
2462;2;Campeones / VIP;15;9;487.17499999999995
2463;0;Leales / Frecuentes;27;3;111.3
2464;3;Nuevos / Esporádicos;305;3;174.2
2465;0;Leales / Frecuentes;58;3;135.39999999999998
2466;0;Leales / Frecuentes;48;3;48.6
2467;2;Campeones / VIP;106;17;333.36
2468;0;Leales / Frecuentes;126;6;196.56
2469;0;Leales / Frecuentes;39;2;62.5
2470;3;Nuevos / Esporádicos;368;4;81.3
2471;1;En Riesgo / Inactivos;10;11;686.6
2472;0;Leales / Frecuentes;186;6;339.6
2473;0;Leales / Frecuentes;84;6;261.53
2474;2;Campeones / VIP;97;6;642.484
2475;3;Nuevos / Esporádicos;676;1;13.5
2476;2;Campeones / VIP;94;5;614.7
2477;2;Campeones / VIP;62;10;427.78
2478;0;Leales / Frecuentes;76;5;216.6
2479;0;Leales / Frecuentes;183;4;336.5
2480;0;Leales / Frecuentes;13;7;104.4
2481;0;Leales / Frecuentes;184;6;367.03999999999996
2482;2;Campeones / VIP;49;12;510.6
2483;0;Leales / Frecuentes;110;6;197.2
2484;2;Campeones / VIP;16;9;316.14
2485;1;En Riesgo / Inactivos;83;13;618.28
2486;1;En Riesgo / Inactivos;10;11;770.7
2487;0;Leales / Frecuentes;262;5;218.82
2488;3;Nuevos / Esporádicos;311;4;231.3
2489;1;En Riesgo / Inactivos;6;19;898.6899999999999
2490;2;Campeones / VIP;9;11;546.92
2491;0;Leales / Frecuentes;60;5;133.79999999999998
2492;0;Leales / Frecuentes;28;5;140.5
2493;1;En Riesgo / Inactivos;56;14;648.0
2494;2;Campeones / VIP;2;9;270.4
2495;2;Campeones / VIP;24;7;667.0
2496;0;Leales / Frecuentes;35;8;143.8
2497;0;Leales / Frecuentes;34;5;175.5
2498;2;Campeones / VIP;31;11;539.7
2499;2;Campeones / VIP;8;9;227.92
2500;2;Campeones / VIP;56;9;296.928
2501;2;Campeones / VIP;114;4;489.00000000000006
2502;0;Leales / Frecuentes;83;6;206.79999999999998
2503;2;Campeones / VIP;25;12;467.9
2504;0;Leales / Frecuentes;188;4;127.8
2505;0;Leales / Frecuentes;248;4;61.879999999999995
2506;1;En Riesgo / Inactivos;12;27;1154.924
2507;0;Leales / Frecuentes;14;2;52.4
2508;0;Leales / Frecuentes;170;6;151.2
2509;0;Leales / Frecuentes;250;4;55.4
2510;2;Campeones / VIP;94;10;658.4
2511;2;Campeones / VIP;48;11;285.96500000000003
2512;3;Nuevos / Esporádicos;324;2;43.244
2513;3;Nuevos / Esporádicos;675;1;29.799999999999997
2514;2;Campeones / VIP;34;10;403.12
2515;1;En Riesgo / Inactivos;1;16;381.4
2516;3;Nuevos / Esporádicos;508;4;174.1
2517;0;Leales / Frecuentes;279;4;212.2
2518;2;Campeones / VIP;63;9;369.9
2519;2;Campeones / VIP;169;8;521.404
2520;0;Leales / Frecuentes;216;3;75.5
2521;0;Leales / Frecuentes;234;2;147.5
2522;0;Leales / Frecuentes;230;6;262.172
2523;0;Leales / Frecuentes;241;5;110.0
2524;1;En Riesgo / Inactivos;6;21;1038.464
2525;2;Campeones / VIP;152;11;370.832
2526;0;Leales / Frecuentes;101;6;201.4
2527;2;Campeones / VIP;7;9;202.8
2528;0;Leales / Frecuentes;237;7;187.5
2529;0;Leales / Frecuentes;208;5;99.30000000000001
2530;2;Campeones / VIP;119;9;549.1
2531;0;Leales / Frecuentes;166;8;95.948
2532;0;Leales / Frecuentes;80;2;29.42
2533;0;Leales / Frecuentes;95;5;179.88400000000001
2534;3;Nuevos / Esporádicos;431;3;103.2
2535;3;Nuevos / Esporádicos;343;2;12.100000000000001
2536;2;Campeones / VIP;23;13;480.4
2537;2;Campeones / VIP;35;11;230.70999999999998
2538;1;En Riesgo / Inactivos;61;14;712.09
2539;1;En Riesgo / Inactivos;14;17;866.5
2540;2;Campeones / VIP;134;8;327.93199999999996
2541;2;Campeones / VIP;53;8;309.9
2542;0;Leales / Frecuentes;37;4;86.22
2543;0;Leales / Frecuentes;155;4;119.80000000000001
2544;3;Nuevos / Esporádicos;325;2;24.6
2545;1;En Riesgo / Inactivos;27;13;699.924
2546;1;En Riesgo / Inactivos;70;14;507.4
2547;1;En Riesgo / Inactivos;76;13;639.748
2548;1;En Riesgo / Inactivos;4;10;777.791
2549;0;Leales / Frecuentes;287;4;139.2
2550;2;Campeones / VIP;45;10;263.788
2551;0;Leales / Frecuentes;18;6;173.3
2552;3;Nuevos / Esporádicos;290;3;155.5
2553;3;Nuevos / Esporádicos;586;2;26.7
2554;1;En Riesgo / Inactivos;3;12;673.0
2555;3;Nuevos / Esporádicos;327;3;107.6
2556;2;Campeones / VIP;12;4;561.9
2557;3;Nuevos / Esporádicos;315;5;108.3
2558;0;Leales / Frecuentes;6;7;205.344
2559;2;Campeones / VIP;15;9;270.59999999999997
2560;0;Leales / Frecuentes;106;5;206.0
2561;1;En Riesgo / Inactivos;119;13;594.42
2562;2;Campeones / VIP;12;11;263.59999999999997
2563;0;Leales / Frecuentes;168;2;71.69999999999999
2564;2;Campeones / VIP;22;7;247.1
2565;0;Leales / Frecuentes;28;6;254.5
2566;0;Leales / Frecuentes;61;6;291.59999999999997
2567;2;Campeones / VIP;0;7;463.2
2568;2;Campeones / VIP;67;11;258.512
2569;0;Leales / Frecuentes;15;3;116.49999999999999
2570;2;Campeones / VIP;44;8;222.412
2571;1;En Riesgo / Inactivos;30;12;589.0
2572;2;Campeones / VIP;102;8;398.0
2573;2;Campeones / VIP;39;8;323.1
2574;0;Leales / Frecuentes;34;4;99.5
2575;2;Campeones / VIP;7;10;394.68
2576;0;Leales / Frecuentes;212;2;41.2
2577;2;Campeones / VIP;11;7;402.4
2578;2;Campeones / VIP;98;7;380.6
2579;0;Leales / Frecuentes;63;4;82.1
2580;0;Leales / Frecuentes;16;6;131.38
2581;2;Campeones / VIP;64;9;223.6
2582;2;Campeones / VIP;26;8;186.10999999999999
2583;2;Campeones / VIP;4;7;472.5
2584;0;Leales / Frecuentes;32;6;256.612
2585;1;En Riesgo / Inactivos;78;20;892.6
2586;0;Leales / Frecuentes;109;3;31.2
2587;0;Leales / Frecuentes;44;3;49.6
2588;0;Leales / Frecuentes;37;7;62.048
2589;0;Leales / Frecuentes;73;4;112.0
2590;2;Campeones / VIP;120;11;496.5
2591;0;Leales / Frecuentes;131;2;54.199999999999996
2592;3;Nuevos / Esporádicos;471;3;39.599999999999994
2593;2;Campeones / VIP;4;10;280.992
2594;2;Campeones / VIP;173;4;648.1
2595;2;Campeones / VIP;7;10;375.236
2596;1;En Riesgo / Inactivos;31;9;793.2
2597;0;Leales / Frecuentes;106;2;106.048
2598;2;Campeones / VIP;82;7;274.40000000000003
2599;3;Nuevos / Esporádicos;352;4;282.4
2600;1;En Riesgo / Inactivos;6;14;834.03
2601;0;Leales / Frecuentes;109;4;137.6
2602;0;Leales / Frecuentes;7;5;208.24
2603;3;Nuevos / Esporádicos;673;1;166.6
2604;0;Leales / Frecuentes;93;5;305.0
2605;2;Campeones / VIP;22;13;497.6
2606;0;Leales / Frecuentes;29;5;255.09999999999997
2607;0;Leales / Frecuentes;102;6;233.4
2608;3;Nuevos / Esporádicos;673;1;13.0
2609;0;Leales / Frecuentes;22;4;183.70999999999998
2610;2;Campeones / VIP;3;8;629.532
2611;0;Leales / Frecuentes;16;5;293.33
2612;2;Campeones / VIP;28;6;533.0
2613;0;Leales / Frecuentes;2;8;162.972
2614;2;Campeones / VIP;71;6;341.8
2615;2;Campeones / VIP;2;13;331.46
2616;2;Campeones / VIP;9;7;462.47200000000004
2617;2;Campeones / VIP;73;12;306.63
2618;2;Campeones / VIP;189;8;457.5
2619;3;Nuevos / Esporádicos;533;2;250.9
2620;0;Leales / Frecuentes;79;4;182.6
2621;0;Leales / Frecuentes;101;7;193.6
2622;0;Leales / Frecuentes;15;6;93.6
2623;2;Campeones / VIP;190;11;251.23199999999997
2624;2;Campeones / VIP;175;9;262.9
2625;0;Leales / Frecuentes;22;4;180.2
2626;0;Leales / Frecuentes;55;4;132.0
2627;0;Leales / Frecuentes;180;4;146.7
2628;0;Leales / Frecuentes;179;3;63.2
2629;0;Leales / Frecuentes;10;4;236.408
2630;0;Leales / Frecuentes;28;4;248.3
2631;2;Campeones / VIP;1;9;229.5
2632;2;Campeones / VIP;72;8;272.90999999999997
2633;2;Campeones / VIP;9;9;398.1
2634;0;Leales / Frecuentes;73;3;138.39600000000002
2635;2;Campeones / VIP;107;5;493.90000000000003
2636;0;Leales / Frecuentes;12;8;109.60000000000001
2637;1;En Riesgo / Inactivos;14;19;644.7
2638;2;Campeones / VIP;144;10;622.5
2639;0;Leales / Frecuentes;13;5;152.06
2640;0;Leales / Frecuentes;222;5;363.9
2641;1;En Riesgo / Inactivos;7;11;850.364
2642;1;En Riesgo / Inactivos;10;16;1360.232
2643;2;Campeones / VIP;35;6;598.9
2644;2;Campeones / VIP;75;8;313.528
2645;2;Campeones / VIP;23;11;313.7
2646;0;Leales / Frecuentes;20;7;197.60399999999998
2647;2;Campeones / VIP;298;6;508.1
2648;2;Campeones / VIP;2;14;404.90000000000003
2649;0;Leales / Frecuentes;3;3;273.2
2650;2;Campeones / VIP;64;10;437.2
2651;3;Nuevos / Esporádicos;514;2;72.432
2652;3;Nuevos / Esporádicos;460;5;789.3800000000001
2653;0;Leales / Frecuentes;69;4;127.8
2654;0;Leales / Frecuentes;50;6;217.9
2655;3;Nuevos / Esporádicos;672;1;109.39999999999999
2656;2;Campeones / VIP;7;12;413.23
2657;0;Leales / Frecuentes;142;3;41.7
2658;0;Leales / Frecuentes;35;7;199.5
2659;2;Campeones / VIP;7;7;258.09999999999997
2660;0;Leales / Frecuentes;92;4;63.8
2661;1;En Riesgo / Inactivos;15;17;625.1
2662;3;Nuevos / Esporádicos;336;3;79.2
2663;0;Leales / Frecuentes;17;4;136.3
2664;0;Leales / Frecuentes;132;7;227.6
2665;0;Leales / Frecuentes;73;4;168.79999999999998
2666;1;En Riesgo / Inactivos;44;23;645.6800000000001
2667;0;Leales / Frecuentes;45;6;111.5
2668;0;Leales / Frecuentes;150;2;20.376
2669;0;Leales / Frecuentes;100;4;254.29999999999998
2670;0;Leales / Frecuentes;163;5;60.248000000000005
2671;2;Campeones / VIP;180;10;341.1
2672;1;En Riesgo / Inactivos;11;12;647.5
2673;2;Campeones / VIP;0;6;439.1
2674;2;Campeones / VIP;15;11;485.1
2675;0;Leales / Frecuentes;50;6;198.8
2676;0;Leales / Frecuentes;175;4;100.66
2677;0;Leales / Frecuentes;9;6;135.32
2678;1;En Riesgo / Inactivos;127;11;897.9
2679;0;Leales / Frecuentes;244;7;164.7
2680;0;Leales / Frecuentes;154;6;78.2
2681;0;Leales / Frecuentes;64;7;115.7
2682;2;Campeones / VIP;35;10;325.52799999999996
2683;0;Leales / Frecuentes;15;5;205.5
2684;0;Leales / Frecuentes;119;4;170.2
2685;0;Leales / Frecuentes;135;4;180.5
2686;0;Leales / Frecuentes;7;5;306.188
2687;0;Leales / Frecuentes;53;3;203.2
2688;2;Campeones / VIP;10;7;248.05999999999997
2689;1;En Riesgo / Inactivos;42;13;851.65
2690;2;Campeones / VIP;41;10;288.19
2691;0;Leales / Frecuentes;69;6;112.5
2692;1;En Riesgo / Inactivos;1;18;382.61
2693;0;Leales / Frecuentes;4;4;70.8
2694;0;Leales / Frecuentes;131;4;161.4
2695;1;En Riesgo / Inactivos;0;22;523.057
2696;0;Leales / Frecuentes;51;5;106.48400000000001
2697;0;Leales / Frecuentes;126;4;182.0
2698;2;Campeones / VIP;89;10;414.21999999999997
2699;1;En Riesgo / Inactivos;13;20;623.52
2700;1;En Riesgo / Inactivos;69;11;729.776
2701;2;Campeones / VIP;25;10;168.0
2702;2;Campeones / VIP;131;9;239.6
2703;2;Campeones / VIP;28;6;365.9
2704;0;Leales / Frecuentes;30;6;97.62
2705;0;Leales / Frecuentes;169;6;204.7
2706;0;Leales / Frecuentes;87;5;79.8
2707;0;Leales / Frecuentes;282;4;58.599999999999994
2708;0;Leales / Frecuentes;164;2;20.9
2709;2;Campeones / VIP;28;11;390.2
2710;0;Leales / Frecuentes;124;8;154.0
2711;0;Leales / Frecuentes;32;6;202.60000000000002
2712;2;Campeones / VIP;78;12;252.036
2713;3;Nuevos / Esporádicos;346;2;20.128
2714;1;En Riesgo / Inactivos;82;13;608.528
2715;3;Nuevos / Esporádicos;317;3;150.036
2716;0;Leales / Frecuentes;181;4;158.3
2717;0;Leales / Frecuentes;215;3;117.5
2718;2;Campeones / VIP;102;8;345.35
2719;2;Campeones / VIP;35;5;372.1
2720;0;Leales / Frecuentes;4;3;240.79999999999998
2721;2;Campeones / VIP;28;12;436.609
2722;2;Campeones / VIP;55;10;622.7
2723;2;Campeones / VIP;23;9;350.29999999999995
2724;2;Campeones / VIP;88;7;332.2
2725;0;Leales / Frecuentes;6;5;199.2
2726;0;Leales / Frecuentes;182;6;208.7
2727;2;Campeones / VIP;41;13;390.59999999999997
2728;0;Leales / Frecuentes;187;5;158.29999999999998
2729;2;Campeones / VIP;115;8;309.78999999999996
2730;3;Nuevos / Esporádicos;331;3;17.299999999999997
2731;3;Nuevos / Esporádicos;373;3;150.6
2732;0;Leales / Frecuentes;179;4;119.2
2733;0;Leales / Frecuentes;119;6;243.39999999999998
2734;0;Leales / Frecuentes;14;2;163.76
2735;3;Nuevos / Esporádicos;471;2;206.29999999999998
2736;0;Leales / Frecuentes;242;2;136.4
2737;2;Campeones / VIP;23;8;220.5
2738;3;Nuevos / Esporádicos;670;1;6.5
2739;0;Leales / Frecuentes;202;4;261.0
2740;0;Leales / Frecuentes;44;6;244.3
2741;0;Leales / Frecuentes;138;4;96.30000000000001
2742;0;Leales / Frecuentes;74;5;257.47999999999996
2743;1;En Riesgo / Inactivos;179;13;733.1
2744;1;En Riesgo / Inactivos;10;14;742.89
2745;0;Leales / Frecuentes;31;5;276.4
2746;1;En Riesgo / Inactivos;10;6;1070.1
2747;2;Campeones / VIP;77;9;287.7
2748;0;Leales / Frecuentes;50;3;170.5
2749;3;Nuevos / Esporádicos;669;1;190.6
2750;1;En Riesgo / Inactivos;24;15;853.0
2751;1;En Riesgo / Inactivos;17;14;715.5
2752;0;Leales / Frecuentes;77;2;10.2
2753;2;Campeones / VIP;5;7;283.3
2754;2;Campeones / VIP;25;8;253.7
2755;0;Leales / Frecuentes;66;4;319.0
2756;2;Campeones / VIP;49;8;334.0
2757;0;Leales / Frecuentes;143;8;163.79999999999998
2758;3;Nuevos / Esporádicos;669;1;10.8
2759;0;Leales / Frecuentes;153;8;123.9
2760;1;En Riesgo / Inactivos;103;8;922.9000000000001
2761;0;Leales / Frecuentes;160;4;248.6
2762;0;Leales / Frecuentes;57;7;216.02
2763;2;Campeones / VIP;45;7;456.90000000000003
2764;1;En Riesgo / Inactivos;13;22;814.8199999999999
2765;2;Campeones / VIP;84;12;386.65
2766;0;Leales / Frecuentes;161;5;105.1
2767;0;Leales / Frecuentes;128;4;351.7
2768;0;Leales / Frecuentes;61;7;158.612
2769;2;Campeones / VIP;6;8;230.9
2770;2;Campeones / VIP;53;7;256.855
2771;0;Leales / Frecuentes;205;2;54.699999999999996
2772;0;Leales / Frecuentes;67;6;203.89999999999998
2773;0;Leales / Frecuentes;70;5;84.6
2774;0;Leales / Frecuentes;273;3;389.2
2775;0;Leales / Frecuentes;69;4;38.5
2776;2;Campeones / VIP;27;10;208.8
2777;0;Leales / Frecuentes;110;3;83.73
2778;3;Nuevos / Esporádicos;669;1;19.9
2779;0;Leales / Frecuentes;102;4;125.5
2780;2;Campeones / VIP;13;9;342.2
2781;0;Leales / Frecuentes;95;2;75.60000000000001
2782;3;Nuevos / Esporádicos;313;6;138.31199999999998
2783;3;Nuevos / Esporádicos;404;4;134.024
2784;2;Campeones / VIP;24;3;788.9
2785;0;Leales / Frecuentes;133;2;111.1
2786;3;Nuevos / Esporádicos;574;2;298.4
2787;2;Campeones / VIP;95;10;474.512
2788;0;Leales / Frecuentes;89;3;36.7
2789;0;Leales / Frecuentes;158;4;315.892
2790;2;Campeones / VIP;13;9;488.59999999999997
2791;0;Leales / Frecuentes;178;4;198.29999999999998
2792;0;Leales / Frecuentes;117;5;179.39999999999998
2793;0;Leales / Frecuentes;107;4;62.3
2794;2;Campeones / VIP;26;11;418.9
2795;0;Leales / Frecuentes;170;6;188.02
2796;0;Leales / Frecuentes;242;4;301.5
2797;2;Campeones / VIP;144;7;309.2
2798;0;Leales / Frecuentes;87;3;158.436
2799;0;Leales / Frecuentes;8;2;22.1
2800;2;Campeones / VIP;41;13;313.068
2801;2;Campeones / VIP;22;9;479.324
2802;0;Leales / Frecuentes;172;5;132.084
2803;2;Campeones / VIP;14;8;180.7
2804;3;Nuevos / Esporádicos;301;2;50.300000000000004
2805;2;Campeones / VIP;3;13;246.48
2806;0;Leales / Frecuentes;307;6;283.40999999999997
2807;2;Campeones / VIP;15;10;564.448
2808;0;Leales / Frecuentes;245;4;85.6
2809;1;En Riesgo / Inactivos;20;16;398.172
2810;0;Leales / Frecuentes;163;3;305.34999999999997
2811;2;Campeones / VIP;150;11;260.0
2812;3;Nuevos / Esporádicos;486;2;32.0
2813;2;Campeones / VIP;51;12;244.6
2814;0;Leales / Frecuentes;148;5;175.9
2815;2;Campeones / VIP;19;14;366.256
2816;0;Leales / Frecuentes;205;7;301.1
2817;2;Campeones / VIP;43;10;260.022
2818;0;Leales / Frecuentes;130;2;54.3
2819;2;Campeones / VIP;41;5;469.9
2820;2;Campeones / VIP;8;7;386.70000000000005
2821;2;Campeones / VIP;56;9;288.8
2822;2;Campeones / VIP;26;11;464.3
2823;2;Campeones / VIP;78;7;674.35
2824;1;En Riesgo / Inactivos;41;14;500.6
2825;1;En Riesgo / Inactivos;39;13;820.784
2826;0;Leales / Frecuentes;70;5;207.136
2827;2;Campeones / VIP;123;8;232.6
2828;2;Campeones / VIP;106;9;351.95
2829;2;Campeones / VIP;0;10;538.3
2830;2;Campeones / VIP;265;7;356.3
2831;2;Campeones / VIP;130;8;391.1
2832;0;Leales / Frecuentes;22;5;103.5
2833;1;En Riesgo / Inactivos;100;15;567.6
2834;0;Leales / Frecuentes;216;2;47.0
2835;0;Leales / Frecuentes;243;4;121.30000000000001
2836;3;Nuevos / Esporádicos;507;3;34.400000000000006
2837;2;Campeones / VIP;20;9;485.4
2838;3;Nuevos / Esporádicos;326;4;201.4
2839;2;Campeones / VIP;4;8;366.6
2840;3;Nuevos / Esporádicos;444;2;60.1
2841;3;Nuevos / Esporádicos;667;1;6.2
2842;0;Leales / Frecuentes;4;2;98.39999999999999
2843;0;Leales / Frecuentes;139;5;387.1
2844;0;Leales / Frecuentes;1;5;171.79999999999998
2845;0;Leales / Frecuentes;84;5;152.29999999999998
2846;1;En Riesgo / Inactivos;116;17;761.12
2847;0;Leales / Frecuentes;149;5;305.20000000000005
2848;0;Leales / Frecuentes;107;7;149.7
2849;2;Campeones / VIP;147;11;443.03
2850;2;Campeones / VIP;96;10;346.304
2851;2;Campeones / VIP;27;9;312.052
2852;2;Campeones / VIP;14;9;150.152
2853;2;Campeones / VIP;129;8;313.02
2854;0;Leales / Frecuentes;25;5;192.408
2855;2;Campeones / VIP;93;12;335.8
2856;2;Campeones / VIP;108;8;251.2
2857;0;Leales / Frecuentes;53;3;166.3
2858;2;Campeones / VIP;88;10;386.3
2859;0;Leales / Frecuentes;160;6;260.4
2860;0;Leales / Frecuentes;94;3;42.4
2861;2;Campeones / VIP;21;11;400.34
2862;3;Nuevos / Esporádicos;667;1;184.5
2863;2;Campeones / VIP;29;8;358.2
2864;1;En Riesgo / Inactivos;16;16;1486.5
2865;2;Campeones / VIP;40;10;380.92
2866;3;Nuevos / Esporádicos;385;4;54.0
2867;0;Leales / Frecuentes;79;5;150.0
2868;0;Leales / Frecuentes;55;5;263.9
2869;2;Campeones / VIP;25;9;269.6
2870;2;Campeones / VIP;123;3;602.0
2871;0;Leales / Frecuentes;136;3;112.3
2872;2;Campeones / VIP;31;9;359.0
2873;2;Campeones / VIP;76;11;227.204
2874;1;En Riesgo / Inactivos;133;13;763.112
2875;1;En Riesgo / Inactivos;40;20;2008.62
2876;0;Leales / Frecuentes;91;7;260.4
2877;2;Campeones / VIP;17;8;275.62
2878;0;Leales / Frecuentes;58;6;196.1
2879;0;Leales / Frecuentes;99;7;213.5
2880;0;Leales / Frecuentes;109;2;347.7
2881;2;Campeones / VIP;30;8;250.29999999999998
2882;2;Campeones / VIP;35;7;523.5
2883;0;Leales / Frecuentes;77;7;246.1
2884;2;Campeones / VIP;25;9;324.815
2885;1;En Riesgo / Inactivos;38;8;1057.1
2886;0;Leales / Frecuentes;227;4;81.108
2887;0;Leales / Frecuentes;171;6;220.5
2888;2;Campeones / VIP;18;7;274.1
2889;0;Leales / Frecuentes;25;8;143.6
2890;0;Leales / Frecuentes;17;4;140.7
2891;2;Campeones / VIP;151;6;406.1
2892;0;Leales / Frecuentes;42;8;181.13
2893;2;Campeones / VIP;167;8;326.94
2894;0;Leales / Frecuentes;5;5;66.212
2895;2;Campeones / VIP;25;8;213.6
2896;0;Leales / Frecuentes;15;7;167.66400000000002
2897;3;Nuevos / Esporádicos;364;3;64.8
2898;0;Leales / Frecuentes;269;6;231.3
2899;0;Leales / Frecuentes;237;4;51.6
2900;0;Leales / Frecuentes;48;6;103.4
2901;2;Campeones / VIP;88;4;518.1
2902;2;Campeones / VIP;54;7;384.9
2903;0;Leales / Frecuentes;88;3;43.199999999999996
2904;0;Leales / Frecuentes;142;4;112.5
2905;2;Campeones / VIP;8;11;384.8
2906;2;Campeones / VIP;29;10;184.352
2907;2;Campeones / VIP;42;11;291.0
2908;3;Nuevos / Esporádicos;300;3;94.7
2909;0;Leales / Frecuentes;19;3;138.7
2910;2;Campeones / VIP;11;9;419.1
2911;0;Leales / Frecuentes;170;7;269.68399999999997
2912;0;Leales / Frecuentes;165;7;218.8
2913;2;Campeones / VIP;0;13;430.5
2914;0;Leales / Frecuentes;68;5;210.0
2915;0;Leales / Frecuentes;132;7;203.6
2916;2;Campeones / VIP;61;9;323.6
2917;0;Leales / Frecuentes;175;3;45.958
2918;0;Leales / Frecuentes;115;7;269.3
2919;2;Campeones / VIP;20;16;343.415
2920;3;Nuevos / Esporádicos;462;2;64.5
2921;1;En Riesgo / Inactivos;24;20;399.9
2922;1;En Riesgo / Inactivos;13;19;504.64000000000004
2923;2;Campeones / VIP;45;10;299.7
2924;0;Leales / Frecuentes;112;5;216.36
2925;2;Campeones / VIP;215;9;369.53999999999996
2926;0;Leales / Frecuentes;41;3;42.7
2927;1;En Riesgo / Inactivos;97;16;789.1
2928;0;Leales / Frecuentes;20;5;110.6
2929;0;Leales / Frecuentes;54;5;167.72
2930;2;Campeones / VIP;66;7;508.3
2931;2;Campeones / VIP;34;12;532.7
2932;0;Leales / Frecuentes;18;5;283.2
2933;0;Leales / Frecuentes;47;6;208.20499999999998
2934;0;Leales / Frecuentes;15;3;84.1
2935;3;Nuevos / Esporádicos;490;2;47.5
2936;3;Nuevos / Esporádicos;665;1;5.2
2937;2;Campeones / VIP;35;10;306.9
2938;2;Campeones / VIP;80;11;417.32
2939;0;Leales / Frecuentes;22;6;120.19999999999999
2940;0;Leales / Frecuentes;29;5;116.69999999999999
2941;1;En Riesgo / Inactivos;74;17;682.2
2942;0;Leales / Frecuentes;85;3;44.8
2943;0;Leales / Frecuentes;102;4;181.9
2944;2;Campeones / VIP;4;10;609.1
2945;2;Campeones / VIP;117;8;389.53
2946;0;Leales / Frecuentes;54;6;302.79999999999995
2947;3;Nuevos / Esporádicos;665;1;4.2
2948;1;En Riesgo / Inactivos;30;13;673.2
2949;0;Leales / Frecuentes;167;7;278.4
2950;3;Nuevos / Esporádicos;374;5;213.79999999999998
2951;2;Campeones / VIP;8;8;253.70000000000002
2952;0;Leales / Frecuentes;61;7;246.4
2953;2;Campeones / VIP;16;10;386.4
2954;3;Nuevos / Esporádicos;387;5;235.05
2955;1;En Riesgo / Inactivos;10;20;597.94
2956;1;En Riesgo / Inactivos;9;20;745.8
2957;2;Campeones / VIP;22;7;320.7
2958;3;Nuevos / Esporádicos;494;2;217.8
2959;3;Nuevos / Esporádicos;665;1;86.856
2960;0;Leales / Frecuentes;289;4;288.1
2961;2;Campeones / VIP;42;8;388.0
2962;2;Campeones / VIP;49;7;276.704
2963;0;Leales / Frecuentes;22;5;182.39999999999998
2964;1;En Riesgo / Inactivos;35;15;554.1999999999999
2965;3;Nuevos / Esporádicos;665;1;24.9
2966;0;Leales / Frecuentes;20;4;217.232
2967;0;Leales / Frecuentes;88;6;70.2
2968;0;Leales / Frecuentes;119;4;142.9
2969;1;En Riesgo / Inactivos;30;20;926.965
2970;0;Leales / Frecuentes;192;4;113.0
2971;0;Leales / Frecuentes;2;6;177.232
2972;2;Campeones / VIP;47;7;289.62
2973;0;Leales / Frecuentes;6;5;156.9
2974;0;Leales / Frecuentes;55;6;251.4
2975;1;En Riesgo / Inactivos;70;17;870.7099999999999
2976;0;Leales / Frecuentes;210;3;108.19999999999999
2977;1;En Riesgo / Inactivos;105;14;807.356
2978;2;Campeones / VIP;60;6;698.7
2979;1;En Riesgo / Inactivos;74;16;687.66
2980;2;Campeones / VIP;73;13;297.688
2981;0;Leales / Frecuentes;141;3;50.264
2982;3;Nuevos / Esporádicos;395;2;102.3
2983;3;Nuevos / Esporádicos;664;1;19.700000000000003
2984;2;Campeones / VIP;89;7;465.8
2985;1;En Riesgo / Inactivos;27;16;623.9639999999999
2986;2;Campeones / VIP;25;13;323.23
2987;0;Leales / Frecuentes;107;2;70.6
2988;0;Leales / Frecuentes;101;7;108.2
2989;2;Campeones / VIP;9;11;331.93
2990;0;Leales / Frecuentes;202;4;84.9
2991;3;Nuevos / Esporádicos;465;2;64.2
2992;2;Campeones / VIP;22;13;396.09999999999997
2993;3;Nuevos / Esporádicos;368;2;18.5
2994;3;Nuevos / Esporádicos;664;1;7.2
2995;0;Leales / Frecuentes;38;4;110.9
2996;3;Nuevos / Esporádicos;664;1;8.9
2997;0;Leales / Frecuentes;205;2;20.646
2998;2;Campeones / VIP;4;9;455.5
2999;0;Leales / Frecuentes;23;4;233.2
3000;0;Leales / Frecuentes;218;3;283.90000000000003
3001;1;En Riesgo / Inactivos;8;16;1816.8
3002;3;Nuevos / Esporádicos;664;1;24.9
3003;3;Nuevos / Esporádicos;326;2;296.09999999999997
3004;0;Leales / Frecuentes;40;3;123.39999999999999
3005;2;Campeones / VIP;76;9;352.8
3006;0;Leales / Frecuentes;66;4;161.2
3007;2;Campeones / VIP;91;8;691.9
3008;2;Campeones / VIP;89;10;277.59200000000004
3009;2;Campeones / VIP;34;8;284.1
3010;1;En Riesgo / Inactivos;9;10;1046.624
3011;1;En Riesgo / Inactivos;12;13;515.096
3012;2;Campeones / VIP;51;7;291.308
3013;0;Leales / Frecuentes;55;4;186.4
3014;3;Nuevos / Esporádicos;337;4;143.29999999999998
3015;2;Campeones / VIP;46;8;308.3
3016;2;Campeones / VIP;68;7;345.79999999999995
3017;2;Campeones / VIP;73;9;617.92
3018;2;Campeones / VIP;2;7;258.86
3019;0;Leales / Frecuentes;232;3;80.0
3020;2;Campeones / VIP;8;13;447.62
3021;0;Leales / Frecuentes;51;8;187.2
3022;0;Leales / Frecuentes;74;7;91.562
3023;0;Leales / Frecuentes;45;5;254.0
3024;0;Leales / Frecuentes;182;3;158.14
3025;0;Leales / Frecuentes;162;3;111.5
3026;0;Leales / Frecuentes;55;2;130.6
3027;2;Campeones / VIP;91;7;544.29
3028;0;Leales / Frecuentes;193;4;158.8
3029;3;Nuevos / Esporádicos;432;6;185.2
3030;0;Leales / Frecuentes;22;4;258.2
3031;2;Campeones / VIP;3;14;323.4
3032;1;En Riesgo / Inactivos;0;14;587.572
3033;2;Campeones / VIP;6;12;543.588
3034;1;En Riesgo / Inactivos;21;19;767.1
3035;1;En Riesgo / Inactivos;0;16;621.3
3036;3;Nuevos / Esporádicos;556;2;33.599999999999994
3037;3;Nuevos / Esporádicos;486;2;53.199999999999996
3038;0;Leales / Frecuentes;26;4;124.3
3039;0;Leales / Frecuentes;93;8;161.4
3040;1;En Riesgo / Inactivos;7;15;794.02
3041;2;Campeones / VIP;74;9;476.2
3042;3;Nuevos / Esporádicos;371;2;27.799999999999997
3043;0;Leales / Frecuentes;160;5;207.0
3044;1;En Riesgo / Inactivos;40;10;921.42
3045;0;Leales / Frecuentes;78;4;173.7
3046;0;Leales / Frecuentes;160;5;138.163
3047;2;Campeones / VIP;20;8;228.336
3048;2;Campeones / VIP;61;10;406.4
3049;3;Nuevos / Esporádicos;486;2;15.100000000000001
3050;2;Campeones / VIP;159;9;304.55
3051;3;Nuevos / Esporádicos;663;1;4.2
3052;2;Campeones / VIP;18;7;442.2
3053;2;Campeones / VIP;41;8;321.5
3054;0;Leales / Frecuentes;20;8;135.0
3055;0;Leales / Frecuentes;41;7;217.7
3056;0;Leales / Frecuentes;131;5;128.1
3057;2;Campeones / VIP;61;8;278.3
3058;2;Campeones / VIP;21;9;166.0
3059;1;En Riesgo / Inactivos;11;17;899.74
3060;3;Nuevos / Esporádicos;517;3;65.7
3061;3;Nuevos / Esporádicos;460;2;84.4
3062;3;Nuevos / Esporádicos;402;2;51.4
3063;2;Campeones / VIP;203;9;549.044
3064;0;Leales / Frecuentes;152;5;282.9
3065;0;Leales / Frecuentes;169;5;67.4
3066;1;En Riesgo / Inactivos;6;19;954.06
3067;1;En Riesgo / Inactivos;83;16;546.856
3068;0;Leales / Frecuentes;147;3;24.700000000000003
3069;2;Campeones / VIP;160;9;374.81
3070;0;Leales / Frecuentes;101;7;202.8
3071;0;Leales / Frecuentes;221;4;281.7
3072;2;Campeones / VIP;28;10;373.40000000000003
3073;0;Leales / Frecuentes;215;2;30.299999999999997
3074;0;Leales / Frecuentes;17;4;127.30000000000001
3075;0;Leales / Frecuentes;11;7;228.79999999999998
3076;1;En Riesgo / Inactivos;4;16;641.4
3077;0;Leales / Frecuentes;8;6;258.7
3078;2;Campeones / VIP;9;7;241.39999999999998
3079;2;Campeones / VIP;31;5;437.9
3080;3;Nuevos / Esporádicos;318;4;84.5
3081;3;Nuevos / Esporádicos;327;3;127.0
3082;3;Nuevos / Esporádicos;401;2;49.9
3083;2;Campeones / VIP;49;7;446.7
3084;1;En Riesgo / Inactivos;6;17;454.212
3085;1;En Riesgo / Inactivos;27;13;853.4000000000001
3086;2;Campeones / VIP;75;12;380.905
3087;2;Campeones / VIP;101;11;359.90000000000003
3088;0;Leales / Frecuentes;52;6;261.9
3089;2;Campeones / VIP;167;9;350.8
3090;2;Campeones / VIP;41;8;296.8
3091;2;Campeones / VIP;82;8;206.0
3092;0;Leales / Frecuentes;11;6;248.94799999999998
3093;0;Leales / Frecuentes;185;4;64.4
3094;0;Leales / Frecuentes;130;5;140.4
3095;2;Campeones / VIP;3;9;170.61599999999999
3096;2;Campeones / VIP;81;10;404.3
3097;3;Nuevos / Esporádicos;662;1;26.700000000000003
3098;1;En Riesgo / Inactivos;88;9;713.5
3099;0;Leales / Frecuentes;5;5;219.20000000000002
3100;1;En Riesgo / Inactivos;148;14;622.2
3101;3;Nuevos / Esporádicos;465;3;70.4
3102;3;Nuevos / Esporádicos;473;2;10.600000000000001
3103;1;En Riesgo / Inactivos;0;15;423.68399999999997
3104;0;Leales / Frecuentes;5;3;95.3
3105;2;Campeones / VIP;0;8;416.9
3106;2;Campeones / VIP;127;9;512.8000000000001
3107;0;Leales / Frecuentes;179;4;59.764
3108;2;Campeones / VIP;96;10;610.8
3109;0;Leales / Frecuentes;311;5;383.8
3110;2;Campeones / VIP;52;7;256.5
3111;2;Campeones / VIP;90;9;168.99999999999997
3112;0;Leales / Frecuentes;224;3;82.4
3113;0;Leales / Frecuentes;249;6;354.734
3114;0;Leales / Frecuentes;36;5;57.120000000000005
3115;0;Leales / Frecuentes;78;4;107.328
3116;1;En Riesgo / Inactivos;73;13;737.5
3117;0;Leales / Frecuentes;270;3;83.4
3118;2;Campeones / VIP;32;9;525.2
3119;3;Nuevos / Esporádicos;661;1;37.4
3120;1;En Riesgo / Inactivos;8;16;615.4
3121;2;Campeones / VIP;2;9;164.79999999999998
3122;0;Leales / Frecuentes;4;6;149.16
3123;2;Campeones / VIP;24;8;256.8
3124;0;Leales / Frecuentes;107;3;68.3
3125;2;Campeones / VIP;158;9;203.412
3126;0;Leales / Frecuentes;134;3;134.7
3127;0;Leales / Frecuentes;191;3;64.844
3128;2;Campeones / VIP;27;11;385.51
3129;2;Campeones / VIP;3;13;310.132
3130;0;Leales / Frecuentes;65;9;115.4
3131;2;Campeones / VIP;110;11;382.404
3132;2;Campeones / VIP;1;8;208.7
3133;2;Campeones / VIP;35;8;300.99999999999994
3134;2;Campeones / VIP;24;7;248.29999999999998
3135;2;Campeones / VIP;3;13;341.70000000000005
3136;2;Campeones / VIP;35;9;462.81
3137;2;Campeones / VIP;23;8;360.7
3138;0;Leales / Frecuentes;94;4;160.9
3139;2;Campeones / VIP;1;7;422.21
3140;2;Campeones / VIP;14;11;456.9
3141;2;Campeones / VIP;20;10;402.3
3142;3;Nuevos / Esporádicos;394;4;66.6
3143;2;Campeones / VIP;103;13;428.412
3144;1;En Riesgo / Inactivos;35;15;447.90000000000003
3145;3;Nuevos / Esporádicos;474;5;357.1
3146;2;Campeones / VIP;78;10;495.52
3147;0;Leales / Frecuentes;21;4;125.10000000000001
3148;3;Nuevos / Esporádicos;444;4;158.6
3149;0;Leales / Frecuentes;38;4;207.732
3150;3;Nuevos / Esporádicos;531;4;68.2
3151;2;Campeones / VIP;16;8;288.3
3152;0;Leales / Frecuentes;21;6;221.0
3153;0;Leales / Frecuentes;22;6;225.1
3154;1;En Riesgo / Inactivos;73;9;1005.76
3155;0;Leales / Frecuentes;226;5;373.1
3156;0;Leales / Frecuentes;163;4;262.06
3157;0;Leales / Frecuentes;29;4;147.1
3158;2;Campeones / VIP;46;9;250.28
3159;0;Leales / Frecuentes;183;6;79.4
3160;3;Nuevos / Esporádicos;411;4;106.1
3161;0;Leales / Frecuentes;28;4;130.9
3162;3;Nuevos / Esporádicos;384;2;57.699999999999996
3163;1;En Riesgo / Inactivos;2;12;619.565
3164;2;Campeones / VIP;25;10;357.9
3165;0;Leales / Frecuentes;228;4;70.77499999999999
3166;2;Campeones / VIP;17;11;213.4
3167;3;Nuevos / Esporádicos;660;1;75.6
3168;3;Nuevos / Esporádicos;404;4;297.0
3169;2;Campeones / VIP;143;8;482.4
3170;0;Leales / Frecuentes;24;2;49.6
3171;2;Campeones / VIP;7;6;300.3
3172;2;Campeones / VIP;16;11;545.9
3173;0;Leales / Frecuentes;207;2;141.2
3174;2;Campeones / VIP;180;8;356.4
3175;0;Leales / Frecuentes;128;7;217.8
3176;0;Leales / Frecuentes;35;4;75.1
3177;0;Leales / Frecuentes;50;7;196.5
3178;3;Nuevos / Esporádicos;378;2;131.3
3179;0;Leales / Frecuentes;83;4;78.84
3180;2;Campeones / VIP;15;9;514.8
3181;1;En Riesgo / Inactivos;27;6;936.0999999999999
3182;2;Campeones / VIP;51;11;414.4
3183;3;Nuevos / Esporádicos;379;2;10.8
3184;1;En Riesgo / Inactivos;15;11;715.82
3185;2;Campeones / VIP;48;14;299.304
3186;1;En Riesgo / Inactivos;38;14;524.8
3187;0;Leales / Frecuentes;167;3;95.4
3188;1;En Riesgo / Inactivos;8;16;443.82
3189;2;Campeones / VIP;71;10;468.2
3190;3;Nuevos / Esporádicos;375;2;396.22
3191;1;En Riesgo / Inactivos;34;14;876.3
3192;0;Leales / Frecuentes;120;3;39.8
3193;3;Nuevos / Esporádicos;419;2;59.7
3194;0;Leales / Frecuentes;72;5;137.1
3195;0;Leales / Frecuentes;12;6;152.9
3196;2;Campeones / VIP;18;6;307.2
3197;0;Leales / Frecuentes;114;5;87.1
3198;0;Leales / Frecuentes;146;2;35.3
3199;0;Leales / Frecuentes;234;4;99.5
3200;2;Campeones / VIP;16;10;411.3
3201;3;Nuevos / Esporádicos;542;2;28.299999999999997
3202;3;Nuevos / Esporádicos;280;2;20.1
3203;0;Leales / Frecuentes;112;4;185.3
3204;2;Campeones / VIP;43;10;310.09000000000003
3205;3;Nuevos / Esporádicos;659;1;14.9
3206;0;Leales / Frecuentes;248;5;446.0
3207;2;Campeones / VIP;47;7;316.9
3208;2;Campeones / VIP;47;7;379.47
3209;2;Campeones / VIP;111;11;186.908
3210;0;Leales / Frecuentes;233;5;107.1
3211;2;Campeones / VIP;46;8;340.1
3212;1;En Riesgo / Inactivos;136;14;518.305
3213;2;Campeones / VIP;26;12;504.03
3214;2;Campeones / VIP;130;10;377.01
3215;0;Leales / Frecuentes;166;2;72.8
3216;2;Campeones / VIP;138;8;253.8
3217;0;Leales / Frecuentes;53;6;215.7
3218;3;Nuevos / Esporádicos;548;3;56.10000000000001
3219;2;Campeones / VIP;113;11;468.01
3220;2;Campeones / VIP;21;4;437.0
3221;0;Leales / Frecuentes;15;6;262.8
3222;0;Leales / Frecuentes;284;5;143.4
3223;2;Campeones / VIP;90;8;325.8
3224;0;Leales / Frecuentes;171;4;52.1
3225;3;Nuevos / Esporádicos;659;1;32.5
3226;2;Campeones / VIP;109;9;299.5
3227;0;Leales / Frecuentes;29;2;51.699999999999996
3228;2;Campeones / VIP;31;11;333.4
3229;0;Leales / Frecuentes;79;4;90.7
3230;2;Campeones / VIP;25;7;625.0
3231;0;Leales / Frecuentes;276;5;354.49999999999994
3232;2;Campeones / VIP;34;9;363.2
3233;0;Leales / Frecuentes;76;4;73.4
3234;0;Leales / Frecuentes;177;4;208.5
3235;3;Nuevos / Esporádicos;488;2;125.49999999999999
3236;2;Campeones / VIP;141;10;333.0
3237;2;Campeones / VIP;241;9;264.59999999999997
3238;3;Nuevos / Esporádicos;320;3;95.9
3239;0;Leales / Frecuentes;92;3;89.1
3240;1;En Riesgo / Inactivos;7;15;654.28
3241;2;Campeones / VIP;46;10;430.09999999999997
3242;2;Campeones / VIP;29;14;417.8
3243;3;Nuevos / Esporádicos;309;3;49.0
3244;1;En Riesgo / Inactivos;18;19;1016.92
3245;0;Leales / Frecuentes;52;5;301.8
3246;2;Campeones / VIP;83;8;359.6
3247;3;Nuevos / Esporádicos;658;1;12.9
3248;3;Nuevos / Esporádicos;356;3;85.565
3249;0;Leales / Frecuentes;82;6;125.1
3250;2;Campeones / VIP;171;6;470.90000000000003
3251;0;Leales / Frecuentes;200;2;112.5
3252;2;Campeones / VIP;77;8;210.75
3253;3;Nuevos / Esporádicos;379;3;138.92000000000002
3254;0;Leales / Frecuentes;178;5;262.4
3255;2;Campeones / VIP;69;7;451.61
3256;0;Leales / Frecuentes;178;5;160.0
3257;0;Leales / Frecuentes;244;4;225.9
3258;2;Campeones / VIP;0;8;563.8
3259;0;Leales / Frecuentes;10;4;65.10000000000001
3260;2;Campeones / VIP;60;8;282.5
3261;0;Leales / Frecuentes;216;6;133.5
3262;0;Leales / Frecuentes;23;4;53.6
3263;2;Campeones / VIP;136;10;297.09999999999997
3264;1;En Riesgo / Inactivos;28;21;623.3
3265;2;Campeones / VIP;60;10;500.07
3266;0;Leales / Frecuentes;41;3;24.599999999999998
3267;2;Campeones / VIP;131;6;515.44
3268;2;Campeones / VIP;41;7;277.3
3269;1;En Riesgo / Inactivos;19;10;861.6
3270;0;Leales / Frecuentes;112;5;163.3
3271;0;Leales / Frecuentes;230;6;257.5
3272;2;Campeones / VIP;0;6;371.155
3273;3;Nuevos / Esporádicos;337;6;193.9
3274;3;Nuevos / Esporádicos;361;4;136.1
3275;0;Leales / Frecuentes;221;5;172.976
3276;0;Leales / Frecuentes;70;6;198.1
3277;1;En Riesgo / Inactivos;9;15;753.0999999999999
3278;0;Leales / Frecuentes;131;3;167.4
3279;0;Leales / Frecuentes;57;4;135.3
3280;3;Nuevos / Esporádicos;658;1;23.5
3281;0;Leales / Frecuentes;82;3;177.59999999999997
3282;0;Leales / Frecuentes;95;2;26.4
3283;0;Leales / Frecuentes;170;4;70.4
3284;3;Nuevos / Esporádicos;323;2;28.700000000000003
3285;2;Campeones / VIP;9;9;336.5
3286;0;Leales / Frecuentes;114;5;205.4
3287;1;En Riesgo / Inactivos;28;12;759.93
3288;0;Leales / Frecuentes;44;4;173.0
3289;0;Leales / Frecuentes;104;6;81.0
3290;3;Nuevos / Esporádicos;410;3;144.29999999999998
3291;0;Leales / Frecuentes;9;4;23.0
3292;3;Nuevos / Esporádicos;512;3;107.1
3293;0;Leales / Frecuentes;114;6;121.5
3294;0;Leales / Frecuentes;136;4;86.3
3295;0;Leales / Frecuentes;217;4;168.4
3296;0;Leales / Frecuentes;235;6;186.6
3297;0;Leales / Frecuentes;113;6;205.8
3298;1;En Riesgo / Inactivos;42;15;623.1
3299;3;Nuevos / Esporádicos;657;1;69.4
3300;0;Leales / Frecuentes;27;7;183.77
3301;0;Leales / Frecuentes;7;5;154.1
3302;0;Leales / Frecuentes;143;7;216.2
3303;2;Campeones / VIP;158;10;238.1
3304;0;Leales / Frecuentes;172;3;56.5
3305;2;Campeones / VIP;19;11;401.685
3306;2;Campeones / VIP;272;8;582.5
3307;1;En Riesgo / Inactivos;58;14;619.58
3308;2;Campeones / VIP;62;6;594.0
3309;2;Campeones / VIP;31;5;614.2
3310;0;Leales / Frecuentes;19;6;154.0
3311;2;Campeones / VIP;91;11;346.9
3312;0;Leales / Frecuentes;21;8;169.7
3313;2;Campeones / VIP;43;8;466.05
3314;0;Leales / Frecuentes;101;7;232.1
3315;3;Nuevos / Esporádicos;413;2;23.6
3316;3;Nuevos / Esporádicos;657;1;34.9
3317;0;Leales / Frecuentes;248;5;104.3
3318;0;Leales / Frecuentes;245;4;87.8
3319;2;Campeones / VIP;58;12;247.04
3320;3;Nuevos / Esporádicos;297;4;58.744
3321;0;Leales / Frecuentes;5;7;116.50399999999999
3322;2;Campeones / VIP;79;12;432.344
3323;2;Campeones / VIP;31;7;296.8
3324;2;Campeones / VIP;26;8;306.40000000000003
3325;1;En Riesgo / Inactivos;44;14;673.7
3326;2;Campeones / VIP;111;12;265.0
3327;0;Leales / Frecuentes;13;4;281.0
3328;0;Leales / Frecuentes;256;4;106.6
3329;2;Campeones / VIP;36;16;247.75
3330;0;Leales / Frecuentes;18;2;99.3
3331;2;Campeones / VIP;126;11;475.2
3332;2;Campeones / VIP;148;11;207.2
3333;0;Leales / Frecuentes;123;8;178.4
3334;2;Campeones / VIP;26;13;425.5
3335;0;Leales / Frecuentes;238;3;109.19999999999999
3336;0;Leales / Frecuentes;53;4;162.4
3337;0;Leales / Frecuentes;237;5;169.39999999999998
3338;0;Leales / Frecuentes;41;4;283.1
3339;1;En Riesgo / Inactivos;186;6;979.9000000000001
3340;0;Leales / Frecuentes;63;4;43.5
3341;0;Leales / Frecuentes;157;6;94.73
3342;0;Leales / Frecuentes;5;6;176.7
3343;2;Campeones / VIP;8;10;253.9
3344;0;Leales / Frecuentes;40;3;29.1
3345;0;Leales / Frecuentes;135;5;103.19999999999999
3346;0;Leales / Frecuentes;55;5;186.5
3347;0;Leales / Frecuentes;85;5;109.2
3348;0;Leales / Frecuentes;100;4;131.375
3349;1;En Riesgo / Inactivos;221;6;1144.32
3350;0;Leales / Frecuentes;0;5;146.7
3351;2;Campeones / VIP;37;10;440.8
3352;0;Leales / Frecuentes;16;5;213.8
3353;2;Campeones / VIP;336;3;726.8000000000001
3354;3;Nuevos / Esporádicos;323;3;85.0
3355;1;En Riesgo / Inactivos;27;15;541.7
3356;0;Leales / Frecuentes;95;3;81.9
3357;2;Campeones / VIP;97;7;503.5
3358;3;Nuevos / Esporádicos;335;3;179.9
3359;2;Campeones / VIP;13;8;265.82000000000005
3360;0;Leales / Frecuentes;44;5;254.8
3361;1;En Riesgo / Inactivos;4;17;705.0
3362;2;Campeones / VIP;77;11;535.3000000000001
3363;0;Leales / Frecuentes;30;8;165.7
3364;1;En Riesgo / Inactivos;13;15;818.713
3365;0;Leales / Frecuentes;183;8;205.3
3366;3;Nuevos / Esporádicos;326;4;315.5
3367;0;Leales / Frecuentes;119;6;98.4
3368;3;Nuevos / Esporádicos;518;5;785.945
3369;1;En Riesgo / Inactivos;1;14;512.716
3370;0;Leales / Frecuentes;67;6;191.661
3371;0;Leales / Frecuentes;84;2;129.7
3372;3;Nuevos / Esporádicos;656;1;39.6
3373;0;Leales / Frecuentes;20;6;163.1
3374;1;En Riesgo / Inactivos;9;12;625.21
3375;0;Leales / Frecuentes;78;5;166.2
3376;3;Nuevos / Esporádicos;386;3;261.2
3377;2;Campeones / VIP;70;10;588.4
3378;2;Campeones / VIP;41;13;441.82
3379;0;Leales / Frecuentes;83;2;39.5
3380;0;Leales / Frecuentes;47;7;207.5
3381;0;Leales / Frecuentes;6;7;223.9
3382;0;Leales / Frecuentes;26;3;57.2
3383;0;Leales / Frecuentes;120;4;56.9
3384;1;En Riesgo / Inactivos;108;18;667.674
3385;2;Campeones / VIP;29;7;437.19
3386;0;Leales / Frecuentes;239;4;407.9
3387;0;Leales / Frecuentes;7;6;112.1
3388;0;Leales / Frecuentes;32;5;62.2
3389;0;Leales / Frecuentes;19;6;224.9
3390;0;Leales / Frecuentes;147;4;362.4
3391;0;Leales / Frecuentes;104;2;19.4
3392;2;Campeones / VIP;12;9;180.7
3393;0;Leales / Frecuentes;126;4;90.4
3394;0;Leales / Frecuentes;25;6;139.75
3395;2;Campeones / VIP;1;10;193.5
3396;3;Nuevos / Esporádicos;370;5;235.188
3397;2;Campeones / VIP;102;7;412.6
3398;3;Nuevos / Esporádicos;584;2;85.5
3399;0;Leales / Frecuentes;246;3;74.9
3400;3;Nuevos / Esporádicos;388;3;35.400000000000006
3401;1;En Riesgo / Inactivos;59;15;709.72
3402;2;Campeones / VIP;123;7;461.2
3403;0;Leales / Frecuentes;56;7;237.2
3404;3;Nuevos / Esporádicos;362;4;321.5
3405;2;Campeones / VIP;71;12;496.06
3406;2;Campeones / VIP;10;8;273.61199999999997
3407;0;Leales / Frecuentes;62;3;280.2
3408;2;Campeones / VIP;23;6;489.28
3409;3;Nuevos / Esporádicos;655;1;22.9
3410;2;Campeones / VIP;68;9;225.7
3411;0;Leales / Frecuentes;246;3;83.6
3412;1;En Riesgo / Inactivos;32;13;649.828
3413;3;Nuevos / Esporádicos;462;2;156.4
3414;0;Leales / Frecuentes;4;4;69.3
3415;3;Nuevos / Esporádicos;580;2;30.700000000000003
3416;3;Nuevos / Esporádicos;339;2;52.5
3417;2;Campeones / VIP;77;12;531.9
3418;2;Campeones / VIP;72;12;369.4
3419;0;Leales / Frecuentes;118;4;203.7
3420;2;Campeones / VIP;27;10;505.1
3421;3;Nuevos / Esporádicos;529;2;85.10000000000001
3422;0;Leales / Frecuentes;152;3;105.1
3423;0;Leales / Frecuentes;274;2;181.29999999999998
3424;3;Nuevos / Esporádicos;395;2;37.6
3425;0;Leales / Frecuentes;269;4;131.89999999999998
3426;2;Campeones / VIP;10;11;513.3000000000001
3427;3;Nuevos / Esporádicos;542;2;90.5
3428;1;En Riesgo / Inactivos;163;13;763.54
3429;0;Leales / Frecuentes;13;6;219.5
3430;2;Campeones / VIP;208;5;550.4
3431;0;Leales / Frecuentes;26;5;233.6
3432;0;Leales / Frecuentes;51;6;227.8
3433;2;Campeones / VIP;147;8;437.175
3434;2;Campeones / VIP;1;10;339.624
3435;0;Leales / Frecuentes;11;8;154.0
3436;0;Leales / Frecuentes;205;4;158.852
3437;0;Leales / Frecuentes;198;8;217.22
3438;2;Campeones / VIP;103;9;253.835
3439;0;Leales / Frecuentes;16;5;67.33200000000001
3440;2;Campeones / VIP;50;6;473.5
3441;0;Leales / Frecuentes;179;5;119.3
3442;3;Nuevos / Esporádicos;305;2;42.1
3443;2;Campeones / VIP;103;7;444.7
3444;2;Campeones / VIP;22;8;262.4
3445;2;Campeones / VIP;102;8;382.2
3446;0;Leales / Frecuentes;83;7;212.4
3447;0;Leales / Frecuentes;85;3;240.6
3448;0;Leales / Frecuentes;89;6;182.9
3449;2;Campeones / VIP;20;9;191.1
3450;0;Leales / Frecuentes;89;6;123.9
3451;2;Campeones / VIP;29;8;289.5
3452;0;Leales / Frecuentes;61;2;45.364999999999995
3453;2;Campeones / VIP;48;8;252.0
3454;2;Campeones / VIP;59;13;348.5
3455;0;Leales / Frecuentes;25;5;113.5
3456;0;Leales / Frecuentes;188;2;19.2
3457;2;Campeones / VIP;129;9;276.0
3458;3;Nuevos / Esporádicos;591;3;142.9
3459;2;Campeones / VIP;14;8;346.1
3460;0;Leales / Frecuentes;82;2;40.599999999999994
3461;2;Campeones / VIP;54;11;273.6
3462;0;Leales / Frecuentes;41;5;90.6
3463;2;Campeones / VIP;0;12;444.488
3464;0;Leales / Frecuentes;123;3;101.2
3465;2;Campeones / VIP;31;9;637.9
3466;0;Leales / Frecuentes;72;5;172.5
3467;0;Leales / Frecuentes;5;4;117.1
3468;0;Leales / Frecuentes;124;6;174.29999999999998
3469;0;Leales / Frecuentes;99;5;151.85199999999998
3470;0;Leales / Frecuentes;239;3;47.4
3471;0;Leales / Frecuentes;86;5;107.6
3472;0;Leales / Frecuentes;85;4;74.1
3473;2;Campeones / VIP;24;8;320.7
3474;1;En Riesgo / Inactivos;69;17;358.235
3475;1;En Riesgo / Inactivos;6;14;718.51
3476;1;En Riesgo / Inactivos;16;13;1176.412
3477;3;Nuevos / Esporádicos;283;2;73.69999999999999
3478;1;En Riesgo / Inactivos;13;17;639.72
3479;2;Campeones / VIP;72;7;269.5
3480;1;En Riesgo / Inactivos;43;14;480.6
3481;1;En Riesgo / Inactivos;17;30;995.0
3482;0;Leales / Frecuentes;132;4;82.9
3483;0;Leales / Frecuentes;2;3;96.69999999999999
3484;3;Nuevos / Esporádicos;355;3;148.1
3485;2;Campeones / VIP;27;9;560.6
3486;0;Leales / Frecuentes;250;3;99.4
3487;1;En Riesgo / Inactivos;35;6;1178.4
3488;3;Nuevos / Esporádicos;428;3;25.5
3489;0;Leales / Frecuentes;57;2;30.3
3490;0;Leales / Frecuentes;220;4;137.4
3491;2;Campeones / VIP;104;9;652.0
3492;0;Leales / Frecuentes;83;7;84.8
3493;0;Leales / Frecuentes;32;4;157.6
3494;2;Campeones / VIP;56;11;532.6
3495;1;En Riesgo / Inactivos;29;21;537.5
3496;2;Campeones / VIP;5;10;243.596
3497;2;Campeones / VIP;28;10;228.8
3498;2;Campeones / VIP;195;9;459.9
3499;0;Leales / Frecuentes;112;4;162.35000000000002
3500;2;Campeones / VIP;132;7;645.9
3501;0;Leales / Frecuentes;30;3;42.3
3502;0;Leales / Frecuentes;240;4;288.2
3503;1;En Riesgo / Inactivos;30;8;760.2
3504;1;En Riesgo / Inactivos;24;15;592.5
3505;0;Leales / Frecuentes;167;6;97.19999999999999
3506;3;Nuevos / Esporádicos;346;3;80.0
3507;1;En Riesgo / Inactivos;112;11;686.994
3508;0;Leales / Frecuentes;129;6;186.5
3509;0;Leales / Frecuentes;105;4;230.5
3510;2;Campeones / VIP;55;10;259.8
3511;0;Leales / Frecuentes;167;3;185.99999999999997
3512;3;Nuevos / Esporádicos;590;2;41.8
3513;2;Campeones / VIP;30;10;200.3
3514;0;Leales / Frecuentes;210;7;265.9
3515;3;Nuevos / Esporádicos;652;1;6.8
3516;0;Leales / Frecuentes;5;7;187.68
3517;3;Nuevos / Esporádicos;365;4;85.4
3518;2;Campeones / VIP;42;9;288.895
3519;1;En Riesgo / Inactivos;15;18;443.7
3520;2;Campeones / VIP;4;14;385.2
3521;0;Leales / Frecuentes;15;6;210.1
3522;2;Campeones / VIP;49;11;359.40000000000003
3523;0;Leales / Frecuentes;249;5;280.8
3524;0;Leales / Frecuentes;206;4;98.3
3525;3;Nuevos / Esporádicos;368;3;190.1
3526;2;Campeones / VIP;15;8;202.3
3527;0;Leales / Frecuentes;32;5;303.5
3528;0;Leales / Frecuentes;1;3;45.7
3529;2;Campeones / VIP;162;6;368.65999999999997
3530;3;Nuevos / Esporádicos;652;1;46.0
3531;2;Campeones / VIP;62;10;260.3
3532;2;Campeones / VIP;25;10;502.09999999999997
3533;0;Leales / Frecuentes;207;3;125.8
3534;1;En Riesgo / Inactivos;4;12;698.36
3535;2;Campeones / VIP;14;9;311.7
3536;2;Campeones / VIP;1;9;347.95599999999996
3537;0;Leales / Frecuentes;160;3;35.665
3538;0;Leales / Frecuentes;100;7;256.116
3539;2;Campeones / VIP;120;9;210.1
3540;0;Leales / Frecuentes;31;4;102.69999999999999
3541;0;Leales / Frecuentes;35;5;251.5
3542;0;Leales / Frecuentes;84;6;176.7
3543;3;Nuevos / Esporádicos;652;1;22.9
3544;2;Campeones / VIP;69;9;263.4
3545;1;En Riesgo / Inactivos;98;16;529.52
3546;2;Campeones / VIP;180;12;274.1
3547;0;Leales / Frecuentes;86;6;225.3
3548;0;Leales / Frecuentes;253;3;76.7
3549;0;Leales / Frecuentes;249;5;141.4
3550;0;Leales / Frecuentes;80;4;327.41
3551;2;Campeones / VIP;34;8;434.7
3552;0;Leales / Frecuentes;128;6;268.7
3553;0;Leales / Frecuentes;27;6;196.165
3554;0;Leales / Frecuentes;34;7;193.6
3555;2;Campeones / VIP;38;9;406.7
3556;2;Campeones / VIP;49;9;207.3
3557;0;Leales / Frecuentes;87;5;112.39999999999999
3558;2;Campeones / VIP;23;11;435.9
3559;2;Campeones / VIP;161;9;394.5
3560;2;Campeones / VIP;18;8;260.0
3561;1;En Riesgo / Inactivos;6;22;746.3
3562;2;Campeones / VIP;141;15;283.356
3563;3;Nuevos / Esporádicos;418;4;61.9
3564;0;Leales / Frecuentes;237;3;141.8
3565;0;Leales / Frecuentes;2;4;129.5
3566;2;Campeones / VIP;35;7;341.6
3567;1;En Riesgo / Inactivos;27;11;673.4
3568;2;Campeones / VIP;27;8;201.0
3569;1;En Riesgo / Inactivos;12;14;564.05
3570;3;Nuevos / Esporádicos;570;2;36.4
3571;0;Leales / Frecuentes;44;5;213.89999999999998
3572;3;Nuevos / Esporádicos;499;2;72.4
3573;3;Nuevos / Esporádicos;463;2;17.5
3574;2;Campeones / VIP;36;7;710.6
3575;3;Nuevos / Esporádicos;532;2;28.099999999999998
3576;0;Leales / Frecuentes;17;4;137.3
3577;2;Campeones / VIP;7;10;357.7
3578;1;En Riesgo / Inactivos;2;16;1211.0
3579;0;Leales / Frecuentes;33;5;146.9
3580;0;Leales / Frecuentes;54;5;198.7
3581;0;Leales / Frecuentes;174;3;39.6
3582;0;Leales / Frecuentes;70;2;376.9
3583;2;Campeones / VIP;122;8;351.4
3584;2;Campeones / VIP;242;6;403.2
3585;0;Leales / Frecuentes;216;2;43.7
3586;2;Campeones / VIP;32;7;321.2
3587;1;En Riesgo / Inactivos;30;18;527.3000000000001
3588;2;Campeones / VIP;6;13;403.1
3589;1;En Riesgo / Inactivos;23;14;474.47
3590;0;Leales / Frecuentes;55;6;252.6
3591;0;Leales / Frecuentes;62;6;241.42499999999998
3592;0;Leales / Frecuentes;184;3;106.49999999999999
3593;2;Campeones / VIP;108;8;255.0
3594;0;Leales / Frecuentes;85;5;208.9
3595;1;En Riesgo / Inactivos;4;15;1029.5
3596;2;Campeones / VIP;12;7;294.4
3597;1;En Riesgo / Inactivos;58;17;703.504
3598;2;Campeones / VIP;9;13;438.5
3599;2;Campeones / VIP;8;8;173.8
3600;2;Campeones / VIP;150;10;291.5
3601;0;Leales / Frecuentes;42;7;185.0
3602;1;En Riesgo / Inactivos;18;11;838.78
3603;0;Leales / Frecuentes;206;7;210.1
3604;1;En Riesgo / Inactivos;3;17;709.3299999999999
3605;1;En Riesgo / Inactivos;30;14;781.4
3606;0;Leales / Frecuentes;11;6;143.32
3607;1;En Riesgo / Inactivos;10;18;650.2
3608;0;Leales / Frecuentes;128;5;249.0
3609;2;Campeones / VIP;206;11;259.0
3610;0;Leales / Frecuentes;320;7;285.09999999999997
3611;2;Campeones / VIP;0;10;249.26
3612;2;Campeones / VIP;0;10;333.2
3613;3;Nuevos / Esporádicos;391;2;115.6
3614;2;Campeones / VIP;8;13;429.9
3615;1;En Riesgo / Inactivos;67;17;961.5999999999999
3616;0;Leales / Frecuentes;2;7;115.1
3617;0;Leales / Frecuentes;265;6;289.41
3618;2;Campeones / VIP;62;8;383.24
3619;2;Campeones / VIP;77;7;551.7
3620;0;Leales / Frecuentes;36;6;285.3
3621;0;Leales / Frecuentes;76;4;133.4
3622;0;Leales / Frecuentes;109;6;115.9
3623;0;Leales / Frecuentes;73;4;291.1
3624;0;Leales / Frecuentes;122;5;208.79999999999998
3625;2;Campeones / VIP;90;8;408.96
3626;2;Campeones / VIP;30;11;566.844
3627;0;Leales / Frecuentes;110;6;135.4
3628;2;Campeones / VIP;123;8;545.8
3629;0;Leales / Frecuentes;24;6;297.1
3630;0;Leales / Frecuentes;101;6;104.8
3631;0;Leales / Frecuentes;12;5;162.1
3632;0;Leales / Frecuentes;61;3;141.2
3633;0;Leales / Frecuentes;21;5;204.2
3634;0;Leales / Frecuentes;14;5;95.3
3635;2;Campeones / VIP;139;7;496.06
3636;2;Campeones / VIP;46;13;502.9
3637;0;Leales / Frecuentes;163;3;29.97
3638;0;Leales / Frecuentes;192;4;159.9
3639;3;Nuevos / Esporádicos;297;2;81.0
3640;0;Leales / Frecuentes;50;6;191.5
3641;0;Leales / Frecuentes;20;3;249.50000000000003
3642;0;Leales / Frecuentes;3;5;195.21599999999998
3643;2;Campeones / VIP;2;10;476.41499999999996
3644;2;Campeones / VIP;7;8;304.0
3645;0;Leales / Frecuentes;9;7;171.3
3646;0;Leales / Frecuentes;196;3;54.36000000000001
3647;2;Campeones / VIP;3;10;338.052
3648;0;Leales / Frecuentes;112;5;165.3
3649;2;Campeones / VIP;19;10;428.47999999999996
3650;3;Nuevos / Esporádicos;375;4;57.3
3651;1;En Riesgo / Inactivos;0;20;633.0
3652;1;En Riesgo / Inactivos;45;12;692.3199999999999
3653;1;En Riesgo / Inactivos;49;19;609.0
3654;2;Campeones / VIP;54;10;466.9
3655;0;Leales / Frecuentes;50;5;68.4
3656;2;Campeones / VIP;16;10;199.8
3657;2;Campeones / VIP;54;6;488.90000000000003
3658;0;Leales / Frecuentes;105;5;132.5
3659;0;Leales / Frecuentes;5;5;246.20000000000002
3660;0;Leales / Frecuentes;45;3;29.6
3661;2;Campeones / VIP;37;10;555.4
3662;2;Campeones / VIP;94;12;326.09499999999997
3663;0;Leales / Frecuentes;206;8;121.6
3664;2;Campeones / VIP;19;10;262.388
3665;0;Leales / Frecuentes;193;3;244.89999999999998
3666;0;Leales / Frecuentes;56;4;159.3
3667;3;Nuevos / Esporádicos;385;3;83.5
3668;3;Nuevos / Esporádicos;563;2;24.61
3669;1;En Riesgo / Inactivos;22;10;1390.8
3670;2;Campeones / VIP;31;10;495.0
3671;0;Leales / Frecuentes;162;3;101.3
3672;0;Leales / Frecuentes;122;6;176.5
3673;0;Leales / Frecuentes;21;6;104.756
3674;2;Campeones / VIP;7;10;524.6
3675;2;Campeones / VIP;275;6;442.61
3676;0;Leales / Frecuentes;104;6;151.9
3677;1;En Riesgo / Inactivos;25;13;1685.695
3678;1;En Riesgo / Inactivos;72;14;507.01
3679;0;Leales / Frecuentes;87;3;61.4
3680;0;Leales / Frecuentes;104;3;50.3
3681;2;Campeones / VIP;37;15;395.96
3682;0;Leales / Frecuentes;191;4;147.1
3683;3;Nuevos / Esporádicos;353;2;24.1
3684;2;Campeones / VIP;14;10;417.3
3685;0;Leales / Frecuentes;146;6;61.900000000000006
3686;2;Campeones / VIP;79;7;595.52
3687;1;En Riesgo / Inactivos;14;9;704.5
3688;2;Campeones / VIP;44;9;433.3
3689;0;Leales / Frecuentes;221;5;172.0
3690;0;Leales / Frecuentes;128;2;168.2
3691;0;Leales / Frecuentes;35;5;162.4
3692;2;Campeones / VIP;81;8;275.9
3693;1;En Riesgo / Inactivos;22;10;754.7
3694;3;Nuevos / Esporádicos;572;2;74.1
3695;3;Nuevos / Esporádicos;500;2;51.42
3696;3;Nuevos / Esporádicos;498;2;269.7
3697;2;Campeones / VIP;129;6;383.2
3698;0;Leales / Frecuentes;147;4;72.8
3699;0;Leales / Frecuentes;103;3;54.9
3700;3;Nuevos / Esporádicos;559;2;32.3
3701;2;Campeones / VIP;100;5;480.1
3702;2;Campeones / VIP;38;15;370.4
3703;0;Leales / Frecuentes;211;6;307.5
3704;2;Campeones / VIP;49;10;222.4
3705;2;Campeones / VIP;5;10;487.5
3706;2;Campeones / VIP;42;12;397.40000000000003
3707;2;Campeones / VIP;0;4;432.3
3708;3;Nuevos / Esporádicos;369;3;114.3
3709;0;Leales / Frecuentes;19;6;166.5
3710;0;Leales / Frecuentes;156;5;217.4
3711;0;Leales / Frecuentes;221;2;31.700000000000003
3712;3;Nuevos / Esporádicos;378;3;132.7
3713;0;Leales / Frecuentes;102;3;107.5
3714;3;Nuevos / Esporádicos;648;1;35.3
3715;2;Campeones / VIP;95;11;274.1
3716;0;Leales / Frecuentes;19;5;157.70000000000002
3717;0;Leales / Frecuentes;135;6;92.1
3718;2;Campeones / VIP;4;7;493.22400000000005
3719;3;Nuevos / Esporádicos;423;3;36.8
3720;0;Leales / Frecuentes;160;4;57.25
3721;2;Campeones / VIP;37;7;269.0
3722;1;En Riesgo / Inactivos;31;8;786.3900000000001
3723;0;Leales / Frecuentes;77;2;338.0
3724;0;Leales / Frecuentes;88;5;136.5
3725;2;Campeones / VIP;6;8;303.5
3726;2;Campeones / VIP;32;10;284.42
3727;2;Campeones / VIP;162;8;277.34
3728;0;Leales / Frecuentes;25;6;160.2
3729;0;Leales / Frecuentes;100;4;123.4
3730;2;Campeones / VIP;37;8;330.115
3731;2;Campeones / VIP;187;7;374.40000000000003
3732;2;Campeones / VIP;6;6;336.9
3733;0;Leales / Frecuentes;20;7;230.5
3734;3;Nuevos / Esporádicos;404;3;206.6
3735;0;Leales / Frecuentes;40;7;171.2
3736;2;Campeones / VIP;92;7;411.8
3737;1;En Riesgo / Inactivos;20;8;771.7
3738;2;Campeones / VIP;1;12;455.88
3739;0;Leales / Frecuentes;182;3;107.19999999999999
3740;0;Leales / Frecuentes;151;4;138.06
3741;0;Leales / Frecuentes;80;3;148.3
3742;0;Leales / Frecuentes;58;3;53.800000000000004
3743;0;Leales / Frecuentes;87;4;174.1
3744;3;Nuevos / Esporádicos;303;3;72.9
3745;3;Nuevos / Esporádicos;309;5;156.3
3746;1;En Riesgo / Inactivos;153;13;936.0
3747;1;En Riesgo / Inactivos;0;18;1035.34
3748;2;Campeones / VIP;61;10;639.3
3749;1;En Riesgo / Inactivos;12;17;962.32
3750;0;Leales / Frecuentes;0;7;114.80000000000001
3751;2;Campeones / VIP;11;10;603.3
3752;2;Campeones / VIP;152;11;571.6
3753;2;Campeones / VIP;135;9;168.865
3754;2;Campeones / VIP;89;10;240.99999999999997
3755;0;Leales / Frecuentes;8;6;148.6
3756;2;Campeones / VIP;35;12;397.37
3757;2;Campeones / VIP;1;10;304.2
3758;0;Leales / Frecuentes;254;5;244.1
3759;1;En Riesgo / Inactivos;18;17;839.73
3760;3;Nuevos / Esporádicos;647;1;28.1
3761;2;Campeones / VIP;115;7;356.775
3762;0;Leales / Frecuentes;33;6;259.8
3763;2;Campeones / VIP;64;12;323.8
3764;0;Leales / Frecuentes;48;6;186.6
3765;0;Leales / Frecuentes;105;3;75.7
3766;0;Leales / Frecuentes;221;5;402.40799999999996
3767;0;Leales / Frecuentes;171;6;295.0
3768;0;Leales / Frecuentes;256;2;130.6
3769;0;Leales / Frecuentes;161;5;95.1
3770;2;Campeones / VIP;117;4;617.8
3771;2;Campeones / VIP;1;7;516.548
3772;1;En Riesgo / Inactivos;38;14;648.312
3773;0;Leales / Frecuentes;111;5;198.89999999999998
3774;0;Leales / Frecuentes;99;6;253.8
3775;2;Campeones / VIP;73;7;348.4
3776;0;Leales / Frecuentes;82;5;144.1
3777;2;Campeones / VIP;20;6;333.1
3778;0;Leales / Frecuentes;107;3;166.7
3779;0;Leales / Frecuentes;122;7;135.8
3780;2;Campeones / VIP;76;12;497.128
3781;2;Campeones / VIP;24;9;230.6
3782;0;Leales / Frecuentes;42;4;208.89999999999998
3783;2;Campeones / VIP;205;7;692.9000000000001
3784;3;Nuevos / Esporádicos;646;1;28.8
3785;0;Leales / Frecuentes;12;4;153.14
3786;2;Campeones / VIP;129;5;477.8
3787;1;En Riesgo / Inactivos;42;15;593.075
3788;2;Campeones / VIP;20;9;328.2
3789;0;Leales / Frecuentes;31;5;93.5
3790;3;Nuevos / Esporádicos;436;2;61.5
3791;0;Leales / Frecuentes;92;5;280.59999999999997
3792;1;En Riesgo / Inactivos;52;20;1388.3
3793;0;Leales / Frecuentes;140;5;227.70000000000002
3794;0;Leales / Frecuentes;3;5;169.012
3795;2;Campeones / VIP;47;7;443.292
3796;0;Leales / Frecuentes;295;7;224.4
3797;0;Leales / Frecuentes;46;7;185.4
3798;1;En Riesgo / Inactivos;61;11;639.7
3799;0;Leales / Frecuentes;122;6;178.5
3800;0;Leales / Frecuentes;16;5;74.69999999999999
3801;2;Campeones / VIP;169;9;245.9
3802;2;Campeones / VIP;242;10;406.8
3803;0;Leales / Frecuentes;98;7;231.2
3804;1;En Riesgo / Inactivos;48;17;713.41
3805;0;Leales / Frecuentes;234;5;51.6
3806;2;Campeones / VIP;113;8;246.20000000000002
3807;2;Campeones / VIP;61;14;391.29999999999995
3808;2;Campeones / VIP;69;9;207.29999999999998
3809;3;Nuevos / Esporádicos;338;2;133.3
3810;2;Campeones / VIP;23;7;333.6
3811;3;Nuevos / Esporádicos;464;2;137.4
3812;3;Nuevos / Esporádicos;308;4;222.0
3813;3;Nuevos / Esporádicos;285;3;59.3
3814;2;Campeones / VIP;144;7;334.36
3815;0;Leales / Frecuentes;23;6;93.9
3816;2;Campeones / VIP;5;10;290.5
3817;2;Campeones / VIP;147;7;312.86
3818;3;Nuevos / Esporádicos;422;3;108.2
3819;2;Campeones / VIP;88;9;191.7
3820;0;Leales / Frecuentes;206;4;145.6
3821;2;Campeones / VIP;80;8;251.0
3822;3;Nuevos / Esporádicos;646;1;19.2
3823;0;Leales / Frecuentes;48;5;136.7
3824;3;Nuevos / Esporádicos;416;3;196.40000000000003
3825;0;Leales / Frecuentes;138;3;162.7
3826;1;En Riesgo / Inactivos;58;9;873.125
3827;0;Leales / Frecuentes;95;7;246.04000000000002
3828;2;Campeones / VIP;84;9;282.9
3829;2;Campeones / VIP;183;10;548.5
3830;0;Leales / Frecuentes;79;6;301.32
3831;2;Campeones / VIP;22;11;361.4
3832;0;Leales / Frecuentes;20;4;58.300000000000004
3833;0;Leales / Frecuentes;167;7;98.10000000000001
3834;1;En Riesgo / Inactivos;153;4;1138.8
3835;2;Campeones / VIP;72;12;395.752
3836;0;Leales / Frecuentes;171;6;204.1
3837;1;En Riesgo / Inactivos;16;17;589.6999999999999
3838;0;Leales / Frecuentes;111;7;158.1
3839;1;En Riesgo / Inactivos;45;19;541.0
3840;2;Campeones / VIP;73;8;304.8
3841;3;Nuevos / Esporádicos;645;1;14.3
3842;2;Campeones / VIP;25;12;434.61
3843;3;Nuevos / Esporádicos;350;2;103.0
3844;1;En Riesgo / Inactivos;26;9;758.4
3845;1;En Riesgo / Inactivos;67;12;791.31
3846;2;Campeones / VIP;65;7;396.59999999999997
3847;1;En Riesgo / Inactivos;29;18;535.43
3848;3;Nuevos / Esporádicos;645;1;38.7
3849;0;Leales / Frecuentes;52;7;221.004
3850;0;Leales / Frecuentes;21;6;216.6
3851;0;Leales / Frecuentes;196;5;226.9
3852;0;Leales / Frecuentes;109;4;227.1
3853;0;Leales / Frecuentes;214;3;62.3
3854;0;Leales / Frecuentes;8;5;111.6
3855;2;Campeones / VIP;11;11;557.93
3856;0;Leales / Frecuentes;152;2;44.7
3857;2;Campeones / VIP;4;11;491.95
3858;1;En Riesgo / Inactivos;23;15;642.7
3859;1;En Riesgo / Inactivos;108;12;722.3
3860;2;Campeones / VIP;52;9;303.0
3861;3;Nuevos / Esporádicos;645;1;29.9
3862;2;Campeones / VIP;8;6;419.1
3863;2;Campeones / VIP;21;9;215.5
3864;0;Leales / Frecuentes;167;6;231.3
3865;0;Leales / Frecuentes;261;2;156.9
3866;2;Campeones / VIP;168;14;471.09999999999997
3867;2;Campeones / VIP;45;8;422.29999999999995
3868;1;En Riesgo / Inactivos;1;16;688.6
3869;0;Leales / Frecuentes;62;5;185.4
3870;1;En Riesgo / Inactivos;4;23;1007.61
3871;2;Campeones / VIP;53;12;385.8
3872;0;Leales / Frecuentes;43;4;206.565
3873;2;Campeones / VIP;52;9;382.4
3874;2;Campeones / VIP;5;12;455.2
3875;3;Nuevos / Esporádicos;644;1;17.8
3876;0;Leales / Frecuentes;151;9;122.2
3877;0;Leales / Frecuentes;180;3;37.0
3878;0;Leales / Frecuentes;91;4;101.3
3879;2;Campeones / VIP;9;14;400.751
3880;2;Campeones / VIP;28;9;336.3
3881;2;Campeones / VIP;66;10;422.21
3882;0;Leales / Frecuentes;235;4;131.92000000000002
3883;1;En Riesgo / Inactivos;28;13;704.6
3884;0;Leales / Frecuentes;7;3;51.7
3885;2;Campeones / VIP;173;7;535.8000000000001
3886;3;Nuevos / Esporádicos;338;2;24.0
3887;0;Leales / Frecuentes;8;3;70.1
3888;3;Nuevos / Esporádicos;293;3;46.800000000000004
3889;0;Leales / Frecuentes;7;5;269.8
3890;0;Leales / Frecuentes;37;4;26.200000000000003
3891;2;Campeones / VIP;147;9;387.7
3892;0;Leales / Frecuentes;85;6;198.4
3893;3;Nuevos / Esporádicos;538;2;61.199999999999996
3894;0;Leales / Frecuentes;180;3;171.6
3895;0;Leales / Frecuentes;20;3;30.5
3896;2;Campeones / VIP;32;10;358.96
3897;3;Nuevos / Esporádicos;322;3;130.5
3898;1;En Riesgo / Inactivos;8;14;540.4
3899;2;Campeones / VIP;106;9;250.92000000000002
3900;3;Nuevos / Esporádicos;427;3;84.71000000000001
3901;0;Leales / Frecuentes;91;5;177.5
3902;0;Leales / Frecuentes;252;2;22.6
3903;0;Leales / Frecuentes;97;5;97.0
3904;2;Campeones / VIP;43;11;232.9
3905;0;Leales / Frecuentes;86;8;195.2
3906;0;Leales / Frecuentes;270;4;77.1
3907;0;Leales / Frecuentes;246;4;76.0
3908;0;Leales / Frecuentes;171;7;281.7
3909;1;En Riesgo / Inactivos;6;15;877.2
3910;0;Leales / Frecuentes;25;5;174.6
3911;2;Campeones / VIP;4;7;460.00000000000006
3912;0;Leales / Frecuentes;20;4;93.8
3913;2;Campeones / VIP;31;7;294.59999999999997
3914;0;Leales / Frecuentes;121;4;199.6
3915;2;Campeones / VIP;64;9;140.0
3916;3;Nuevos / Esporádicos;643;1;8.9
3917;0;Leales / Frecuentes;180;4;196.2
3918;0;Leales / Frecuentes;140;6;173.1
3919;0;Leales / Frecuentes;140;5;161.38
3920;1;En Riesgo / Inactivos;6;13;655.3
3921;1;En Riesgo / Inactivos;11;18;774.13
3922;0;Leales / Frecuentes;249;4;157.79999999999998
3923;3;Nuevos / Esporádicos;643;1;12.600000000000001
3924;2;Campeones / VIP;22;8;221.9
3925;0;Leales / Frecuentes;77;3;49.019999999999996
3926;2;Campeones / VIP;243;8;359.9
3927;0;Leales / Frecuentes;163;3;39.1
3928;0;Leales / Frecuentes;59;4;114.60000000000001
3929;2;Campeones / VIP;223;8;293.7
3930;1;En Riesgo / Inactivos;22;12;607.4
3931;3;Nuevos / Esporádicos;351;2;143.1
3932;0;Leales / Frecuentes;22;3;360.6
3933;1;En Riesgo / Inactivos;6;23;1025.3
3934;0;Leales / Frecuentes;118;8;171.1
3935;0;Leales / Frecuentes;24;2;93.5
3936;2;Campeones / VIP;28;9;620.5
3937;3;Nuevos / Esporádicos;509;2;42.3
3938;3;Nuevos / Esporádicos;537;2;60.5
3939;0;Leales / Frecuentes;172;3;28.5
3940;3;Nuevos / Esporádicos;472;3;122.8
3941;2;Campeones / VIP;1;7;394.7
3942;1;En Riesgo / Inactivos;19;17;722.2
3943;2;Campeones / VIP;15;7;257.7
3944;2;Campeones / VIP;16;12;374.972
3945;2;Campeones / VIP;32;6;378.86
3946;2;Campeones / VIP;23;12;483.836
3947;0;Leales / Frecuentes;255;5;154.9
3948;0;Leales / Frecuentes;87;4;141.3
3949;0;Leales / Frecuentes;177;2;53.6
3950;3;Nuevos / Esporádicos;318;3;115.39999999999999
3951;3;Nuevos / Esporádicos;439;2;82.4
3952;1;En Riesgo / Inactivos;42;14;547.1
3953;3;Nuevos / Esporádicos;312;3;43.0
3954;1;En Riesgo / Inactivos;15;18;659.5
3955;1;En Riesgo / Inactivos;9;11;743.148
3956;3;Nuevos / Esporádicos;420;3;464.1
3957;0;Leales / Frecuentes;199;3;158.9
3958;2;Campeones / VIP;21;9;273.8
3959;1;En Riesgo / Inactivos;6;16;1295.8
3960;1;En Riesgo / Inactivos;10;15;690.8100000000001
3961;2;Campeones / VIP;40;12;401.81
3962;0;Leales / Frecuentes;72;4;148.7
3963;0;Leales / Frecuentes;253;4;152.9
3964;0;Leales / Frecuentes;113;3;59.5
3965;0;Leales / Frecuentes;114;8;161.1
3966;3;Nuevos / Esporádicos;642;1;65.3
3967;0;Leales / Frecuentes;181;5;123.3
3968;3;Nuevos / Esporádicos;375;2;41.8
3969;3;Nuevos / Esporádicos;366;2;34.3
3970;2;Campeones / VIP;124;14;451.55
3971;0;Leales / Frecuentes;53;5;196.51
3972;2;Campeones / VIP;8;9;256.75
3973;0;Leales / Frecuentes;0;5;353.7
3974;0;Leales / Frecuentes;207;4;99.8
3975;3;Nuevos / Esporádicos;356;2;45.5
3976;2;Campeones / VIP;15;10;405.4
3977;0;Leales / Frecuentes;131;3;95.9
3978;0;Leales / Frecuentes;158;4;75.8
3979;0;Leales / Frecuentes;8;7;135.92
3980;2;Campeones / VIP;188;8;397.5
3981;2;Campeones / VIP;182;10;372.704
3982;2;Campeones / VIP;23;12;373.0
3983;0;Leales / Frecuentes;190;4;79.6
3984;3;Nuevos / Esporádicos;465;3;53.1
3985;1;En Riesgo / Inactivos;50;10;877.8
3986;2;Campeones / VIP;64;16;367.045
3987;3;Nuevos / Esporádicos;510;5;147.3
3988;0;Leales / Frecuentes;185;3;45.0
3989;2;Campeones / VIP;6;8;236.3
3990;0;Leales / Frecuentes;248;4;77.9
3991;0;Leales / Frecuentes;73;6;141.5
3992;0;Leales / Frecuentes;227;4;54.36
3993;0;Leales / Frecuentes;235;2;110.62
3994;3;Nuevos / Esporádicos;393;2;33.0
3995;0;Leales / Frecuentes;15;6;252.5
3996;2;Campeones / VIP;1;12;386.3
3997;0;Leales / Frecuentes;82;7;155.02
3998;0;Leales / Frecuentes;209;8;160.164
3999;3;Nuevos / Esporádicos;318;2;24.9
4000;1;En Riesgo / Inactivos;23;13;539.6
4001;2;Campeones / VIP;140;9;251.6
4002;0;Leales / Frecuentes;271;6;163.5
4003;0;Leales / Frecuentes;59;2;15.3
4004;0;Leales / Frecuentes;43;7;244.36499999999998
4005;1;En Riesgo / Inactivos;32;13;945.2
4006;2;Campeones / VIP;19;13;395.42999999999995
4007;2;Campeones / VIP;102;11;292.636
4008;3;Nuevos / Esporádicos;641;1;10.5
4009;2;Campeones / VIP;32;7;352.7
4010;0;Leales / Frecuentes;102;2;21.3
4011;3;Nuevos / Esporádicos;389;5;276.7
4012;2;Campeones / VIP;71;12;269.2
4013;3;Nuevos / Esporádicos;338;5;121.3
4014;1;En Riesgo / Inactivos;87;17;847.6
4015;0;Leales / Frecuentes;109;4;75.5
4016;3;Nuevos / Esporádicos;375;2;72.3
4017;3;Nuevos / Esporádicos;323;4;74.2
4018;0;Leales / Frecuentes;30;6;197.6
4019;3;Nuevos / Esporádicos;567;2;7.0
4020;0;Leales / Frecuentes;139;4;50.9
4021;1;En Riesgo / Inactivos;18;18;1018.0
4022;2;Campeones / VIP;98;7;303.01
4023;0;Leales / Frecuentes;75;3;20.0
4024;0;Leales / Frecuentes;0;4;103.3
4025;0;Leales / Frecuentes;152;3;58.0
4026;0;Leales / Frecuentes;69;7;179.11
4027;0;Leales / Frecuentes;20;8;173.0
4028;0;Leales / Frecuentes;249;4;314.8
4029;3;Nuevos / Esporádicos;601;3;59.3
4030;3;Nuevos / Esporádicos;641;1;14.4
4031;0;Leales / Frecuentes;11;6;173.44
4032;0;Leales / Frecuentes;160;8;204.21
4033;2;Campeones / VIP;40;10;350.7
4034;2;Campeones / VIP;11;9;309.2
4035;0;Leales / Frecuentes;228;5;146.5
4036;1;En Riesgo / Inactivos;8;16;764.2
4037;2;Campeones / VIP;27;9;603.9
4038;3;Nuevos / Esporádicos;641;1;47.7
4039;2;Campeones / VIP;35;7;410.40999999999997
4040;2;Campeones / VIP;12;9;331.2
4041;0;Leales / Frecuentes;140;2;45.5
4042;2;Campeones / VIP;123;11;422.2
4043;2;Campeones / VIP;2;7;559.3
4044;0;Leales / Frecuentes;73;6;138.24
4045;2;Campeones / VIP;101;9;229.7
4046;0;Leales / Frecuentes;136;4;297.65999999999997
4047;2;Campeones / VIP;26;6;433.8
4048;0;Leales / Frecuentes;61;8;165.29999999999998
4049;2;Campeones / VIP;10;8;214.0
4050;3;Nuevos / Esporádicos;369;4;118.89999999999999
4051;3;Nuevos / Esporádicos;328;3;93.70000000000002
4052;0;Leales / Frecuentes;53;8;172.7
4053;0;Leales / Frecuentes;32;6;165.1
4054;0;Leales / Frecuentes;68;6;312.40000000000003
4055;0;Leales / Frecuentes;163;3;220.0
4056;0;Leales / Frecuentes;86;4;272.7
4057;2;Campeones / VIP;23;10;463.736
4058;0;Leales / Frecuentes;139;3;126.20000000000002
4059;0;Leales / Frecuentes;2;6;224.1
4060;2;Campeones / VIP;8;5;471.484
4061;2;Campeones / VIP;11;8;202.9
4062;1;En Riesgo / Inactivos;10;16;456.82
4063;2;Campeones / VIP;69;9;544.3
4064;0;Leales / Frecuentes;100;6;235.2
4065;0;Leales / Frecuentes;83;3;89.30000000000001
4066;1;En Riesgo / Inactivos;2;22;759.73
4067;0;Leales / Frecuentes;29;5;121.1
4068;2;Campeones / VIP;10;8;322.09999999999997
4069;2;Campeones / VIP;12;10;255.26000000000002
4070;0;Leales / Frecuentes;134;7;149.4
4071;2;Campeones / VIP;44;8;383.1
4072;0;Leales / Frecuentes;123;5;203.495
4073;0;Leales / Frecuentes;21;6;133.7
4074;0;Leales / Frecuentes;38;3;48.3
4075;2;Campeones / VIP;128;13;433.548
4076;3;Nuevos / Esporádicos;640;1;3.2
4077;0;Leales / Frecuentes;46;2;117.6
4078;2;Campeones / VIP;68;10;223.70000000000002
4079;2;Campeones / VIP;7;8;285.2
4080;0;Leales / Frecuentes;73;3;94.0
4081;0;Leales / Frecuentes;194;6;223.1
4082;3;Nuevos / Esporádicos;640;1;5.9
4083;0;Leales / Frecuentes;118;6;319.6
4084;0;Leales / Frecuentes;20;6;209.292
4085;0;Leales / Frecuentes;12;4;70.1
4086;0;Leales / Frecuentes;5;5;171.8
4087;0;Leales / Frecuentes;29;5;147.65
4088;2;Campeones / VIP;99;12;354.29999999999995
4089;3;Nuevos / Esporádicos;640;1;46.099999999999994
4090;2;Campeones / VIP;26;7;676.1
4091;0;Leales / Frecuentes;182;6;217.0
4092;2;Campeones / VIP;78;7;277.1
4093;2;Campeones / VIP;39;9;215.0
4094;0;Leales / Frecuentes;165;6;98.42
4095;2;Campeones / VIP;63;6;650.4000000000001
4096;0;Leales / Frecuentes;72;7;101.3
4097;3;Nuevos / Esporádicos;451;2;146.39999999999998
4098;0;Leales / Frecuentes;274;5;229.0
4099;3;Nuevos / Esporádicos;587;2;60.4
4100;2;Campeones / VIP;26;4;776.9000000000001
4101;2;Campeones / VIP;71;9;397.4
4102;1;En Riesgo / Inactivos;2;13;524.836
4103;2;Campeones / VIP;8;10;360.76
4104;2;Campeones / VIP;0;10;447.37199999999996
4105;0;Leales / Frecuentes;59;5;108.6
4106;0;Leales / Frecuentes;27;2;56.8
4107;2;Campeones / VIP;2;14;440.0
4108;2;Campeones / VIP;156;12;516.065
4109;3;Nuevos / Esporádicos;639;1;42.9
4110;2;Campeones / VIP;40;6;594.2
4111;0;Leales / Frecuentes;190;4;156.4
4112;0;Leales / Frecuentes;34;3;140.2
4113;0;Leales / Frecuentes;68;3;80.7
4114;0;Leales / Frecuentes;102;3;127.2
4115;3;Nuevos / Esporádicos;490;2;56.8
4116;0;Leales / Frecuentes;40;3;354.89
4117;1;En Riesgo / Inactivos;4;23;997.048
4118;2;Campeones / VIP;143;8;270.59999999999997
4119;2;Campeones / VIP;71;8;361.4
4120;2;Campeones / VIP;58;10;276.57
4121;0;Leales / Frecuentes;55;7;146.6
4122;3;Nuevos / Esporádicos;327;3;86.79999999999998
4123;0;Leales / Frecuentes;29;6;302.945
4124;2;Campeones / VIP;8;14;321.9
4125;2;Campeones / VIP;19;11;416.37
4126;2;Campeones / VIP;8;8;251.81
4127;0;Leales / Frecuentes;115;3;182.29999999999998
4128;0;Leales / Frecuentes;249;3;99.9
4129;3;Nuevos / Esporádicos;445;6;303.8
4130;1;En Riesgo / Inactivos;7;17;711.658
4131;0;Leales / Frecuentes;69;4;34.6
4132;3;Nuevos / Esporádicos;639;1;75.1
4133;3;Nuevos / Esporádicos;451;2;10.9
4134;1;En Riesgo / Inactivos;48;11;765.8
4135;2;Campeones / VIP;139;7;339.1
4136;2;Campeones / VIP;50;8;346.61
4137;3;Nuevos / Esporádicos;368;2;55.7
4138;0;Leales / Frecuentes;4;7;212.465
4139;2;Campeones / VIP;113;13;514.6999999999999
4140;3;Nuevos / Esporádicos;639;1;56.699999999999996
4141;0;Leales / Frecuentes;188;7;163.6
4142;3;Nuevos / Esporádicos;387;6;92.10000000000001
4143;2;Campeones / VIP;20;7;315.3
4144;0;Leales / Frecuentes;75;4;64.0
4145;0;Leales / Frecuentes;57;6;70.9
4146;2;Campeones / VIP;161;11;393.3
4147;3;Nuevos / Esporádicos;638;1;31.9
4148;3;Nuevos / Esporádicos;309;5;128.5
4149;2;Campeones / VIP;9;9;264.73
4150;0;Leales / Frecuentes;58;6;240.2
4151;2;Campeones / VIP;69;9;581.625
4152;3;Nuevos / Esporádicos;343;2;121.2
4153;0;Leales / Frecuentes;211;6;324.8
4154;0;Leales / Frecuentes;12;3;58.3
4155;2;Campeones / VIP;17;10;262.2
4156;1;En Riesgo / Inactivos;3;15;434.5
4157;3;Nuevos / Esporádicos;555;2;10.3
4158;0;Leales / Frecuentes;51;5;242.6
4159;0;Leales / Frecuentes;231;7;191.465
4160;0;Leales / Frecuentes;47;7;229.0
4161;2;Campeones / VIP;5;12;541.9
4162;2;Campeones / VIP;24;6;334.2
4163;2;Campeones / VIP;150;11;332.646
4164;0;Leales / Frecuentes;87;4;153.4
4165;0;Leales / Frecuentes;151;8;161.4
4166;0;Leales / Frecuentes;28;4;147.79999999999998
4167;3;Nuevos / Esporádicos;638;1;44.5
4168;0;Leales / Frecuentes;157;4;165.1
4169;2;Campeones / VIP;19;11;387.0
4170;2;Campeones / VIP;19;10;320.9
4171;2;Campeones / VIP;73;12;495.6
4172;2;Campeones / VIP;97;10;464.79999999999995
4173;0;Leales / Frecuentes;6;6;120.25
4174;0;Leales / Frecuentes;117;2;46.4
4175;1;En Riesgo / Inactivos;123;10;908.3000000000001
4176;3;Nuevos / Esporádicos;357;5;109.38
4177;1;En Riesgo / Inactivos;98;17;1182.2
4178;3;Nuevos / Esporádicos;638;1;21.9
4179;2;Campeones / VIP;14;10;492.09999999999997
4180;0;Leales / Frecuentes;234;4;156.1
4181;0;Leales / Frecuentes;151;5;189.0
4182;0;Leales / Frecuentes;124;7;263.5
4183;1;En Riesgo / Inactivos;9;16;505.85
4184;1;En Riesgo / Inactivos;15;19;843.9
4185;2;Campeones / VIP;53;8;502.1
4186;0;Leales / Frecuentes;33;4;76.8
4187;0;Leales / Frecuentes;19;4;143.0
4188;0;Leales / Frecuentes;201;2;65.19999999999999
4189;2;Campeones / VIP;11;10;457.0
4190;3;Nuevos / Esporádicos;348;2;117.69999999999999
4191;2;Campeones / VIP;6;8;208.79999999999998
4192;0;Leales / Frecuentes;36;3;55.3
4193;0;Leales / Frecuentes;230;4;71.4
4194;1;En Riesgo / Inactivos;20;22;1130.71
4195;2;Campeones / VIP;23;7;366.4
4196;3;Nuevos / Esporádicos;290;3;218.1
4197;2;Campeones / VIP;11;11;332.14
4198;1;En Riesgo / Inactivos;72;14;817.16
4199;2;Campeones / VIP;11;9;361.4
4200;1;En Riesgo / Inactivos;40;18;575.6
4201;1;En Riesgo / Inactivos;8;16;735.3
4202;0;Leales / Frecuentes;241;6;272.6
4203;3;Nuevos / Esporádicos;518;3;239.8
4204;1;En Riesgo / Inactivos;24;16;561.2
4205;2;Campeones / VIP;47;9;343.7
4206;0;Leales / Frecuentes;29;6;155.6
4207;0;Leales / Frecuentes;35;4;354.9
4208;0;Leales / Frecuentes;71;4;92.9
4209;2;Campeones / VIP;9;7;302.3
4210;0;Leales / Frecuentes;272;3;53.9
4211;1;En Riesgo / Inactivos;93;14;969.5
4212;2;Campeones / VIP;158;9;424.9
4213;0;Leales / Frecuentes;292;5;415.0
4214;0;Leales / Frecuentes;29;3;185.3
4215;1;En Riesgo / Inactivos;81;13;580.9
4216;0;Leales / Frecuentes;16;3;127.80000000000001
4217;0;Leales / Frecuentes;4;2;104.4
4218;2;Campeones / VIP;25;13;296.62
4219;2;Campeones / VIP;7;8;257.56
4220;2;Campeones / VIP;27;10;528.3
4221;1;En Riesgo / Inactivos;8;20;912.7
4222;0;Leales / Frecuentes;45;4;94.4
4223;0;Leales / Frecuentes;3;6;98.7
4224;0;Leales / Frecuentes;19;5;75.41
4225;0;Leales / Frecuentes;122;5;137.29999999999998
4226;2;Campeones / VIP;4;9;291.0
4227;0;Leales / Frecuentes;83;6;107.39999999999999
4228;0;Leales / Frecuentes;32;6;99.0
4229;1;En Riesgo / Inactivos;29;15;476.15999999999997
4230;2;Campeones / VIP;16;7;280.6
4231;1;En Riesgo / Inactivos;62;14;1120.8
4232;0;Leales / Frecuentes;296;5;467.552
4233;2;Campeones / VIP;89;11;259.9
4234;0;Leales / Frecuentes;61;4;173.6
4235;3;Nuevos / Esporádicos;636;1;9.9
4236;2;Campeones / VIP;28;8;232.36499999999998
4237;2;Campeones / VIP;25;7;275.8
4238;0;Leales / Frecuentes;46;8;189.79
4239;3;Nuevos / Esporádicos;519;2;32.4
4240;2;Campeones / VIP;281;9;397.7
4241;2;Campeones / VIP;42;12;375.8
4242;3;Nuevos / Esporádicos;550;2;17.1
4243;2;Campeones / VIP;83;8;328.8
4244;2;Campeones / VIP;215;13;267.8
4245;3;Nuevos / Esporádicos;422;5;533.3
4246;0;Leales / Frecuentes;79;2;46.900000000000006
4247;0;Leales / Frecuentes;0;7;151.2
4248;0;Leales / Frecuentes;141;4;119.53
4249;0;Leales / Frecuentes;66;6;182.3
4250;0;Leales / Frecuentes;154;7;172.6
4251;0;Leales / Frecuentes;153;8;209.1
4252;0;Leales / Frecuentes;93;6;175.39999999999998
4253;0;Leales / Frecuentes;76;6;154.9
4254;2;Campeones / VIP;23;8;582.3
4255;0;Leales / Frecuentes;21;7;212.8
4256;2;Campeones / VIP;42;14;395.3
4257;1;En Riesgo / Inactivos;14;15;441.09999999999997
4258;2;Campeones / VIP;122;7;350.412
4259;1;En Riesgo / Inactivos;43;17;1417.21
4260;0;Leales / Frecuentes;206;5;163.376
4261;1;En Riesgo / Inactivos;11;12;798.26
4262;2;Campeones / VIP;231;6;647.8
4263;0;Leales / Frecuentes;235;6;174.6
4264;2;Campeones / VIP;6;12;441.9
4265;3;Nuevos / Esporádicos;339;3;114.30000000000001
4266;0;Leales / Frecuentes;263;8;175.2
4267;0;Leales / Frecuentes;216;3;96.9
4268;0;Leales / Frecuentes;155;5;94.0
4269;0;Leales / Frecuentes;293;6;287.2
4270;0;Leales / Frecuentes;94;6;161.29999999999998
4271;2;Campeones / VIP;351;6;830.5
4272;1;En Riesgo / Inactivos;2;12;572.6
4273;0;Leales / Frecuentes;107;4;88.6
4274;2;Campeones / VIP;15;11;268.2
4275;0;Leales / Frecuentes;55;5;132.4
4276;2;Campeones / VIP;55;11;410.6
4277;0;Leales / Frecuentes;108;3;42.432
4278;2;Campeones / VIP;199;7;365.29999999999995
4279;0;Leales / Frecuentes;130;5;136.73
4280;2;Campeones / VIP;3;8;311.4
4281;3;Nuevos / Esporádicos;332;3;183.4
4282;2;Campeones / VIP;24;8;265.6
4283;0;Leales / Frecuentes;179;8;216.3
4284;1;En Riesgo / Inactivos;13;21;589.1519999999999
4285;0;Leales / Frecuentes;20;6;195.6
4286;3;Nuevos / Esporádicos;307;3;79.4
4287;1;En Riesgo / Inactivos;0;11;683.0
4288;2;Campeones / VIP;134;6;564.6
4289;1;En Riesgo / Inactivos;5;19;1319.9
4290;1;En Riesgo / Inactivos;254;12;898.8000000000001
4291;0;Leales / Frecuentes;184;5;224.20000000000002
4292;2;Campeones / VIP;361;8;481.90000000000003
4293;2;Campeones / VIP;140;15;411.3
4294;1;En Riesgo / Inactivos;31;13;1020.1
4295;0;Leales / Frecuentes;31;8;157.39999999999998
4296;2;Campeones / VIP;142;9;286.4
4297;3;Nuevos / Esporádicos;635;1;8.9
4298;2;Campeones / VIP;32;12;391.29999999999995
4299;3;Nuevos / Esporádicos;580;2;57.9
4300;0;Leales / Frecuentes;171;7;243.89999999999998
4301;0;Leales / Frecuentes;30;6;236.5
4302;0;Leales / Frecuentes;57;8;174.4
4303;0;Leales / Frecuentes;196;4;136.2
4304;0;Leales / Frecuentes;136;4;25.5
4305;0;Leales / Frecuentes;0;6;229.09999999999997
4306;1;En Riesgo / Inactivos;21;12;707.3
4307;3;Nuevos / Esporádicos;265;2;32.8
4308;3;Nuevos / Esporádicos;635;1;67.89999999999999
4309;1;En Riesgo / Inactivos;117;19;841.7
4310;0;Leales / Frecuentes;129;7;247.6
4311;0;Leales / Frecuentes;212;2;252.5
4312;2;Campeones / VIP;31;7;326.3
4313;2;Campeones / VIP;5;12;510.74000000000007
4314;0;Leales / Frecuentes;20;7;214.5
4315;1;En Riesgo / Inactivos;13;16;529.848
4316;0;Leales / Frecuentes;74;4;289.2
4317;3;Nuevos / Esporádicos;297;4;101.8
4318;2;Campeones / VIP;21;9;451.1
4319;1;En Riesgo / Inactivos;61;17;431.54
4320;2;Campeones / VIP;38;8;238.5
4321;2;Campeones / VIP;57;6;334.4
4322;0;Leales / Frecuentes;85;5;247.59999999999997
4323;2;Campeones / VIP;18;10;305.4
4324;0;Leales / Frecuentes;211;4;175.09999999999997
4325;1;En Riesgo / Inactivos;58;19;764.1
4326;2;Campeones / VIP;173;9;231.39999999999998
4327;0;Leales / Frecuentes;65;4;185.1
4328;2;Campeones / VIP;170;6;545.4
4329;3;Nuevos / Esporádicos;634;1;283.1
4330;0;Leales / Frecuentes;81;8;145.0
4331;2;Campeones / VIP;137;8;356.7
4332;0;Leales / Frecuentes;199;3;179.89999999999998
4333;0;Leales / Frecuentes;9;6;128.52
4334;0;Leales / Frecuentes;67;6;234.10000000000002
4335;2;Campeones / VIP;124;12;521.61
4336;3;Nuevos / Esporádicos;296;2;185.27599999999998
4337;3;Nuevos / Esporádicos;514;3;63.0
4338;2;Campeones / VIP;146;12;462.42
4339;3;Nuevos / Esporádicos;392;3;152.7
4340;2;Campeones / VIP;231;7;735.1
4341;3;Nuevos / Esporádicos;325;6;304.9
4342;2;Campeones / VIP;57;8;301.8
4343;0;Leales / Frecuentes;23;6;273.59999999999997
4344;3;Nuevos / Esporádicos;634;1;28.799999999999997
4345;0;Leales / Frecuentes;86;3;72.6
4346;2;Campeones / VIP;9;11;376.62
4347;1;En Riesgo / Inactivos;38;14;984.0600000000001
4348;2;Campeones / VIP;86;10;351.4
4349;0;Leales / Frecuentes;179;2;30.2
4350;3;Nuevos / Esporádicos;338;4;261.5
4351;3;Nuevos / Esporádicos;371;3;56.800000000000004
4352;0;Leales / Frecuentes;93;4;121.8
4353;1;En Riesgo / Inactivos;32;17;967.6999999999999
4354;2;Campeones / VIP;148;10;210.7
4355;2;Campeones / VIP;282;4;748.7
4356;0;Leales / Frecuentes;48;6;182.2
4357;1;En Riesgo / Inactivos;47;19;801.0699999999999
4358;0;Leales / Frecuentes;30;4;59.2
4359;0;Leales / Frecuentes;155;4;40.1
4360;3;Nuevos / Esporádicos;344;4;97.1
4361;1;En Riesgo / Inactivos;6;16;769.3
4362;2;Campeones / VIP;153;9;229.522
4363;2;Campeones / VIP;82;9;619.7
4364;3;Nuevos / Esporádicos;634;1;61.7
4365;2;Campeones / VIP;161;10;344.6
4366;0;Leales / Frecuentes;192;4;207.5
4367;1;En Riesgo / Inactivos;133;12;850.1
4368;2;Campeones / VIP;21;10;414.3
4369;0;Leales / Frecuentes;136;2;92.3
4370;0;Leales / Frecuentes;11;6;229.4
4371;2;Campeones / VIP;29;9;213.4
4372;0;Leales / Frecuentes;1;6;94.1
4373;0;Leales / Frecuentes;2;4;303.8
4374;1;En Riesgo / Inactivos;7;11;628.5
4375;1;En Riesgo / Inactivos;14;14;481.63399999999996
4376;0;Leales / Frecuentes;223;4;156.89999999999998
4377;3;Nuevos / Esporádicos;633;1;103.6
4378;0;Leales / Frecuentes;141;4;60.22
4379;0;Leales / Frecuentes;14;7;104.3
4380;0;Leales / Frecuentes;132;2;33.0
4381;3;Nuevos / Esporádicos;633;1;14.8
4382;2;Campeones / VIP;11;13;466.6
4383;0;Leales / Frecuentes;140;5;71.0
4384;0;Leales / Frecuentes;37;6;198.4
4385;0;Leales / Frecuentes;244;5;117.9
4386;0;Leales / Frecuentes;54;6;94.092
4387;2;Campeones / VIP;80;11;241.76
4388;0;Leales / Frecuentes;28;2;13.599999999999998
4389;0;Leales / Frecuentes;95;6;204.39999999999998
4390;0;Leales / Frecuentes;98;4;74.8
4391;0;Leales / Frecuentes;155;4;149.815
4392;0;Leales / Frecuentes;96;3;40.1
4393;3;Nuevos / Esporádicos;266;2;49.6
4394;1;En Riesgo / Inactivos;15;15;538.145
4395;0;Leales / Frecuentes;116;5;123.4
4396;2;Campeones / VIP;22;8;309.59999999999997
4397;3;Nuevos / Esporádicos;633;1;21.9
4398;0;Leales / Frecuentes;168;6;119.7
4399;2;Campeones / VIP;21;10;288.3
4400;1;En Riesgo / Inactivos;53;21;740.91
4401;2;Campeones / VIP;62;12;481.0
4402;0;Leales / Frecuentes;199;5;434.0
4403;0;Leales / Frecuentes;238;3;99.19999999999999
4404;0;Leales / Frecuentes;144;4;89.3
4405;0;Leales / Frecuentes;96;7;261.7
4406;3;Nuevos / Esporádicos;303;4;130.3
4407;0;Leales / Frecuentes;83;6;154.55
4408;2;Campeones / VIP;5;10;363.9
4409;0;Leales / Frecuentes;9;6;167.2
4410;1;En Riesgo / Inactivos;39;17;1204.3
4411;0;Leales / Frecuentes;84;4;131.4
4412;0;Leales / Frecuentes;61;6;293.8
4413;0;Leales / Frecuentes;81;4;358.5
4414;2;Campeones / VIP;62;8;483.0
4415;2;Campeones / VIP;3;14;348.19599999999997
4416;2;Campeones / VIP;237;7;368.1
4417;0;Leales / Frecuentes;33;3;193.39999999999998
4418;0;Leales / Frecuentes;110;5;90.2
4419;2;Campeones / VIP;46;9;226.6
4420;0;Leales / Frecuentes;104;6;121.6
4421;0;Leales / Frecuentes;118;6;211.5
4422;0;Leales / Frecuentes;173;2;59.599999999999994
4423;0;Leales / Frecuentes;30;4;85.7
4424;2;Campeones / VIP;105;9;366.0
4425;0;Leales / Frecuentes;39;7;104.8
4426;3;Nuevos / Esporádicos;632;1;127.6
4427;0;Leales / Frecuentes;56;6;249.3
4428;1;En Riesgo / Inactivos;100;15;635.3
4429;2;Campeones / VIP;2;11;319.1
4430;2;Campeones / VIP;13;11;445.91
4431;0;Leales / Frecuentes;110;3;217.9
4432;2;Campeones / VIP;13;13;444.3
4433;0;Leales / Frecuentes;133;7;174.7
4434;0;Leales / Frecuentes;187;5;83.1
4435;2;Campeones / VIP;78;11;248.4
4436;2;Campeones / VIP;56;8;387.59999999999997
4437;2;Campeones / VIP;26;9;313.5
4438;0;Leales / Frecuentes;129;3;68.8
4439;0;Leales / Frecuentes;130;7;193.85
4440;1;En Riesgo / Inactivos;28;9;742.1
4441;3;Nuevos / Esporádicos;433;3;51.6
4442;3;Nuevos / Esporádicos;416;3;40.800000000000004
4443;2;Campeones / VIP;117;5;444.43600000000004
4444;3;Nuevos / Esporádicos;373;4;405.0
4445;3;Nuevos / Esporádicos;324;3;17.2
4446;1;En Riesgo / Inactivos;55;17;841.5999999999999
4447;0;Leales / Frecuentes;251;7;167.1
4448;0;Leales / Frecuentes;177;5;134.9
4449;2;Campeones / VIP;0;9;337.42199999999997
4450;2;Campeones / VIP;264;9;367.996
4451;0;Leales / Frecuentes;165;4;235.5
4452;0;Leales / Frecuentes;201;8;233.3
4453;2;Campeones / VIP;50;7;351.96
4454;0;Leales / Frecuentes;164;4;82.9
4455;3;Nuevos / Esporádicos;417;4;32.6
4456;0;Leales / Frecuentes;274;5;101.19999999999999
4457;0;Leales / Frecuentes;261;7;190.9
4458;2;Campeones / VIP;150;7;421.42
4459;2;Campeones / VIP;180;6;470.9
4460;2;Campeones / VIP;96;9;250.7
4461;0;Leales / Frecuentes;181;4;89.80000000000001
4462;0;Leales / Frecuentes;19;4;88.0
4463;0;Leales / Frecuentes;90;5;53.7
4464;2;Campeones / VIP;84;9;684.0
4465;2;Campeones / VIP;55;7;333.5
4466;0;Leales / Frecuentes;4;2;96.2
4467;0;Leales / Frecuentes;94;7;236.8
4468;0;Leales / Frecuentes;168;5;278.2
4469;2;Campeones / VIP;1;8;265.5
4470;0;Leales / Frecuentes;37;7;196.21
4471;0;Leales / Frecuentes;68;6;121.39999999999999
4472;2;Campeones / VIP;0;11;582.963
4473;0;Leales / Frecuentes;60;5;137.9
4474;0;Leales / Frecuentes;56;4;145.0
4475;2;Campeones / VIP;78;9;355.92
4476;0;Leales / Frecuentes;97;5;216.29999999999998
4477;0;Leales / Frecuentes;162;4;113.39999999999999
4478;0;Leales / Frecuentes;37;4;159.5
4479;0;Leales / Frecuentes;276;3;104.39999999999999
4480;1;En Riesgo / Inactivos;37;8;753.9
4481;3;Nuevos / Esporádicos;324;2;17.6
4482;0;Leales / Frecuentes;169;8;175.3
4483;0;Leales / Frecuentes;70;6;137.1
4484;0;Leales / Frecuentes;128;3;138.60000000000002
4485;2;Campeones / VIP;109;7;442.3
4486;0;Leales / Frecuentes;18;5;325.48
4487;1;En Riesgo / Inactivos;68;19;426.39
4488;2;Campeones / VIP;3;7;302.4
4489;3;Nuevos / Esporádicos;319;3;72.19999999999999
4490;3;Nuevos / Esporádicos;631;1;32.7
4491;0;Leales / Frecuentes;0;4;113.4
4492;0;Leales / Frecuentes;57;7;158.6
4493;2;Campeones / VIP;11;7;289.5
4494;2;Campeones / VIP;70;10;249.7
4495;2;Campeones / VIP;37;9;389.95000000000005
4496;1;En Riesgo / Inactivos;46;18;782.9
4497;3;Nuevos / Esporádicos;325;4;209.5
4498;0;Leales / Frecuentes;124;7;220.5
4499;3;Nuevos / Esporádicos;631;1;85.6
4500;0;Leales / Frecuentes;237;5;119.8
4501;0;Leales / Frecuentes;267;2;145.7
4502;0;Leales / Frecuentes;114;4;115.2
4503;3;Nuevos / Esporádicos;373;2;304.20000000000005
4504;3;Nuevos / Esporádicos;279;3;44.9
4505;0;Leales / Frecuentes;260;6;59.400000000000006
4506;2;Campeones / VIP;40;10;427.64
4507;0;Leales / Frecuentes;170;3;456.6
4508;2;Campeones / VIP;224;9;382.8
4509;3;Nuevos / Esporádicos;630;1;98.5
4510;0;Leales / Frecuentes;228;3;67.4
4511;0;Leales / Frecuentes;287;5;157.9
4512;1;En Riesgo / Inactivos;6;10;854.3
4513;0;Leales / Frecuentes;256;4;130.6
4514;1;En Riesgo / Inactivos;2;13;544.3199999999999
4515;2;Campeones / VIP;54;10;181.5
4516;2;Campeones / VIP;32;9;442.29999999999995
4517;3;Nuevos / Esporádicos;305;3;61.9
4518;2;Campeones / VIP;154;8;400.4
4519;2;Campeones / VIP;161;10;457.3
4520;2;Campeones / VIP;136;9;231.12
4521;3;Nuevos / Esporádicos;449;2;74.19999999999999
4522;0;Leales / Frecuentes;59;5;140.39999999999998
4523;2;Campeones / VIP;115;11;187.57
4524;2;Campeones / VIP;97;13;263.855
4525;2;Campeones / VIP;119;12;450.61
4526;0;Leales / Frecuentes;121;6;110.3
4527;0;Leales / Frecuentes;161;5;144.89999999999998
4528;0;Leales / Frecuentes;23;5;336.5
4529;0;Leales / Frecuentes;14;5;79.61
4530;0;Leales / Frecuentes;206;5;290.59999999999997
4531;0;Leales / Frecuentes;5;7;148.7
4532;2;Campeones / VIP;0;10;363.7
4533;0;Leales / Frecuentes;245;3;75.6
4534;0;Leales / Frecuentes;259;6;134.0
4535;0;Leales / Frecuentes;22;4;153.5
4536;0;Leales / Frecuentes;7;4;165.7
4537;0;Leales / Frecuentes;55;6;145.60000000000002
4538;0;Leales / Frecuentes;181;4;213.1
4539;3;Nuevos / Esporádicos;336;2;146.39999999999998
4540;2;Campeones / VIP;44;12;436.79999999999995
4541;3;Nuevos / Esporádicos;371;3;105.6
4542;2;Campeones / VIP;30;10;543.3000000000001
4543;2;Campeones / VIP;47;9;278.40999999999997
4544;3;Nuevos / Esporádicos;580;2;41.0
4545;0;Leales / Frecuentes;86;6;164.6
4546;0;Leales / Frecuentes;99;6;179.1
4547;2;Campeones / VIP;17;7;295.9
4548;0;Leales / Frecuentes;158;6;248.1
4549;0;Leales / Frecuentes;19;2;82.1
4550;0;Leales / Frecuentes;49;5;124.9
4551;2;Campeones / VIP;7;11;417.0
4552;1;En Riesgo / Inactivos;155;15;713.165
4553;1;En Riesgo / Inactivos;4;17;744.26
4554;2;Campeones / VIP;8;12;339.1
4555;2;Campeones / VIP;63;13;480.5
4556;2;Campeones / VIP;52;9;364.11
4557;0;Leales / Frecuentes;13;8;141.53
4558;1;En Riesgo / Inactivos;9;14;686.76
4559;0;Leales / Frecuentes;19;5;349.2
4560;0;Leales / Frecuentes;18;6;291.4
4561;0;Leales / Frecuentes;191;4;110.91
4562;2;Campeones / VIP;5;10;358.67199999999997
4563;2;Campeones / VIP;18;10;337.7
4564;0;Leales / Frecuentes;97;3;183.0
4565;0;Leales / Frecuentes;70;7;187.1
4566;0;Leales / Frecuentes;103;6;253.0
4567;0;Leales / Frecuentes;80;4;195.46
4568;1;En Riesgo / Inactivos;0;14;484.59999999999997
4569;0;Leales / Frecuentes;14;6;233.7
4570;2;Campeones / VIP;12;13;332.28000000000003
4571;0;Leales / Frecuentes;244;4;507.29999999999995
4572;2;Campeones / VIP;169;8;307.0
4573;0;Leales / Frecuentes;95;4;410.09999999999997
4574;0;Leales / Frecuentes;101;4;60.4
4575;2;Campeones / VIP;260;8;357.9
4576;2;Campeones / VIP;27;12;431.09999999999997
4577;2;Campeones / VIP;41;13;420.84000000000003
4578;2;Campeones / VIP;134;6;395.4
4579;0;Leales / Frecuentes;29;5;128.2
4580;3;Nuevos / Esporádicos;509;2;21.5
4581;0;Leales / Frecuentes;11;4;228.4
4582;2;Campeones / VIP;133;10;322.5
4583;0;Leales / Frecuentes;199;4;168.3
4584;0;Leales / Frecuentes;35;7;214.6
4585;0;Leales / Frecuentes;238;3;47.48
4586;2;Campeones / VIP;36;9;316.33
4587;0;Leales / Frecuentes;151;7;134.79999999999998
4588;2;Campeones / VIP;26;10;230.79999999999998
4589;0;Leales / Frecuentes;146;3;270.724
4590;0;Leales / Frecuentes;110;7;258.456
4591;0;Leales / Frecuentes;2;4;73.7
4592;0;Leales / Frecuentes;108;5;93.4
4593;1;En Riesgo / Inactivos;53;15;767.6999999999999
4594;2;Campeones / VIP;40;8;268.9
4595;0;Leales / Frecuentes;94;7;178.3
4596;2;Campeones / VIP;120;8;425.3
4597;0;Leales / Frecuentes;80;7;175.10999999999999
4598;2;Campeones / VIP;27;7;315.20000000000005
4599;2;Campeones / VIP;125;13;372.29999999999995
4600;2;Campeones / VIP;30;9;416.0
4601;1;En Riesgo / Inactivos;73;14;702.5
4602;0;Leales / Frecuentes;163;2;142.5
4603;3;Nuevos / Esporádicos;321;5;167.2
4604;2;Campeones / VIP;109;7;332.9
4605;0;Leales / Frecuentes;185;3;71.8
4606;0;Leales / Frecuentes;250;4;256.5
4607;2;Campeones / VIP;52;7;308.40000000000003
4608;3;Nuevos / Esporádicos;324;4;99.0
4609;2;Campeones / VIP;220;11;373.5
4610;0;Leales / Frecuentes;103;6;158.14000000000001
4611;2;Campeones / VIP;54;9;207.3
4612;0;Leales / Frecuentes;88;6;222.5
4613;0;Leales / Frecuentes;159;4;49.614999999999995
4614;3;Nuevos / Esporádicos;628;1;39.7
4615;0;Leales / Frecuentes;107;6;329.6
4616;3;Nuevos / Esporádicos;563;2;47.599999999999994
4617;3;Nuevos / Esporádicos;391;3;69.3
4618;2;Campeones / VIP;69;10;284.9
4619;0;Leales / Frecuentes;230;3;176.39999999999998
4620;2;Campeones / VIP;101;9;212.0
4621;0;Leales / Frecuentes;99;4;123.7
4622;3;Nuevos / Esporádicos;628;1;61.4
4623;1;En Riesgo / Inactivos;59;10;715.43
4624;0;Leales / Frecuentes;122;3;55.9
4625;0;Leales / Frecuentes;226;4;226.2
4626;1;En Riesgo / Inactivos;26;14;775.8
4627;0;Leales / Frecuentes;108;2;118.6
4628;2;Campeones / VIP;44;9;204.6
4629;2;Campeones / VIP;15;5;500.68
4630;2;Campeones / VIP;21;5;583.9
4631;0;Leales / Frecuentes;3;4;107.5
4632;0;Leales / Frecuentes;98;2;130.7
4633;2;Campeones / VIP;24;14;265.4
4634;1;En Riesgo / Inactivos;44;14;502.0
4635;0;Leales / Frecuentes;27;6;87.5
4636;2;Campeones / VIP;2;7;290.952
4637;3;Nuevos / Esporádicos;359;5;162.29999999999998
4638;0;Leales / Frecuentes;17;2;174.6
4639;3;Nuevos / Esporádicos;627;1;6.2
4640;0;Leales / Frecuentes;33;6;299.2
4641;2;Campeones / VIP;25;11;259.01
4642;1;En Riesgo / Inactivos;2;18;639.5
4643;2;Campeones / VIP;40;6;448.5
4644;2;Campeones / VIP;92;11;391.4
4645;0;Leales / Frecuentes;41;4;92.4
4646;0;Leales / Frecuentes;63;4;111.964
4647;0;Leales / Frecuentes;157;7;272.4
4648;0;Leales / Frecuentes;50;4;111.0
4649;1;En Riesgo / Inactivos;112;5;989.4000000000001
4650;0;Leales / Frecuentes;51;5;277.9
4651;0;Leales / Frecuentes;30;7;128.5
4652;0;Leales / Frecuentes;177;4;162.7
4653;0;Leales / Frecuentes;44;4;55.1
4654;2;Campeones / VIP;23;9;395.41
4655;2;Campeones / VIP;2;12;450.4
4656;0;Leales / Frecuentes;45;8;175.5
4657;0;Leales / Frecuentes;150;6;287.3
4658;2;Campeones / VIP;9;11;208.4
4659;0;Leales / Frecuentes;63;8;114.4
4660;1;En Riesgo / Inactivos;8;16;876.1600000000001
4661;2;Campeones / VIP;3;6;411.1
4662;0;Leales / Frecuentes;42;2;75.8
4663;0;Leales / Frecuentes;135;5;161.7
4664;0;Leales / Frecuentes;212;4;170.2
4665;0;Leales / Frecuentes;37;4;80.80000000000001
4666;0;Leales / Frecuentes;144;7;156.6
4667;2;Campeones / VIP;153;12;470.26
4668;0;Leales / Frecuentes;159;7;286.2
4669;0;Leales / Frecuentes;21;5;357.79999999999995
4670;2;Campeones / VIP;15;10;638.4
4671;1;En Riesgo / Inactivos;5;20;1059.352
4672;3;Nuevos / Esporádicos;497;3;63.7
4673;2;Campeones / VIP;23;7;442.41999999999996
4674;3;Nuevos / Esporádicos;489;2;89.5
4675;1;En Riesgo / Inactivos;41;19;460.90000000000003
4676;0;Leales / Frecuentes;178;7;240.4
4677;0;Leales / Frecuentes;60;5;232.0
4678;0;Leales / Frecuentes;89;6;185.79999999999998
4679;0;Leales / Frecuentes;114;6;126.8
4680;3;Nuevos / Esporádicos;627;1;9.9
4681;3;Nuevos / Esporádicos;626;1;8.9
4682;0;Leales / Frecuentes;32;7;197.415
4683;0;Leales / Frecuentes;137;7;255.61
4684;0;Leales / Frecuentes;52;6;126.2
4685;2;Campeones / VIP;7;9;229.5
4686;0;Leales / Frecuentes;274;8;264.1
4687;2;Campeones / VIP;53;10;311.3
4688;0;Leales / Frecuentes;250;3;125.9
4689;2;Campeones / VIP;0;9;436.6
4690;0;Leales / Frecuentes;172;8;228.5
4691;0;Leales / Frecuentes;68;7;132.31
4692;2;Campeones / VIP;151;7;549.715
4693;1;En Riesgo / Inactivos;1;24;1183.82
4694;0;Leales / Frecuentes;127;3;100.19999999999999
4695;0;Leales / Frecuentes;19;7;230.7
4696;1;En Riesgo / Inactivos;0;14;646.92
4697;2;Campeones / VIP;99;10;313.32
4698;0;Leales / Frecuentes;26;5;122.92
4699;0;Leales / Frecuentes;24;7;229.1
4700;0;Leales / Frecuentes;267;7;153.1
4701;0;Leales / Frecuentes;10;6;98.81
4702;2;Campeones / VIP;88;8;425.0
4703;2;Campeones / VIP;33;11;361.59999999999997
4704;3;Nuevos / Esporádicos;626;1;74.69999999999999
4705;0;Leales / Frecuentes;34;7;202.0
4706;3;Nuevos / Esporádicos;389;5;112.6
4707;3;Nuevos / Esporádicos;314;5;94.3
4708;0;Leales / Frecuentes;259;3;88.5
4709;0;Leales / Frecuentes;57;5;48.5
4710;0;Leales / Frecuentes;60;5;130.4
4711;0;Leales / Frecuentes;7;4;223.2
4712;2;Campeones / VIP;2;11;411.178
4713;0;Leales / Frecuentes;57;5;114.19999999999999
4714;2;Campeones / VIP;10;9;435.59999999999997
4715;0;Leales / Frecuentes;15;5;241.0
4716;2;Campeones / VIP;79;11;395.0
4717;0;Leales / Frecuentes;97;7;139.03199999999998
4718;2;Campeones / VIP;10;13;443.70000000000005
4719;2;Campeones / VIP;163;3;834.8000000000001
4720;0;Leales / Frecuentes;170;2;23.9
4721;0;Leales / Frecuentes;35;3;76.4
4722;1;En Riesgo / Inactivos;39;23;911.3
4723;3;Nuevos / Esporádicos;626;1;42.4
4724;0;Leales / Frecuentes;19;4;89.8
4725;3;Nuevos / Esporádicos;378;4;353.0
4726;0;Leales / Frecuentes;194;8;209.6
4727;0;Leales / Frecuentes;32;2;30.799999999999997
4728;0;Leales / Frecuentes;91;3;37.644
4729;1;En Riesgo / Inactivos;16;12;654.9
4730;0;Leales / Frecuentes;119;8;200.8
4731;0;Leales / Frecuentes;113;6;260.6
4732;2;Campeones / VIP;68;7;388.40000000000003
4733;0;Leales / Frecuentes;234;3;142.7
4734;0;Leales / Frecuentes;51;4;203.1
4735;1;En Riesgo / Inactivos;97;18;762.42
4736;2;Campeones / VIP;28;6;396.4
4737;1;En Riesgo / Inactivos;46;11;639.2
4738;3;Nuevos / Esporádicos;379;3;457.9
4739;2;Campeones / VIP;18;11;321.7
4740;3;Nuevos / Esporádicos;471;2;62.7
4741;0;Leales / Frecuentes;10;6;92.9
4742;1;En Riesgo / Inactivos;159;12;615.9
4743;2;Campeones / VIP;12;8;221.9
4744;0;Leales / Frecuentes;43;7;124.53999999999999
4745;2;Campeones / VIP;1;10;254.5
4746;2;Campeones / VIP;59;12;300.09999999999997
4747;2;Campeones / VIP;59;11;314.71
4748;2;Campeones / VIP;11;8;377.2
4749;2;Campeones / VIP;3;8;354.79999999999995
4750;0;Leales / Frecuentes;29;6;187.4
4751;2;Campeones / VIP;29;9;266.6
4752;0;Leales / Frecuentes;78;3;45.8
4753;1;En Riesgo / Inactivos;66;13;620.0
4754;0;Leales / Frecuentes;130;5;261.14
4755;0;Leales / Frecuentes;187;5;153.6
4756;2;Campeones / VIP;99;8;349.8
4757;3;Nuevos / Esporádicos;348;4;518.9000000000001
4758;0;Leales / Frecuentes;175;6;181.29999999999998
4759;3;Nuevos / Esporádicos;367;4;120.0
4760;0;Leales / Frecuentes;206;3;35.1
4761;2;Campeones / VIP;35;8;505.29999999999995
4762;2;Campeones / VIP;61;7;365.99
4763;1;En Riesgo / Inactivos;44;8;821.5
4764;2;Campeones / VIP;21;10;480.85
4765;3;Nuevos / Esporádicos;410;2;53.8
4766;2;Campeones / VIP;79;9;570.4
4767;1;En Riesgo / Inactivos;39;17;549.52
4768;0;Leales / Frecuentes;138;5;119.15
4769;3;Nuevos / Esporádicos;378;4;169.0
4770;0;Leales / Frecuentes;11;4;124.5
4771;0;Leales / Frecuentes;33;6;248.1
4772;2;Campeones / VIP;6;8;655.2
4773;0;Leales / Frecuentes;174;7;149.7
4774;0;Leales / Frecuentes;105;4;183.71999999999997
4775;0;Leales / Frecuentes;264;3;120.89999999999998
4776;2;Campeones / VIP;165;9;316.5
4777;2;Campeones / VIP;43;8;504.4
4778;2;Campeones / VIP;10;11;507.9
4779;0;Leales / Frecuentes;22;5;182.7
4780;2;Campeones / VIP;135;6;477.8
4781;3;Nuevos / Esporádicos;624;1;43.8
4782;0;Leales / Frecuentes;12;6;259.88
4783;2;Campeones / VIP;30;9;286.1
4784;2;Campeones / VIP;24;11;405.4
4785;1;En Riesgo / Inactivos;138;14;590.1
4786;2;Campeones / VIP;121;7;410.3
4787;0;Leales / Frecuentes;113;3;72.5
4788;1;En Riesgo / Inactivos;9;10;984.1
4789;0;Leales / Frecuentes;119;5;99.89999999999999
4790;0;Leales / Frecuentes;5;6;174.5
4791;0;Leales / Frecuentes;19;3;64.4
4792;1;En Riesgo / Inactivos;45;19;575.47
4793;2;Campeones / VIP;36;9;233.95999999999998
4794;0;Leales / Frecuentes;96;5;201.2
4795;0;Leales / Frecuentes;38;6;122.5
4796;2;Campeones / VIP;97;10;223.2
4797;3;Nuevos / Esporádicos;380;2;29.3
4798;0;Leales / Frecuentes;20;6;91.97999999999999
4799;1;En Riesgo / Inactivos;90;14;635.6999999999999
4800;0;Leales / Frecuentes;95;6;151.6
4801;2;Campeones / VIP;3;9;318.3
4802;1;En Riesgo / Inactivos;27;9;709.6
4803;3;Nuevos / Esporádicos;493;5;153.37
4804;3;Nuevos / Esporádicos;530;2;72.8
4805;0;Leales / Frecuentes;141;6;227.79999999999998
4806;0;Leales / Frecuentes;290;5;95.5
4807;2;Campeones / VIP;61;8;210.7
4808;0;Leales / Frecuentes;173;6;167.65
4809;0;Leales / Frecuentes;140;7;205.49999999999997
4810;1;En Riesgo / Inactivos;14;16;1708.96
4811;2;Campeones / VIP;5;8;258.6
4812;1;En Riesgo / Inactivos;72;19;1029.2
4813;2;Campeones / VIP;1;12;339.90000000000003
4814;2;Campeones / VIP;60;13;503.3
4815;0;Leales / Frecuentes;247;3;90.0
4816;2;Campeones / VIP;148;6;699.4000000000001
4817;0;Leales / Frecuentes;24;7;96.485
4818;0;Leales / Frecuentes;212;6;129.79999999999998
4819;0;Leales / Frecuentes;4;4;123.0
4820;2;Campeones / VIP;30;10;522.4
4821;0;Leales / Frecuentes;272;3;46.7
4822;2;Campeones / VIP;150;9;241.28
4823;0;Leales / Frecuentes;120;3;42.4
4824;0;Leales / Frecuentes;114;6;148.7
4825;0;Leales / Frecuentes;88;6;131.4
4826;3;Nuevos / Esporádicos;623;1;8.9
4827;0;Leales / Frecuentes;104;4;76.9
4828;0;Leales / Frecuentes;6;3;129.8
4829;3;Nuevos / Esporádicos;608;2;73.69999999999999
4830;3;Nuevos / Esporádicos;623;1;6.2
4831;1;En Riesgo / Inactivos;42;20;855.03
4832;1;En Riesgo / Inactivos;76;14;502.0
4833;0;Leales / Frecuentes;207;2;74.345
4834;0;Leales / Frecuentes;266;3;171.39999999999998
4835;2;Campeones / VIP;79;13;458.0
4836;0;Leales / Frecuentes;135;6;180.8
4837;2;Campeones / VIP;26;8;193.48
4838;3;Nuevos / Esporádicos;623;1;65.0
4839;0;Leales / Frecuentes;59;2;47.8
4840;2;Campeones / VIP;13;9;153.32
4841;0;Leales / Frecuentes;24;3;41.800000000000004
4842;3;Nuevos / Esporádicos;623;1;79.8
4843;0;Leales / Frecuentes;150;6;338.05
4844;2;Campeones / VIP;107;10;270.09999999999997
4845;3;Nuevos / Esporádicos;535;2;209.49999999999997
4846;1;En Riesgo / Inactivos;24;15;901.8
4847;1;En Riesgo / Inactivos;13;17;598.96
4848;0;Leales / Frecuentes;4;4;162.1
4849;0;Leales / Frecuentes;180;3;390.7
4850;0;Leales / Frecuentes;146;2;10.1
4851;1;En Riesgo / Inactivos;50;21;795.22
4852;0;Leales / Frecuentes;130;6;240.8
4853;2;Campeones / VIP;54;9;293.065
4854;1;En Riesgo / Inactivos;46;10;709.4
4855;0;Leales / Frecuentes;17;5;288.21500000000003
4856;0;Leales / Frecuentes;28;3;44.7
4857;1;En Riesgo / Inactivos;81;12;650.4
4858;3;Nuevos / Esporádicos;623;1;12.9
4859;1;En Riesgo / Inactivos;76;19;863.016
4860;2;Campeones / VIP;28;8;587.2
4861;2;Campeones / VIP;57;12;315.8
4862;3;Nuevos / Esporádicos;622;1;22.5
4863;0;Leales / Frecuentes;28;3;158.5
4864;0;Leales / Frecuentes;260;3;28.6
4865;0;Leales / Frecuentes;100;7;97.3
4866;0;Leales / Frecuentes;171;3;85.2
4867;0;Leales / Frecuentes;163;6;98.39999999999999
4868;2;Campeones / VIP;9;10;591.3
4869;3;Nuevos / Esporádicos;622;1;125.8
4870;0;Leales / Frecuentes;0;7;230.6
4871;0;Leales / Frecuentes;259;3;148.4
4872;0;Leales / Frecuentes;45;4;45.5
4873;0;Leales / Frecuentes;22;8;141.0
4874;2;Campeones / VIP;12;8;228.49999999999997
4875;2;Campeones / VIP;97;9;288.59999999999997
4876;2;Campeones / VIP;19;7;241.59999999999997
4877;0;Leales / Frecuentes;13;5;175.7
4878;0;Leales / Frecuentes;108;8;201.6
4879;1;En Riesgo / Inactivos;12;21;531.8
4880;0;Leales / Frecuentes;74;4;145.81
4881;3;Nuevos / Esporádicos;349;4;148.2
4882;1;En Riesgo / Inactivos;76;15;575.46
4883;2;Campeones / VIP;10;14;423.0
4884;0;Leales / Frecuentes;183;9;159.9
4885;0;Leales / Frecuentes;136;4;67.2
4886;0;Leales / Frecuentes;166;6;190.04999999999998
4887;0;Leales / Frecuentes;269;4;49.0
4888;0;Leales / Frecuentes;122;6;250.7
4889;1;En Riesgo / Inactivos;1;18;928.6
4890;2;Campeones / VIP;79;13;423.0
4891;2;Campeones / VIP;114;11;372.865
4892;0;Leales / Frecuentes;3;6;216.3
4893;0;Leales / Frecuentes;42;3;192.5
4894;0;Leales / Frecuentes;173;6;133.5
4895;2;Campeones / VIP;92;7;354.0
4896;0;Leales / Frecuentes;64;8;137.83
4897;3;Nuevos / Esporádicos;622;1;19.8
4898;0;Leales / Frecuentes;207;4;132.4
4899;1;En Riesgo / Inactivos;87;12;676.72
4900;1;En Riesgo / Inactivos;11;16;663.1
4901;3;Nuevos / Esporádicos;594;2;22.4
4902;0;Leales / Frecuentes;261;5;214.20000000000002
4903;3;Nuevos / Esporádicos;362;2;16.8
4904;0;Leales / Frecuentes;213;6;247.1
4905;2;Campeones / VIP;31;7;367.16999999999996
4906;2;Campeones / VIP;191;6;474.32
4907;0;Leales / Frecuentes;30;4;32.548
4908;3;Nuevos / Esporádicos;335;2;32.0
4909;2;Campeones / VIP;18;10;483.0
4910;2;Campeones / VIP;40;13;476.0
4911;2;Campeones / VIP;101;8;425.59999999999997
4912;3;Nuevos / Esporádicos;291;2;23.900000000000002
4913;3;Nuevos / Esporádicos;377;2;96.3
4914;2;Campeones / VIP;65;8;273.5
4915;3;Nuevos / Esporádicos;316;2;48.4
4916;0;Leales / Frecuentes;182;5;208.3
4917;0;Leales / Frecuentes;128;7;178.1
4918;0;Leales / Frecuentes;18;3;138.2
4919;3;Nuevos / Esporádicos;571;3;141.2
4920;0;Leales / Frecuentes;0;4;143.49599999999998
4921;0;Leales / Frecuentes;131;6;338.8
4922;2;Campeones / VIP;96;3;679.9000000000001
4923;0;Leales / Frecuentes;6;4;88.0
4924;2;Campeones / VIP;170;12;346.24
4925;0;Leales / Frecuentes;169;3;159.89999999999998
4926;0;Leales / Frecuentes;61;8;144.364
4927;0;Leales / Frecuentes;42;4;189.2
4928;2;Campeones / VIP;2;11;407.6
4929;3;Nuevos / Esporádicos;353;3;65.8
4930;3;Nuevos / Esporádicos;476;4;157.89999999999998
4931;2;Campeones / VIP;93;8;516.21
4932;3;Nuevos / Esporádicos;395;3;48.1
4933;0;Leales / Frecuentes;129;6;69.00999999999999
4934;3;Nuevos / Esporádicos;546;2;111.6
4935;2;Campeones / VIP;244;8;497.40000000000003
4936;0;Leales / Frecuentes;180;3;70.7
4937;0;Leales / Frecuentes;248;2;354.7
4938;0;Leales / Frecuentes;13;7;218.54
4939;0;Leales / Frecuentes;36;7;190.5
4940;2;Campeones / VIP;16;12;523.3
4941;2;Campeones / VIP;10;8;261.165
4942;0;Leales / Frecuentes;116;4;104.0
4943;0;Leales / Frecuentes;59;5;115.005
4944;2;Campeones / VIP;140;7;376.83
4945;0;Leales / Frecuentes;15;5;93.3
4946;2;Campeones / VIP;36;8;601.228
4947;0;Leales / Frecuentes;16;3;276.3
4948;2;Campeones / VIP;10;9;257.5
4949;0;Leales / Frecuentes;8;7;143.6
4950;0;Leales / Frecuentes;162;3;69.8
4951;0;Leales / Frecuentes;132;3;156.89999999999998
4952;0;Leales / Frecuentes;168;5;151.9
4953;0;Leales / Frecuentes;127;7;278.4
4954;0;Leales / Frecuentes;11;7;218.25
4955;0;Leales / Frecuentes;212;4;361.20000000000005
4956;2;Campeones / VIP;76;11;472.15
4957;0;Leales / Frecuentes;87;4;143.5
4958;0;Leales / Frecuentes;113;3;30.700000000000003
4959;2;Campeones / VIP;50;7;270.5
4960;2;Campeones / VIP;117;12;313.5
4961;3;Nuevos / Esporádicos;620;1;22.7
4962;0;Leales / Frecuentes;139;4;34.75
4963;1;En Riesgo / Inactivos;6;18;839.6800000000001
4964;2;Campeones / VIP;77;10;419.0
4965;0;Leales / Frecuentes;22;5;147.4
4966;3;Nuevos / Esporádicos;533;2;115.3
4967;2;Campeones / VIP;5;8;388.5
4968;0;Leales / Frecuentes;154;4;134.295
4969;1;En Riesgo / Inactivos;308;6;1095.6000000000001
4970;0;Leales / Frecuentes;38;5;238.89999999999998
4971;3;Nuevos / Esporádicos;317;2;47.6
4972;0;Leales / Frecuentes;61;4;196.0
4973;1;En Riesgo / Inactivos;23;8;887.8000000000001
4974;0;Leales / Frecuentes;80;5;171.4
4975;0;Leales / Frecuentes;100;4;46.6
4976;0;Leales / Frecuentes;152;3;156.1
4977;2;Campeones / VIP;35;9;310.6
4978;2;Campeones / VIP;19;7;299.5
4979;3;Nuevos / Esporádicos;332;2;80.1
4980;3;Nuevos / Esporádicos;561;3;95.79999999999998
4981;2;Campeones / VIP;77;12;341.09999999999997
4982;2;Campeones / VIP;2;8;245.4
4983;0;Leales / Frecuentes;25;6;208.0
4984;0;Leales / Frecuentes;184;4;234.4
4985;0;Leales / Frecuentes;114;2;56.6
4986;2;Campeones / VIP;44;8;326.1
4987;1;En Riesgo / Inactivos;53;17;795.03
4988;0;Leales / Frecuentes;57;5;312.29
4989;1;En Riesgo / Inactivos;9;21;798.57
4990;0;Leales / Frecuentes;162;9;120.7
4991;2;Campeones / VIP;21;8;200.465
4992;1;En Riesgo / Inactivos;66;8;946.2
4993;2;Campeones / VIP;25;9;297.824
4994;0;Leales / Frecuentes;104;7;201.3
4995;0;Leales / Frecuentes;154;5;311.3
4996;2;Campeones / VIP;36;11;374.765
4997;0;Leales / Frecuentes;7;4;66.06
4998;2;Campeones / VIP;139;7;362.3
4999;0;Leales / Frecuentes;178;5;189.16500000000002
5000;3;Nuevos / Esporádicos;318;6;225.0
