id_cliente;nombre;sexo;fecha_nacimiento;distrito;region;fecha_alta;segmento_programa
1;Susana Pacheco Tejada;F;1997-09-03;Piura;Piura;2024-01-01;Oro
2;Avelino Bustos Sierra;M;1994-10-05;Comas;Lima;2024-01-01;Bronce
3;EDMUNDO GARCÍA SERNA;M;2006-07-17;Comas;Lima;2024-01-01;Bronce
4;homero maldonado hurtado;M;2002-07-29;Comas;Lima;2024-01-01;Plata
5;Salustiano Cruz Pacheco;M;1976-04-17;Socabaya;Arequipa;2024-01-01;Bronce
6;Bautista Hernández Zambrano;M;1999-12-02;Cusco;Cusco;2024-01-01;No afiliado
7;Violeta Avendaño Pizarro;F;1994-06-21;Sullana;Piura;2024-01-01;No afiliado
8;Margarita Requejo Villalba;F;1960-12-07;San Juan de Lurigancho;Lima;2024-01-01;Bronce
9;Gloria Vilchez Suárez;F;1995-02-02;José Luis Bustamante y Rivero;Arequipa;2024-01-01;No afiliado
10;SANTIAGO MATÍAS CHÁVEZ;M;1972-06-19;Chiclayo;Lambayeque;2024-01-01;Plata
11;Brayan Palacios Campos;M;1984-02-14;Villa El Salvador;Lima;2024-01-01;Plata
12;Asunción Matías Pacheco;F;1978-03-03;La Esperanza;La Libertad;2024-01-01;Bronce
13;MARTINA ORTEGA PONCE;F;1987-05-31;San Martín de Porres;Lima;2024-01-01;Plata
14;Salvador Montoya Pacheco;M;2000-05-07;Cerro Colorado;Arequipa;2024-01-01;Bronce
15;Eduardo Portilla Avendaño;M;2007-11-29;Trujillo;La Libertad;2024-01-01;Bronce
16;FRANCISCO MATÍAS ACUÑA;M;1964-10-14;San Miguel;Lima;2024-01-01;Plata
17;oihana benavides valverde;F;1977-03-24;Ate;Lima;2024-01-01;No afiliado
18;Trinidad Sánchez Chávez;F;1971-11-21;Iquitos;Loreto;2024-01-01;Bronce
19;Blas Merino Gómez;M;1976-05-19;San Martín de Porres;Lima;2024-01-01;No afiliado
20;Raquel Escalante Velarde;F;2004-07-30;Chiclayo;Lambayeque;2024-01-01;Oro
21;Alejandro Maldonado Quispe;M;1966-05-02;Pueblo Libre;Lima;2024-01-01;No afiliado
22;Elisa Ríos Valverde;F;1949-11-02;Huancán;Junín;2024-01-01;Plata
23;ANASTASIA CARRANZA VELÁSQUEZ;F;1992-08-11;Santiago de Surco;Lima;2024-01-01;Bronce
24;EDUARDO CHÁVEZ ALLCCA;M;1994-08-15;Arequipa;Arequipa;2024-01-01;Bronce
25;Teodosia Cornejo Vargas;F;1978-02-11;Sullana;Piura;2024-01-01;Bronce
26;Mercedes Medina Valenzuela;F;1994-05-26;Castilla;Piura;2024-01-01;Bronce
27;Fortunato Zambrano Ríos;M;1987-06-19;Ate;Lima;2024-01-01;No afiliado
28;Marisol Valverde Coronado;F;2004-06-15;Chiclayo;Lambayeque;2024-01-01;Bronce
29;Eugenia Benavides Velarde;F;2003-09-15;San Juan Bautista;Loreto;2024-01-01;No afiliado
30;Raúl Montes Montes;M;1980-05-07;Veintiséis de Octubre;Piura;2024-01-01;Plata
31;Héctor Vargas Moreno;M;1990-03-31;Villa El Salvador;Lima;2024-01-01;No afiliado
32;MARGARITA PIZARRO TRUJILLO;F;1997-04-18;Nauta;Loreto;2024-01-01;Bronce
33;Ignacio Ulloa Escobar;M;1996-02-10;Trujillo;La Libertad;2024-01-01;No afiliado
34;Micaela Ugarte Rosales;F;1980-12-25;San Juan de Lurigancho;Lima;2024-01-01;Oro
35;Margarita Reyna Galarza;F;2000-12-26;Belén;Loreto;2024-01-01;No afiliado
36;Gabriela Dávila Valle;F;1985-04-13;Moche;La Libertad;2024-01-01;No afiliado
37;Eduardo Torrico Valenzuela;M;1958-02-14;Iquitos;Loreto;2024-01-01;No afiliado
38;Felicidad Requejo Trujillo;F;1981-05-29;Chiclayo;Lambayeque;2024-01-01;Oro
39;Lucrecia Montes Zavala;F;1999-04-28;Paucarpata;Arequipa;2024-01-01;No afiliado
40;azucena portilla machuca;F;2007-09-23;Paita;Piura;2024-01-01;No afiliado
41;EVA VILCA ROJAS;F;1982-09-11;Comas;Lima;2024-01-01;Oro
42;Alonso Pizarro Manrique;M;1989-04-13;Socabaya;Arequipa;2024-01-01;No afiliado
43;Elsa Benites Chacón;F;1972-09-11;Veintiséis de Octubre;Piura;2024-01-01;Bronce
44;ARIADNA ARROYO VILLAFUERTE;F;1993-04-21;Jesús María;Lima;2024-01-01;No afiliado
45;SALVADOR VARGAS VALLE;M;1959-08-14;San Juan de Lurigancho;Lima;2024-01-01;Bronce
46;fátima vásquez conde;F;1978-03-17;Trujillo;La Libertad;2024-01-02;Plata
47;Patricia Farro Valverde;F;1970-06-05;San Juan de Lurigancho;Lima;2024-01-02;Plata
48;Trinidad Bravo Velásquez;F;1987-03-16;Sullana;Piura;2024-01-02;Plata
49;Eustaquio Chambi Sánchez;M;1991-02-07;Castilla;Piura;2024-01-02;Bronce
50;Isidoro Vargas Guerrero;M;1975-08-29;Los Olivos;Lima;2024-01-02;Bronce
51;encarnación chávez domínguez;F;1990-01-03;Villa El Salvador;Lima;2024-01-02;Bronce
52;Teodosia Calderón García;F;1978-08-30;San Martín de Porres;Lima;2024-01-02;Bronce
53;aarón sierra vargas;M;1986-12-29;San Juan de Lurigancho;Lima;2024-01-02;No afiliado
54;Alejandro Del Carpio Paz;M;2003-03-24;Castilla;Piura;2024-01-02;No afiliado
55;Onésimo Calderón Arango;M;1965-07-25;Trujillo;La Libertad;2024-01-02;No afiliado
56;BLANCA ESCOBAR GÓMEZ;F;1986-08-05;Ate;Lima;2024-01-02;Bronce
57;estefanía hurtado delgado;F;1945-07-06;Chiclayo;Lambayeque;2024-01-02;No afiliado
58;PANCHO VALENZUELA VILLAFUERTE;M;1976-06-30;San Juan de Lurigancho;Lima;2024-01-02;Oro
59;Mercedes Lozano García;F;1982-03-26;Santiago;Cusco;2024-01-02;Bronce
60;Tamara Tejada Arias;F;1985-02-03;Ate;Lima;2024-01-02;Bronce
61;DANTE GALLO MATÍAS;M;1983-06-09;San Juan de Lurigancho;Lima;2024-01-02;Bronce
62;ANABEL GALARZA ESCALANTE;F;1973-08-11;San Sebastián;Cusco;2024-01-02;Plata
63;eduardo rosales cabello;M;1991-11-10;Cerro Colorado;Arequipa;2024-01-02;No afiliado
64;Tomasa González Reyna;F;1997-07-23;San Sebastián;Cusco;2024-01-02;No afiliado
65;Emilia Estrella Jara;F;1979-10-24;Socabaya;Arequipa;2024-01-02;Bronce
66;gabriela pizarro garcía;F;1982-01-07;Miraflores;Lima;2024-01-02;Bronce
67;Alfonso Torres Miranda;M;1993-08-06;La Esperanza;La Libertad;2024-01-02;Plata
68;Elisa Cruz Cruz;F;1999-12-15;Víctor Larco Herrera;La Libertad;2024-01-02;Plata
69;Arantxa Chávez Gallo;F;1980-01-26;Villa El Salvador;Lima;2024-01-02;Bronce
70;Alcides Sánchez Tejada;M;1984-02-28;San Miguel;Lima;2024-01-02;Oro
71;raúl mendoza mora;M;1953-04-30;San Miguel;Lima;2024-01-02;No afiliado
72;Eufemia Vilchez Sánchez;F;1983-07-03;Punchana;Loreto;2024-01-02;Bronce
73;Maximiliano Lozano Pizarro;M;2004-11-14;San Sebastián;Cusco;2024-01-02;Plata
74;Ulises Llerena Maldonado;M;1976-11-15;El Tambo;Junín;2024-01-02;No afiliado
75;María Yañez Ponce;F;1971-02-24;Piura;Piura;2024-01-02;No afiliado
76;FAUSTINO VILLALOBOS ROJAS;M;1950-02-25;San Martín de Porres;Lima;2024-01-02;Oro
77;Ulises Merino Solano;M;1978-09-11;Punchana;Loreto;2024-01-02;No afiliado
78;SALUD RIVEROS JIMÉNEZ;F;1972-02-08;Ate;Lima;2024-01-02;Bronce
79;guido ponce chacón;M;1984-04-20;El Porvenir;La Libertad;2024-01-02;No afiliado
80;margarita campos solano;F;1953-03-10;Sullana;Piura;2024-01-02;Oro
81;Isidora Rivera Salazar;F;2004-07-06;San Martín de Porres;Lima;2024-01-02;Bronce
82;Marcelina Gálvez Campos;F;1954-09-06;Víctor Larco Herrera;La Libertad;2024-01-02;Bronce
83;Rafael Paredes Rivera;M;1959-10-17;Trujillo;La Libertad;2024-01-02;No afiliado
84;Lucía Calderón Ramírez;F;1999-08-30;Veintiséis de Octubre;Piura;2024-01-02;Plata
85;Ponciano Llerena Ortega;M;1990-05-10;La Esperanza;La Libertad;2024-01-02;No afiliado
86;emmanuel bello vásquez;M;1999-10-07;Lima;Lima;2024-01-02;Bronce
87;Celia Callirgos Rocha;F;1955-04-01;Los Olivos;Lima;2024-01-02;Bronce
88;Salud Cabello García;F;2003-09-21;San Juan de Lurigancho;Lima;2024-01-02;Bronce
89;Erik Moreno Rodríguez;M;1959-09-14;La Esperanza;La Libertad;2024-01-02;Oro
90;Froilán Paredes Ponce;M;1988-02-09;San Borja;Lima;2024-01-02;Bronce
91;Remedios Villalobos Loayza;F;1980-11-01;José Luis Bustamante y Rivero;Arequipa;2024-01-03;Bronce
92;esteban valverde ortega;M;1978-05-26;Cerro Colorado;Arequipa;2024-01-03;Bronce
93;Hugo Pérez Ortega;M;2003-05-05;Lima;Lima;2024-01-03;Bronce
94;Aniceto Sánchez Villafuerte;M;2001-04-14;San Juan de Lurigancho;Lima;2024-01-03;Bronce
95;Néstor Medina Sanabria;M;2006-10-11;Villa El Salvador;Lima;2024-01-03;Plata
96;Cornelio Rivera Requejo;M;1988-03-09;Iquitos;Loreto;2024-01-03;No afiliado
97;Salustiano Matías Campos;M;1979-03-05;San Juan de Lurigancho;Lima;2024-01-03;Bronce
98;josefa martínez valle;F;2002-10-29;Pilcomayo;Junín;2024-01-03;Bronce
99;onésimo torres peralta;M;1979-08-10;La Esperanza;La Libertad;2024-01-03;No afiliado
100;Salustiano Estrella Montes;M;1989-01-03;Santiago de Surco;Lima;2024-01-03;No afiliado
101;Gisela Campos Guerrero;F;1953-12-02;San Martín de Porres;Lima;2024-01-03;Oro
102;Damián Paredes Villafuerte;M;1949-04-17;Cerro Colorado;Arequipa;2024-01-03;No afiliado
103;Cecilia Cornejo Medina;F;1982-10-29;Iquitos;Loreto;2024-01-03;Plata
104;Agustina Bello Pizarro;F;1954-10-01;Ate;Lima;2024-01-03;No afiliado
105;Patricio Bustos Cabello;M;2000-07-23;Ate;Lima;2024-01-03;Plata
106;Abel Arroyo Cabello;M;1978-03-25;San Sebastián;Cusco;2024-01-03;No afiliado
107;APOLONIO SANABRIA ARIAS;M;1950-01-12;Cerro Colorado;Arequipa;2024-01-03;Plata
108;Eutiquio Valverde Allcca;M;2007-07-28;Chiclayo;Lambayeque;2024-01-03;No afiliado
109;susana carranza alvarado;F;1997-03-24;Punchana;Loreto;2024-01-03;Plata
110;Andrea Zeballos Villafuerte;F;1994-11-27;San Juan de Lurigancho;Lima;2024-01-03;Plata
111;BAUTISTA RÍOS DEL CARPIO;M;2005-05-29;Castilla;Piura;2024-01-03;No afiliado
112;LEONOR ARIAS VALENZUELA;F;1994-06-10;Piura;Piura;2024-01-03;Plata
113;CEFERINO MERINO VALVERDE;M;1999-06-18;Moche;La Libertad;2024-01-03;No afiliado
114;Gisela Portilla Villalba;F;1999-02-07;Catacaos;Piura;2024-01-03;Plata
115;CATALINA CAMPOS DELGADO;F;1981-11-11;Santiago de Surco;Lima;2024-01-03;Bronce
116;Erik García Quijano;M;1963-06-12;Piura;Piura;2024-01-03;Plata
117;Amelia Salgado Maldonado;F;1995-04-18;Paita;Piura;2024-01-03;Bronce
118;Fátima Reyna Vilchez;F;2003-06-17;Piura;Piura;2024-01-03;No afiliado
119;Filomena Portilla Campos;F;1999-01-24;Comas;Lima;2024-01-03;Oro
120;ISAAC MONTERO MEDINA;M;1963-07-05;San Juan de Lurigancho;Lima;2024-01-03;Bronce
121;Agustín Pizarro Tello;M;1991-01-24;El Porvenir;La Libertad;2024-01-03;Plata
122;Cornelio Dávila Gutiérrez;M;2006-01-03;El Porvenir;La Libertad;2024-01-03;Bronce
123;Ángel Maldonado Santos;M;1977-05-01;Yanahuara;Arequipa;2024-01-03;Bronce
124;Leonor Gálvez Rivera;F;1974-05-29;San Juan de Lurigancho;Lima;2024-01-03;Plata
125;Sol Galarza Aguirre;F;1970-06-06;San Juan de Lurigancho;Lima;2024-01-03;No afiliado
126;Edmundo Ugarte Domínguez;M;1980-07-03;Santiago de Surco;Lima;2024-01-03;No afiliado
127;Fortunato Quijano Matías;M;1982-09-08;Veintiséis de Octubre;Piura;2024-01-03;Bronce
128;FLORENCIO PERALTA SANABRIA;M;1998-11-25;San Sebastián;Cusco;2024-01-03;Bronce
129;Elisa Ugarte García;F;1979-05-07;San Juan de Lurigancho;Lima;2024-01-03;No afiliado
130;CANDELARIA ACUÑA CHÁVEZ;F;1950-04-02;Santiago de Surco;Lima;2024-01-03;No afiliado
131;Eugenio Luna Pizarro;M;1991-02-25;Florencia de Mora;La Libertad;2024-01-03;No afiliado
132;Heriberto Dávila Palomino;M;1990-12-25;Sapallanga;Junín;2024-01-03;No afiliado
133;Cornelio Vilchez Paredes;M;1998-09-08;Cayma;Arequipa;2024-01-03;Plata
134;Gisela Domínguez Alvarado;F;1989-06-12;San Juan de Lurigancho;Lima;2024-01-03;No afiliado
135;Baltasar Zapata Quispe;M;1984-10-28;Castilla;Piura;2024-01-03;Bronce
136;Aurora Vargas Calderón;F;2004-07-03;Veintiséis de Octubre;Piura;2024-01-04;Bronce
137;ROBERTO HERNÁNDEZ RIVERA;M;1987-03-24;San Juan de Lurigancho;Lima;2024-01-04;Oro
138;Rubén Portilla Rivera;M;1986-09-20;Cusco;Cusco;2024-01-04;Bronce
139;Raquel Gálvez Matías;F;2002-01-14;Villa El Salvador;Lima;2024-01-04;Bronce
140;PAULINA LLANOS SÁNCHEZ;F;1999-08-17;San Juan de Lurigancho;Lima;2024-01-04;Plata
141;Raquel Matías Valverde;F;1979-05-08;Paita;Piura;2024-01-04;Bronce
142;Marisa Cornejo Valverde;F;1959-01-08;Trujillo;La Libertad;2024-01-04;No afiliado
143;PRUDENCIA PÉREZ CAMPOS;F;1969-06-05;Trujillo;La Libertad;2024-01-04;Bronce
144;Galileo Palacios Farro;M;1977-04-06;Veintiséis de Octubre;Piura;2024-01-04;Bronce
145;Zenón Padilla Lozano;M;1957-11-29;José Leonardo Ortiz;Lambayeque;2024-01-04;Bronce
146;Josefa Bello Jiménez;F;2006-06-15;Huanchaco;La Libertad;2024-01-04;Bronce
147;Adrián Peralta Velásquez;M;1988-10-25;Piura;Piura;2024-01-04;Bronce
148;Héctor Alvarado Sierra;M;1967-05-28;Piura;Piura;2024-01-04;No afiliado
149;Anastasia Campos Benites;F;1962-12-26;José Leonardo Ortiz;Lambayeque;2024-01-04;No afiliado
150;Aarón Benavides Llerena;M;2001-11-13;José Leonardo Ortiz;Lambayeque;2024-01-04;Plata
151;Sandra Vidal Serna;F;1946-03-07;San Martín de Porres;Lima;2024-01-04;Plata
152;Angustias Rosales Villafuerte;F;1961-09-27;San Juan de Lurigancho;Lima;2024-01-04;Bronce
153;Alba Jara Gálvez;F;1984-10-04;San Juan de Lurigancho;Lima;2024-01-04;No afiliado
154;GISELA MATÍAS BELLO;F;1982-12-31;La Esperanza;La Libertad;2024-01-04;Bronce
155;Estefanía Rivera Cáceres;F;1994-08-17;Castilla;Piura;2024-01-04;No afiliado
156;horacio velásquez sanabria;M;1993-05-24;San Juan de Lurigancho;Lima;2024-01-04;No afiliado
157;Ponciano Tello Manrique;M;1968-10-31;José Leonardo Ortiz;Lambayeque;2024-01-04;Bronce
158;Gisela Rojas Gallo;F;2004-07-02;Monsefú;Lambayeque;2024-01-04;Oro
159;Paulina Vásquez Campos;F;1985-12-22;Comas;Lima;2024-01-04;Plata
160;guido callirgos zambrano;M;2004-09-09;Castilla;Piura;2024-01-04;Bronce
161;Encarnación Padilla Arias;F;1984-04-29;El Tambo;Junín;2024-01-04;No afiliado
162;Rubén Cruz Vargas;M;1996-07-22;Castilla;Piura;2024-01-04;No afiliado
163;LAUREANO JARA GALARZA;M;1969-12-21;Los Olivos;Lima;2024-01-04;No afiliado
164;Ainhoa Mora Serna;F;1959-11-13;San Juan de Lurigancho;Lima;2024-01-04;Bronce
165;Nepomuceno Delgado Rojas;M;1965-06-16;Víctor Larco Herrera;La Libertad;2024-01-04;No afiliado
166;Elena Villalobos Allcca;F;1973-01-20;Trujillo;La Libertad;2024-01-04;No afiliado
167;Orestes Benites Ugarte;M;2001-11-22;San Miguel;Lima;2024-01-04;Plata
168;FEDERICO ROCHA VELÁSQUEZ;M;1986-11-17;Iquitos;Loreto;2024-01-04;No afiliado
169;Candelaria Luna Solano;F;1995-11-19;La Esperanza;La Libertad;2024-01-04;No afiliado
170;Reme Reyna Villanueva;F;1980-10-19;La Victoria;Lambayeque;2024-01-04;Plata
171;liborio carranza soto;M;1996-10-14;Belén;Loreto;2024-01-04;No afiliado
172;Felipe Jiménez Domínguez;M;2002-07-09;Belén;Loreto;2024-01-04;No afiliado
173;Braulio Cabello Torres;M;1979-10-24;Punchana;Loreto;2024-01-04;Bronce
174;Monserrat Medina Nieto;F;1977-12-10;Paucarpata;Arequipa;2024-01-04;Bronce
175;melitón valverde rosales;M;1951-10-22;San Sebastián;Cusco;2024-01-04;Bronce
176;Teofila Santos Manrique;F;1989-06-19;Wanchaq;Cusco;2024-01-04;No afiliado
177;josé rojas chávez;M;1953-11-03;Víctor Larco Herrera;La Libertad;2024-01-04;Plata
178;Fátima Ruiz Quijano;F;1976-10-06;Villa El Salvador;Lima;2024-01-04;Plata
179;andrea torres amaya;F;1968-05-11;San Juan Bautista;Loreto;2024-01-04;Plata
180;Jesús Estrella Vargas;M;1952-10-03;San Juan Bautista;Loreto;2024-01-04;No afiliado
181;paulina velásquez pacheco;F;1994-10-14;Chilca;Junín;2024-01-05;Plata
182;Homero Villanueva Aguirre;M;1973-09-21;El Porvenir;La Libertad;2024-01-05;Plata
183;lucio sierra avendaño;M;1991-12-23;Chiclayo;Lambayeque;2024-01-05;Bronce
184;Vicenta Rivera Arango;F;1995-06-25;La Esperanza;La Libertad;2024-01-05;Bronce
185;Sara Reyna Gálvez;F;1978-05-30;Trujillo;La Libertad;2024-01-05;No afiliado
186;Oscar Bravo Escobar;M;2003-04-22;San Sebastián;Cusco;2024-01-05;No afiliado
187;Mercedes Llerena Montes;F;1993-08-16;Sullana;Piura;2024-01-05;Bronce
188;Candelaria Sánchez Ulloa;F;2005-03-18;Paita;Piura;2024-01-05;Plata
189;Álvaro Hernández Trejo;M;1979-12-24;Castilla;Piura;2024-01-05;Bronce
190;Roberto Vásquez Muñiz;M;1983-11-02;Trujillo;La Libertad;2024-01-05;Plata
191;ELOY ESTRELLA CAMPOS;M;1982-10-05;José Luis Bustamante y Rivero;Arequipa;2024-01-05;No afiliado
192;Ursula Valverde Zambrano;F;1999-07-19;San Martín de Porres;Lima;2024-01-05;Bronce
193;Dorotea Cruz Quispe;F;1989-09-29;El Porvenir;La Libertad;2024-01-05;Bronce
194;Gisela Velásquez Farro;F;2001-08-09;Comas;Lima;2024-01-05;Bronce
195;Estefanía Serna Avendaño;F;1962-10-12;Castilla;Piura;2024-01-05;Bronce
196;VERÓNICA REQUEJO LOZANO;F;2006-12-29;Trujillo;La Libertad;2024-01-05;No afiliado
197;emilia delgado santos;F;1971-11-19;Iquitos;Loreto;2024-01-05;Bronce
198;Asunción Sánchez Alvarado;F;1967-07-04;Veintiséis de Octubre;Piura;2024-01-05;Oro
199;Bárbara Muñiz Araujo;F;1948-11-21;Santiago de Surco;Lima;2024-01-05;Bronce
200;Bernarda Guerrero Dávila;F;1980-02-08;Punchana;Loreto;2024-01-05;No afiliado
201;Feliciana Carranza Requejo;F;1972-04-16;San Martín de Porres;Lima;2024-01-05;No afiliado
202;gregorio villalba montoya;M;1953-01-18;Trujillo;La Libertad;2024-01-05;No afiliado
203;prudencia soto benites;F;1996-12-31;San Sebastián;Cusco;2024-01-05;No afiliado
204;rubén reyna maldonado;M;1979-03-26;Santiago de Surco;Lima;2024-01-05;No afiliado
205;Francisca Fuentes Ordoñez;F;1964-12-20;Trujillo;La Libertad;2024-01-05;No afiliado
206;Elisa Figueroa Sierra;F;1960-08-13;Jesús María;Lima;2024-01-05;No afiliado
207;Aarón Palacios Matías;M;2007-06-30;San Juan de Lurigancho;Lima;2024-01-05;Bronce
208;roberto villalobos zúñiga;M;2006-12-07;Cayma;Arequipa;2024-01-05;No afiliado
209;Dante Aguirre Reyna;M;1986-07-12;San Juan Bautista;Loreto;2024-01-05;Bronce
210;Victoria Obando Martínez;F;2001-09-04;Ate;Lima;2024-01-05;Plata
211;FORTUNATO DELGADO VIDAL;M;1968-01-28;Chilca;Junín;2024-01-05;No afiliado
212;Amelia Zambrano Villafuerte;F;1976-04-16;San Martín de Porres;Lima;2024-01-05;Bronce
213;Justo Ramírez Llanos;M;1975-05-11;San Miguel;Lima;2024-01-05;Bronce
214;Joaquín Villafuerte Valverde;M;2002-11-27;Piura;Piura;2024-01-05;Bronce
215;Clara Zambrano Vásquez;F;1970-01-29;El Porvenir;La Libertad;2024-01-05;Bronce
216;Moisés Domínguez Medina;M;1961-09-12;Los Olivos;Lima;2024-01-05;No afiliado
217;Belén Machuca Lozano;F;2004-12-24;Pimentel;Lambayeque;2024-01-05;No afiliado
218;ireneo cabello garcía;M;1974-04-28;El Porvenir;La Libertad;2024-01-05;Bronce
219;Filemón Rivera Chávez;M;1966-10-16;Wanchaq;Cusco;2024-01-05;Bronce
220;jacobo villafuerte reyna;M;1955-04-25;Cayma;Arequipa;2024-01-05;No afiliado
221;TRINIDAD NIETO TEJADA;F;1990-07-13;Chiclayo;Lambayeque;2024-01-05;No afiliado
222;Salud Guerrero Jara;F;1975-05-02;Paucarpata;Arequipa;2024-01-05;No afiliado
223;Aureliano Merino Gálvez;M;2007-05-09;San Miguel;Lima;2024-01-05;Plata
224;Casimiro Arango Cruz;M;1991-08-06;Castilla;Piura;2024-01-05;Bronce
225;Néstor Medina Rojas;M;1987-05-17;Trujillo;La Libertad;2024-01-05;No afiliado
226;Virginia Sánchez Arroyo;F;1985-10-04;San Juan Bautista;Loreto;2024-01-06;Bronce
227;Gustavo Amaya Tejada;M;1987-11-16;Cusco;Cusco;2024-01-06;Bronce
228;Blas Matías Villalobos;M;1978-07-18;Comas;Lima;2024-01-06;No afiliado
229;PANCHO PIZARRO ZAMBRANO;M;1975-02-17;San Juan de Lurigancho;Lima;2024-01-06;Bronce
230;ASUNCIÓN VÁSQUEZ CALDERÓN;F;1995-07-14;San Juan de Lurigancho;Lima;2024-01-06;No afiliado
231;Herminia Rojas Quispe;F;1976-09-27;Veintiséis de Octubre;Piura;2024-01-06;Bronce
232;TERESA VELÁSQUEZ ORDOÑEZ;F;2005-09-20;Lambayeque;Lambayeque;2024-01-06;No afiliado
233;Pedro Tejada Domínguez;M;1960-08-02;Miraflores;Lima;2024-01-06;No afiliado
234;Marcial Rosales Montero;M;1997-02-19;Piura;Piura;2024-01-06;Bronce
235;Tomasa Pacheco Aguirre;F;1989-03-05;La Esperanza;La Libertad;2024-01-06;No afiliado
236;Teresa Maldonado Calderón;F;1984-05-15;San Martín de Porres;Lima;2024-01-06;No afiliado
237;Ignacio Sánchez Reyna;M;2002-08-13;El Porvenir;La Libertad;2024-01-06;Bronce
238;lorena velásquez tejada;F;2005-09-14;Veintiséis de Octubre;Piura;2024-01-06;Bronce
239;Horacio Paredes Avendaño;M;1999-04-04;José Leonardo Ortiz;Lambayeque;2024-01-06;Bronce
240;paulina pacheco chacón;F;2006-06-05;Veintiséis de Octubre;Piura;2024-01-06;No afiliado
241;Gloria Reyna Tejada;F;1988-12-29;Miraflores;Lima;2024-01-06;Plata
242;Asunción Maldonado Delgado;F;1988-09-24;Comas;Lima;2024-01-06;Bronce
243;Olegario Chambi Trejo;M;1978-09-17;Poroy;Cusco;2024-01-06;Bronce
244;Jacobo Estrella Farro;M;1952-09-25;El Porvenir;La Libertad;2024-01-06;Bronce
245;ALFONSO DOMÍNGUEZ ZAPATA;M;1988-05-16;El Porvenir;La Libertad;2024-01-06;Bronce
246;eutiquio gallo padilla;M;1947-08-12;Ate;Lima;2024-01-06;Bronce
247;Ruperto Reyna Santos;M;1997-07-15;San Juan de Lurigancho;Lima;2024-01-06;Bronce
248;URSULA VARGAS CABELLO;F;1994-03-15;San Martín de Porres;Lima;2024-01-06;Plata
249;FILOMENA CONDE VÁSQUEZ;F;1981-02-06;Ate;Lima;2024-01-06;No afiliado
250;Blanca Ruiz Vidal;F;2003-10-22;Chiclayo;Lambayeque;2024-01-06;Bronce
251;Marcelina Tejada Vargas;F;1957-07-15;Trujillo;La Libertad;2024-01-06;No afiliado
252;Carmen Arias Reyna;F;1963-11-05;Comas;Lima;2024-01-06;Bronce
253;LOURDES VILLAFUERTE PADILLA;F;1984-07-26;Pimentel;Lambayeque;2024-01-06;Bronce
254;remedios gallo palacios;F;1984-02-07;Santiago;Cusco;2024-01-06;Plata
255;Joaquín Chávez Portilla;M;1992-03-07;Lima;Lima;2024-01-06;No afiliado
256;Vicente Valle Peralta;M;1984-11-11;Santiago de Surco;Lima;2024-01-06;Plata
257;Marcial Zapata Rocha;M;1965-04-22;San Isidro;Lima;2024-01-06;Plata
258;moisés amaya medina;M;1976-12-26;San Juan Bautista;Loreto;2024-01-06;No afiliado
259;Dorotea Villalba Escalante;F;1976-07-11;San Jerónimo;Cusco;2024-01-06;No afiliado
260;Horacio Velásquez Cruz;M;1984-08-31;Veintiséis de Octubre;Piura;2024-01-06;Bronce
261;Arturo Montalvo Solano;M;2002-09-28;Huancán;Junín;2024-01-06;No afiliado
262;AARÓN CAMPOS RODRÍGUEZ;M;2003-01-20;San Juan de Lurigancho;Lima;2024-01-06;No afiliado
263;Aníbal Sánchez Hurtado;M;1999-06-28;Santiago;Cusco;2024-01-06;No afiliado
264;Dolores Chávez Vásquez;F;1996-02-22;Arequipa;Arequipa;2024-01-06;No afiliado
265;CANDELARIA MACHUCA MERINO;F;1982-10-30;El Tambo;Junín;2024-01-06;Bronce
266;elisa gutiérrez gallo;F;1947-06-19;San Jerónimo;Cusco;2024-01-06;No afiliado
267;eduardo fuentes farro;M;2003-02-25;San Martín de Porres;Lima;2024-01-06;No afiliado
268;Guido Sánchez Tejada;M;2007-09-05;Wanchaq;Cusco;2024-01-06;No afiliado
269;Aarón Ruiz Chávez;M;1984-03-21;El Porvenir;La Libertad;2024-01-06;Bronce
270;Dorotea Rivera Manrique;F;1988-08-23;Trujillo;La Libertad;2024-01-06;Bronce
271;Romana Solano Hurtado;F;1976-05-03;Trujillo;La Libertad;2024-01-07;Bronce
272;Pedro Chávez Lozano;M;2006-08-19;Jesús María;Lima;2024-01-07;Bronce
273;MERCEDES ROSALES VILLAFUERTE;F;2003-03-06;Cayma;Arequipa;2024-01-07;No afiliado
274;José Bustos Zambrano;M;2001-12-13;Chiclayo;Lambayeque;2024-01-07;Bronce
275;Bianca Avendaño Nieto;F;1982-11-05;San Miguel;Lima;2024-01-07;Bronce
276;Marciano Cruz Peralta;M;1994-10-25;Cusco;Cusco;2024-01-07;No afiliado
277;NÉSTOR PÉREZ PORTILLA;M;1987-04-09;Santiago;Cusco;2024-01-07;No afiliado
278;ENCARNACIÓN DELGADO RIVERA;F;1999-10-28;San Juan de Lurigancho;Lima;2024-01-07;No afiliado
279;julia valverde riveros;F;1972-10-27;Cerro Colorado;Arequipa;2024-01-07;Bronce
280;gisela sierra merino;F;1970-06-24;Yurimaguas;Loreto;2024-01-07;Bronce
281;Ubaldo Bello Maldonado;M;1970-03-07;Ate;Lima;2024-01-07;Bronce
282;Gloria Tejada Gamarra;F;1984-01-16;Santiago;Cusco;2024-01-07;Bronce
283;Romana Cabello Lozano;F;1995-01-20;José Luis Bustamante y Rivero;Arequipa;2024-01-07;Bronce
284;salvador ulloa hernández;M;1962-06-30;Cerro Colorado;Arequipa;2024-01-07;No afiliado
285;BERNARDA AMAYA VALVERDE;F;1991-11-23;Cusco;Cusco;2024-01-07;Bronce
286;Tobías Ramírez Delgado;M;1963-05-05;Los Olivos;Lima;2024-01-07;Bronce
287;edmundo reyna conde;M;1996-11-16;El Porvenir;La Libertad;2024-01-07;Bronce
288;blanca avendaño aguilar;F;2001-07-13;Chiclayo;Lambayeque;2024-01-07;No afiliado
289;Nepomuceno Lozano Domínguez;M;1960-03-14;Belén;Loreto;2024-01-07;Bronce
290;Eugenia Sanabria Chávez;F;1985-08-14;San Martín de Porres;Lima;2024-01-07;Plata
291;Eusebia Zúñiga Hurtado;F;1998-09-21;Requena;Loreto;2024-01-07;No afiliado
292;Anastasia Loayza Velarde;F;2006-01-12;Yurimaguas;Loreto;2024-01-07;Plata
293;Ángel Gálvez Rivera;M;1951-01-23;Ate;Lima;2024-01-07;No afiliado
294;MARÍA VALVERDE ARANGO;F;2006-07-03;Villa El Salvador;Lima;2024-01-07;Oro
295;Aarón Reyna Montero;M;1957-02-05;Trujillo;La Libertad;2024-01-07;Bronce
296;Eutiquio Montoya Gálvez;M;1978-02-21;Comas;Lima;2024-01-07;Plata
297;jacobo torrico cruz;M;1996-12-08;San Agustín;Junín;2024-01-07;Bronce
298;Epifanio Zapata Pizarro;M;1979-03-11;San Martín de Porres;Lima;2024-01-07;No afiliado
299;CECILIA GARCÍA RODRÍGUEZ;F;1975-11-05;Santiago de Surco;Lima;2024-01-07;No afiliado
300;avelino sánchez carranza;M;1966-08-09;Comas;Lima;2024-01-07;No afiliado
301;Napoleón Moreno Cruz;M;1979-09-07;Castilla;Piura;2024-01-07;Plata
302;Leonor Villalobos Benites;F;1971-08-12;Villa El Salvador;Lima;2024-01-07;No afiliado
303;marcial villafuerte reyna;M;1988-08-18;Piura;Piura;2024-01-07;Bronce
304;Jacobo Calderón Montes;M;1961-02-11;Castilla;Piura;2024-01-07;Bronce
305;ruperto cruz arce;M;1977-07-28;Comas;Lima;2024-01-07;Bronce
306;leandro ugarte garcía;M;1976-07-15;San Sebastián;Cusco;2024-01-07;No afiliado
307;estela mora rivera;F;1949-08-15;Víctor Larco Herrera;La Libertad;2024-01-07;No afiliado
308;Eduardo Navarrete Ulloa;M;1975-04-12;Veintiséis de Octubre;Piura;2024-01-07;Plata
309;Evaristo Tejada Rocha;M;1959-04-27;Villa El Salvador;Lima;2024-01-07;No afiliado
310;Casimiro Aguirre Valenzuela;M;1991-01-11;Castilla;Piura;2024-01-07;Plata
311;Celeste Palacios Montes;F;1993-04-02;Huanchaco;La Libertad;2024-01-07;No afiliado
312;federico zambrano loayza;M;2006-08-25;José Luis Bustamante y Rivero;Arequipa;2024-01-07;Bronce
313;ELISA LOZANO GARCÍA;F;1973-02-08;Santiago;Cusco;2024-01-07;No afiliado
314;Ursula Rojas Calderón;F;1963-10-10;Cerro Colorado;Arequipa;2024-01-07;No afiliado
315;Sabina Rivera Paredes;F;1978-09-25;Punchana;Loreto;2024-01-07;Plata
316;Arantxa Llanos Villalobos;F;1955-12-26;Trujillo;La Libertad;2024-01-08;Bronce
317;ventura chávez sánchez;M;2000-01-25;Cusco;Cusco;2024-01-08;No afiliado
318;Tristán Velásquez Zapata;M;1977-03-08;Paucarpata;Arequipa;2024-01-08;Bronce
319;Bernarda Gamarra Pizarro;F;1980-01-31;Veintiséis de Octubre;Piura;2024-01-08;Plata
320;MOISÉS FARRO PORTILLA;M;1993-02-11;La Esperanza;La Libertad;2024-01-08;Plata
321;Bernarda Figueroa Ortega;F;1975-11-12;San Juan Bautista;Loreto;2024-01-08;Bronce
322;César Mejía Trejo;M;1983-01-17;Cayma;Arequipa;2024-01-08;Bronce
323;clara santos sánchez;F;1942-08-09;San Juan de Lurigancho;Lima;2024-01-08;Bronce
324;Remedios Chávez Ríos;F;2000-10-29;El Porvenir;La Libertad;2024-01-08;Bronce
325;Alba Pacheco Serna;F;1964-06-26;La Esperanza;La Libertad;2024-01-08;Bronce
326;RAFAELA VELÁSQUEZ VARGAS;F;1983-02-22;Yurimaguas;Loreto;2024-01-08;Plata
327;Pilar Villalobos Chávez;F;1954-01-23;Paita;Piura;2024-01-08;Plata
328;Gisela Rivera Cruz;F;1977-03-17;Ate;Lima;2024-01-08;Plata
329;clara villalobos cornejo;F;2006-12-09;Santiago de Surco;Lima;2024-01-08;Bronce
330;Sara Velásquez Montes;F;1967-01-24;Trujillo;La Libertad;2024-01-08;No afiliado
331;Susana Villafuerte Gálvez;F;1991-04-14;La Esperanza;La Libertad;2024-01-08;Bronce
332;SORAYA ZÚÑIGA MACEDO;F;1996-06-08;San Martín de Porres;Lima;2024-01-08;Bronce
333;Onésimo Velarde Delgado;M;2003-05-30;Trujillo;La Libertad;2024-01-08;Bronce
334;Eugenio Serna Palomino;M;1981-01-13;San Sebastián;Cusco;2024-01-08;Bronce
335;Leonor Sierra Zúñiga;F;1983-03-17;Paucarpata;Arequipa;2024-01-08;No afiliado
336;Gabriela Pérez Estrella;F;1977-03-28;Veintiséis de Octubre;Piura;2024-01-08;Bronce
337;LUCÍA GARCÍA ESTRELLA;F;2003-07-26;Paita;Piura;2024-01-08;No afiliado
338;Tadeo Palomino Arroyo;M;1966-12-06;Chilca;Junín;2024-01-08;Plata
339;Bárbara Campos Valverde;F;1965-04-30;Cusco;Cusco;2024-01-08;Bronce
340;Ariadna Valle Meneses;F;1976-05-15;Cusco;Cusco;2024-01-08;Bronce
341;dante ramírez serna;M;1945-04-20;Belén;Loreto;2024-01-08;Bronce
342;AVELINO CALDERÓN CRUZ;M;1968-02-26;La Esperanza;La Libertad;2024-01-08;No afiliado
343;Arturo Requejo Chávez;M;1958-11-24;El Porvenir;La Libertad;2024-01-08;Bronce
344;Clara Villalobos Portilla;F;2003-11-18;José Leonardo Ortiz;Lambayeque;2024-01-08;Bronce
345;Jacobo Vilca Merino;M;1982-08-26;Castilla;Piura;2024-01-08;Bronce
346;Trinidad Tejada Llerena;F;1963-12-25;San Martín de Porres;Lima;2024-01-08;Bronce
347;Alejandra Cruz Serna;F;2003-07-30;Villa El Salvador;Lima;2024-01-08;No afiliado
348;Aniceto Rivera Montes;M;1991-10-10;Santiago de Surco;Lima;2024-01-08;Oro
349;Nerea Avendaño Valverde;F;1957-02-23;Veintiséis de Octubre;Piura;2024-01-08;No afiliado
350;PATRICIA VALVERDE ESTRELLA;F;1961-03-20;San Juan de Lurigancho;Lima;2024-01-08;No afiliado
351;Juan Sánchez Villalobos;M;1978-11-12;La Esperanza;La Libertad;2024-01-08;Bronce
352;Aarón Macedo Maldonado;M;1996-07-22;Paita;Piura;2024-01-08;Bronce
353;Oihane Vega Gálvez;F;2001-02-05;Villa El Salvador;Lima;2024-01-08;No afiliado
354;Felipe Trejo Luna;M;1995-11-26;Catacaos;Piura;2024-01-08;Plata
355;Jacobo Merino Lozano;M;1970-01-28;La Victoria;Lambayeque;2024-01-08;Plata
356;Balbina Mora Conde;F;1991-05-16;Trujillo;La Libertad;2024-01-08;No afiliado
357;Faustino Tejada Cruz;M;2002-11-15;La Victoria;Lambayeque;2024-01-08;Bronce
358;Romana Arce Llerena;F;1991-04-16;Yurimaguas;Loreto;2024-01-08;No afiliado
359;Jacobo Arango Paredes;M;1977-11-05;Jesús María;Lima;2024-01-08;Plata
360;PRUDENCIA SÁNCHEZ VARGAS;F;1967-10-05;Huancayo;Junín;2024-01-08;Plata
361;Balbina Ramírez Farro;F;1991-09-09;Huancán;Junín;2024-01-09;No afiliado
362;Enrique Velarde Estrella;M;1949-07-28;Cusco;Cusco;2024-01-09;Bronce
363;Catalina Campos Serna;F;2007-03-21;Pilcomayo;Junín;2024-01-09;No afiliado
364;Jacobo Farro Manrique;M;1993-11-27;Paita;Piura;2024-01-09;No afiliado
365;VERÓNICA ARROYO MALDONADO;F;1961-09-19;Nauta;Loreto;2024-01-09;No afiliado
366;Casimiro Quijano Estrella;M;1973-05-26;Villa El Salvador;Lima;2024-01-09;No afiliado
367;Baltasar Serna Delgado;M;1996-11-11;San Miguel;Lima;2024-01-09;Bronce
368;Zenón Villegas Reyna;M;1983-10-15;Villa El Salvador;Lima;2024-01-09;Plata
369;Margarita Vargas Cruz;F;1982-03-06;Yurimaguas;Loreto;2024-01-09;No afiliado
370;Asunción Escobar Hernández;F;1996-05-28;Piura;Piura;2024-01-09;No afiliado
371;Marcial Velásquez Cruz;M;1993-07-09;Chiclayo;Lambayeque;2024-01-09;No afiliado
372;Gisela Ortega Maldonado;F;1958-07-30;Lima;Lima;2024-01-09;Plata
373;Amparo Maldonado Sierra;F;1982-11-25;San Miguel;Lima;2024-01-09;No afiliado
374;jacobo riveros gálvez;M;1985-01-23;Cerro Colorado;Arequipa;2024-01-09;Bronce
375;Erasmo García Arias;M;2007-10-26;Paucarpata;Arequipa;2024-01-09;Plata
376;Balbina Portilla Allcca;F;1995-02-24;San Martín de Porres;Lima;2024-01-09;No afiliado
377;elsa montoya vidal;F;1982-03-08;Requena;Loreto;2024-01-09;Plata
378;Homero Dávila Sierra;M;1998-07-25;Iquitos;Loreto;2024-01-09;No afiliado
379;Prudencia Sánchez Hurtado;F;1992-03-26;Cusco;Cusco;2024-01-09;Oro
380;Amelia Matías Santos;F;1993-03-23;Castilla;Piura;2024-01-09;No afiliado
381;Ursula Loayza Reyna;F;2005-02-03;Paucarpata;Arequipa;2024-01-09;No afiliado
382;nerea miranda serna;F;1963-01-26;Víctor Larco Herrera;La Libertad;2024-01-09;Bronce
383;EUTIQUIO GALARZA REYNA;M;1945-01-30;Paita;Piura;2024-01-09;No afiliado
384;Cristian Chávez Soto;M;1980-05-15;Piura;Piura;2024-01-09;No afiliado
385;rubén meneses estrella;M;1989-11-17;Comas;Lima;2024-01-09;Plata
386;Fabián Velarde Lozano;M;2001-01-04;Arequipa;Arequipa;2024-01-09;Bronce
387;silvano campos vargas;M;1970-06-05;La Esperanza;La Libertad;2024-01-09;No afiliado
388;Felicidad Velásquez Serna;F;1985-05-18;Pariñas;Piura;2024-01-09;No afiliado
389;Vicenta Cruz García;F;1985-04-06;Trujillo;La Libertad;2024-01-09;Oro
390;Eugenio García Rosales;M;1994-05-30;Cerro Colorado;Arequipa;2024-01-09;Plata
391;Crispina Campos Villafuerte;F;1977-09-11;Cerro Colorado;Arequipa;2024-01-09;No afiliado
392;Nepomuceno Farro Lozano;M;2002-04-15;San Martín de Porres;Lima;2024-01-09;Bronce
393;Carmen Torrico Muñoz;F;2004-11-05;Pariñas;Piura;2024-01-09;Bronce
394;SILVANO VELÁSQUEZ GARCÍA;M;1977-01-03;Piura;Piura;2024-01-09;Bronce
395;Dante Dávila Vásquez;M;1974-07-21;San Juan Bautista;Loreto;2024-01-09;Plata
396;Lucas Zambrano Araujo;M;2004-10-24;San Juan de Lurigancho;Lima;2024-01-09;Plata
397;Agustina García Cabello;F;1959-03-22;Víctor Larco Herrera;La Libertad;2024-01-09;No afiliado
398;Ulises Delgado Pizarro;M;1982-12-04;San Miguel;Lima;2024-01-09;Bronce
399;ESPERANZA PALOMINO ZAMBRANO;F;1992-01-26;Requena;Loreto;2024-01-09;Bronce
400;MARTÍN LLERENA SANTOS;M;1979-03-14;San Isidro;Lima;2024-01-09;Plata
401;Apolonio Cruz Rocha;M;1980-02-22;San Juan de Lurigancho;Lima;2024-01-09;No afiliado
402;Fátima Chacón Valle;F;2005-06-29;Villa El Salvador;Lima;2024-01-09;Bronce
403;Ventura Benavides Serna;M;1987-10-31;Cusco;Cusco;2024-01-09;Bronce
404;Honorio Llerena Pacheco;M;1983-11-08;Los Olivos;Lima;2024-01-09;Oro
405;AURELIO MALDONADO VELÁSQUEZ;M;1984-05-16;San Borja;Lima;2024-01-09;Bronce
406;claudia ramírez sánchez;F;1999-05-23;Pariñas;Piura;2024-01-10;Plata
407;Raúl Villafuerte Matías;M;1967-11-06;Veintiséis de Octubre;Piura;2024-01-10;No afiliado
408;aarón yupanqui dávila;M;1984-10-27;Ate;Lima;2024-01-10;No afiliado
409;Isidoro Medina Villalobos;M;1989-11-12;San Martín de Porres;Lima;2024-01-10;Plata
410;esteban trejo gallo;M;1997-06-18;Villa El Salvador;Lima;2024-01-10;Plata
411;Serafín Valverde Ojeda;M;1988-09-15;Comas;Lima;2024-01-10;Bronce
412;Mercedes Martínez Chávez;F;1986-09-10;Castilla;Piura;2024-01-10;Bronce
413;Brayan Rivera Trujillo;M;2004-07-31;San Martín de Porres;Lima;2024-01-10;No afiliado
414;bernardo alvarado mendieta;M;1968-10-21;Yurimaguas;Loreto;2024-01-10;No afiliado
415;celso acuña cruz;M;1987-10-25;Castilla;Piura;2024-01-10;No afiliado
416;Carlos Zambrano Gallo;M;2006-11-10;Punchana;Loreto;2024-01-10;Bronce
417;Leonor Campos Villalobos;F;1983-06-22;Piura;Piura;2024-01-10;Plata
418;Vicente Ríos Zúñiga;M;1996-12-24;San Martín de Porres;Lima;2024-01-10;No afiliado
419;fortunato rosales acuña;M;1971-03-20;El Tambo;Junín;2024-01-10;No afiliado
420;Yolanda Montoya Llerena;F;2000-10-27;San Sebastián;Cusco;2024-01-10;Bronce
421;Pancho Jiménez Valenzuela;M;1990-05-16;San Juan de Lurigancho;Lima;2024-01-10;Bronce
422;Soraya Gutiérrez Llanos;F;2000-02-27;José Leonardo Ortiz;Lambayeque;2024-01-10;Plata
423;Moisés Zavala Farro;M;1963-07-12;Pariñas;Piura;2024-01-10;Plata
424;Jesús Bello Santos;M;2007-07-25;Piura;Piura;2024-01-10;No afiliado
425;bautista gálvez valenzuela;M;2002-05-03;El Porvenir;La Libertad;2024-01-10;No afiliado
426;PEDRO FIGUEROA RIVERA;M;1952-06-15;Paucarpata;Arequipa;2024-01-10;Plata
427;Marciano Solano Soto;M;1999-03-15;Trujillo;La Libertad;2024-01-10;Bronce
428;BÁRBARA CARRANZA PAREDES;F;1977-05-08;San Juan de Lurigancho;Lima;2024-01-10;Bronce
429;ROMUALDO CARRANZA VARGAS;M;2005-12-18;Punchana;Loreto;2024-01-10;No afiliado
430;ANICETO MALDONADO MARTÍNEZ;M;1959-08-15;Trujillo;La Libertad;2024-01-10;Bronce
431;Angustias Bello Galarza;F;2000-03-25;Sullana;Piura;2024-01-10;No afiliado
432;Sabina Coronado Medina;F;1990-05-03;San Martín de Porres;Lima;2024-01-10;No afiliado
433;alba villafuerte mejía;F;1958-06-19;Trujillo;La Libertad;2024-01-10;Bronce
434;vicenta sánchez gálvez;F;1992-01-19;Huancayo;Junín;2024-01-10;Oro
435;Pilar Vargas Serna;F;2001-08-16;Paucarpata;Arequipa;2024-01-10;No afiliado
436;Isidoro Chambi Montoya;M;1993-09-07;Comas;Lima;2024-01-10;No afiliado
437;PATRICIO TORRES CARRANZA;M;1991-08-27;Lambayeque;Lambayeque;2024-01-10;Bronce
438;Samuel Chávez Paredes;M;1976-11-12;San Martín de Porres;Lima;2024-01-10;Plata
439;César Palacios Requejo;M;1998-12-16;San Juan de Lurigancho;Lima;2024-01-10;No afiliado
440;Joel Zambrano Gallo;M;1992-01-27;Piura;Piura;2024-01-10;Bronce
441;Lorena Rivera Muñiz;F;2003-06-02;San Sebastián;Cusco;2024-01-10;No afiliado
442;Ponciano Domínguez Carranza;M;1963-04-12;San Martín de Porres;Lima;2024-01-10;Bronce
443;Virginia Martínez Gallo;F;1980-04-18;Trujillo;La Libertad;2024-01-10;Bronce
444;ILDEFONSA PALACIOS ACUÑA;F;1975-12-04;Socabaya;Arequipa;2024-01-10;Bronce
445;Leonor Zúñiga Gallo;F;2006-08-30;El Porvenir;La Libertad;2024-01-10;Bronce
446;Luisa Araujo Palacios;F;1996-02-04;La Esperanza;La Libertad;2024-01-10;No afiliado
447;Aniceto Trejo Escobar;M;1976-11-01;José Luis Bustamante y Rivero;Arequipa;2024-01-10;Bronce
448;Candelaria Rivera Sierra;F;1989-01-27;Los Olivos;Lima;2024-01-10;Bronce
449;Pastora Villafuerte Campos;F;2000-04-17;Sullana;Piura;2024-01-10;No afiliado
450;Raúl García Gallo;M;1977-02-17;Sullana;Piura;2024-01-10;Bronce
451;JOSEFA RODRÍGUEZ MENESES;F;1959-04-15;Los Olivos;Lima;2024-01-11;Bronce
452;Néstor Vargas Hurtado;M;1944-04-08;Cerro Colorado;Arequipa;2024-01-11;No afiliado
453;guido del carpio vargas;M;1995-12-27;Comas;Lima;2024-01-11;No afiliado
454;Victoria Coronado Pacheco;F;1968-01-13;Chiclayo;Lambayeque;2024-01-11;Bronce
455;María Ríos Montes;F;1998-03-09;San Juan de Lurigancho;Lima;2024-01-11;Oro
456;Teodosia Maldonado Ponce;F;2007-09-01;San Martín de Porres;Lima;2024-01-11;Bronce
457;Amparo Gallo Pizarro;F;1997-12-10;San Juan de Lurigancho;Lima;2024-01-11;Oro
458;EMILIA VILLALOBOS MALDONADO;F;1954-06-25;Yanahuara;Arequipa;2024-01-11;Plata
459;Boris Callirgos Sierra;M;1992-01-05;Moche;La Libertad;2024-01-11;No afiliado
460;Concepción García Zambrano;F;2001-06-16;El Porvenir;La Libertad;2024-01-11;Bronce
461;leonor reyna vásquez;F;1971-05-17;Yanahuara;Arequipa;2024-01-11;No afiliado
462;Violeta Avendaño Vargas;F;1957-09-19;Trujillo;La Libertad;2024-01-11;No afiliado
463;Victoria Rivera Villalba;F;1975-08-10;Cusco;Cusco;2024-01-11;No afiliado
464;Sabina Suárez Solano;F;2005-05-12;Los Olivos;Lima;2024-01-11;Bronce
465;Justo Villafuerte Jiménez;M;2002-01-28;Santiago de Surco;Lima;2024-01-11;No afiliado
466;Faustino Gómez Suárez;M;1989-04-18;San Juan de Lurigancho;Lima;2024-01-11;Plata
467;Mario Campos Rivera;M;1981-08-22;San Juan Bautista;Loreto;2024-01-11;Bronce
468;Catalina Muñoz Arce;F;1988-08-04;José Leonardo Ortiz;Lambayeque;2024-01-11;Bronce
469;trinidad valverde matías;F;1974-01-17;San Juan de Lurigancho;Lima;2024-01-11;Plata
470;Damián García Serna;M;2005-03-05;San Miguel;Lima;2024-01-11;Bronce
471;Demóstenes Gálvez Arango;M;1994-02-25;Yurimaguas;Loreto;2024-01-11;Plata
472;Erika Mendoza Gallo;F;1986-01-15;San Juan de Lurigancho;Lima;2024-01-11;No afiliado
473;Camilo Rojas Vidal;M;1982-01-23;Requena;Loreto;2024-01-11;Bronce
474;Arantxa Benites Velásquez;F;2001-02-19;Veintiséis de Octubre;Piura;2024-01-11;Bronce
475;REMEDIOS ROJAS CARRANZA;F;1964-10-24;San Jerónimo;Cusco;2024-01-11;Oro
476;Boris Santos Chávez;M;1964-08-21;El Tambo;Junín;2024-01-11;No afiliado
477;Casimiro Rivera Villegas;M;1948-12-28;Lima;Lima;2024-01-11;Bronce
478;Gustavo Figueroa Mendoza;M;2003-05-31;Piura;Piura;2024-01-11;No afiliado
479;César Conde Gutiérrez;M;1991-06-21;Piura;Piura;2024-01-11;Plata
480;Herminio Escobar Conde;M;1947-07-10;Cerro Colorado;Arequipa;2024-01-11;No afiliado
481;Lucía Pizarro Dávila;F;1960-04-06;Villa El Salvador;Lima;2024-01-11;Plata
482;Filomena Arce Rivera;F;1977-11-07;San Juan Bautista;Loreto;2024-01-11;No afiliado
483;ALCIDES MONTES RIVEROS;M;1979-06-02;San Juan Bautista;Loreto;2024-01-11;No afiliado
484;GISELA AGUIRRE CÁCERES;F;1995-07-21;Comas;Lima;2024-01-11;No afiliado
485;FILIBERTO LOZANO SÁNCHEZ;M;1981-12-10;Los Olivos;Lima;2024-01-11;No afiliado
486;Marisa Gómez Maldonado;F;2006-12-25;Paucarpata;Arequipa;2024-01-11;Bronce
487;Roberto Reyna Chávez;M;1974-02-26;Cerro Colorado;Arequipa;2024-01-11;Bronce
488;Eugenia Domínguez Manrique;F;1997-05-21;Santiago;Cusco;2024-01-11;Bronce
489;Eusebia Torrico Mejía;F;1998-10-29;Ate;Lima;2024-01-11;No afiliado
490;moisés montes cruz;M;1978-03-20;San Jerónimo;Cusco;2024-01-11;Bronce
491;Froilán Vilca Benites;M;1990-03-01;Trujillo;La Libertad;2024-01-11;No afiliado
492;Reme Solano Torres;F;1979-07-31;El Porvenir;La Libertad;2024-01-11;No afiliado
493;Francisco Mendieta García;M;2006-05-19;San Martín de Porres;Lima;2024-01-11;Bronce
494;Emilio Vega Ruiz;M;1977-12-20;Chiclayo;Lambayeque;2024-01-11;Plata
495;HORACIO REQUEJO GÁLVEZ;M;2003-07-28;José Luis Bustamante y Rivero;Arequipa;2024-01-11;No afiliado
496;Dorotea Escalante Serna;F;1995-03-10;Yanahuara;Arequipa;2024-01-12;No afiliado
497;Salustiano Pizarro Mendieta;M;1980-09-03;Iquitos;Loreto;2024-01-12;No afiliado
498;Magdalena Trejo Ulloa;F;1992-06-17;Los Olivos;Lima;2024-01-12;Bronce
499;lucía martínez ortega;F;1976-05-22;Cerro Colorado;Arequipa;2024-01-12;No afiliado
500;RUBÉN VALVERDE MONTES;M;1986-11-03;Trujillo;La Libertad;2024-01-12;Oro
501;Rafael Suárez Cruz;M;1956-08-09;El Tambo;Junín;2024-01-12;No afiliado
502;Lucio Gálvez Maldonado;M;2001-12-10;San Jerónimo;Cusco;2024-01-12;No afiliado
503;Rubén Amaya García;M;1958-04-19;Comas;Lima;2024-01-12;Plata
504;LUISA LÓPEZ MUÑIZ;F;1982-11-21;Ate;Lima;2024-01-12;Bronce
505;Romana Gallo Salazar;F;1990-11-11;Socabaya;Arequipa;2024-01-12;No afiliado
506;ORLANDO TORRES AGUILAR;M;1972-06-20;Cayma;Arequipa;2024-01-12;No afiliado
507;Néstor Galarza Manrique;M;1947-02-15;Cerro Colorado;Arequipa;2024-01-12;Oro
508;Luis Carranza Reyna;M;1953-12-11;Ate;Lima;2024-01-12;No afiliado
509;IRENEO MONTERO SANTOS;M;1998-02-11;San Jerónimo;Cusco;2024-01-12;Plata
510;PILAR SALGADO CALLE;F;1981-07-24;Requena;Loreto;2024-01-12;Plata
511;Edmundo Bello Cáceres;M;1994-01-30;El Tambo;Junín;2024-01-12;Bronce
512;núria miranda conde;F;1988-10-27;Trujillo;La Libertad;2024-01-12;Bronce
513;EFRAÍN ZAMBRANO VELÁSQUEZ;M;1987-03-17;San Martín de Porres;Lima;2024-01-12;Bronce
514;Sabina Domínguez Velásquez;F;1955-03-27;El Tambo;Junín;2024-01-12;Oro
515;Sol Pacheco Valle;F;2001-11-22;San Borja;Lima;2024-01-12;Plata
516;CANDELARIA CAMPOS SÁNCHEZ;F;1965-07-17;San Juan de Lurigancho;Lima;2024-01-12;Bronce
517;Jesús Torrico Gómez;M;1954-12-27;Cayma;Arequipa;2024-01-12;Bronce
518;Isaac Solano López;M;2003-08-31;José Luis Bustamante y Rivero;Arequipa;2024-01-12;Bronce
519;ANABEL GARCÍA ARROYO;F;1982-02-10;Wanchaq;Cusco;2024-01-12;Bronce
520;APOLONIO VARGAS NAVARRETE;M;1999-11-24;Belén;Loreto;2024-01-12;Plata
521;Rafaela Del Carpio Manrique;F;1949-06-12;Villa El Salvador;Lima;2024-01-12;Bronce
522;rosario sierra matías;F;1986-02-28;Veintiséis de Octubre;Piura;2024-01-12;No afiliado
523;Hugo Gallo Pacheco;M;1990-03-27;San Juan de Lurigancho;Lima;2024-01-12;No afiliado
524;Gonzalo Portilla Torres;M;2004-08-19;Jesús María;Lima;2024-01-12;Plata
525;Amparo Conde Zapata;F;1961-11-30;Piura;Piura;2024-01-12;No afiliado
526;Fabiola Ramírez Loayza;F;1987-07-14;San Juan de Lurigancho;Lima;2024-01-12;Plata
527;Rafael Sánchez Santos;M;2000-09-15;Punchana;Loreto;2024-01-12;No afiliado
528;Teodosia Maldonado Valverde;F;1970-02-16;Comas;Lima;2024-01-12;No afiliado
529;Fátima Pizarro Muñoz;F;1994-05-16;Los Olivos;Lima;2024-01-12;Plata
530;toribio lozano chávez;M;1970-09-28;Veintiséis de Octubre;Piura;2024-01-12;Bronce
531;Leonor Valenzuela Lozano;F;1996-07-10;Jesús María;Lima;2024-01-12;No afiliado
532;Eva Valenzuela Gálvez;F;1946-03-01;Trujillo;La Libertad;2024-01-12;Oro
533;Encarnación Cruz Zeballos;F;1990-10-06;Lima;Lima;2024-01-12;Plata
534;Salustiano Aguirre Dávila;M;1961-06-03;Castilla;Piura;2024-01-12;No afiliado
535;Leticia Villafuerte Bravo;F;1990-04-02;Villa El Salvador;Lima;2024-01-12;Bronce
536;LEANDRO MALDONADO ARIAS;M;1996-07-23;San Juan de Lurigancho;Lima;2024-01-12;Bronce
537;Feliciana Sánchez Escobar;F;1948-12-26;Cusco;Cusco;2024-01-12;Bronce
538;Oihana Villegas Tejada;F;1981-02-18;Paita;Piura;2024-01-12;Oro
539;Trinidad Allcca Hurtado;F;1989-12-09;Los Olivos;Lima;2024-01-12;Bronce
540;Tadeo Rivera Valle;M;1971-06-20;Cusco;Cusco;2024-01-12;No afiliado
541;Emmanuel Estrella Escalante;M;1996-01-09;Catacaos;Piura;2024-01-13;Bronce
542;Fidela Pizarro Delgado;F;1951-03-10;San Martín de Porres;Lima;2024-01-13;Oro
543;Isaac Paredes Ponce;M;1989-05-28;El Porvenir;La Libertad;2024-01-13;Bronce
544;Josefa Maldonado Zúñiga;F;1984-10-27;Lima;Lima;2024-01-13;Plata
545;Leticia Cáceres Solano;F;1960-05-10;San Miguel;Lima;2024-01-13;Bronce
546;JESÚS ACUÑA RAMÍREZ;M;1959-05-11;Piura;Piura;2024-01-13;Bronce
547;carmen reyna gálvez;F;1984-03-03;Miraflores;Lima;2024-01-13;Plata
548;Erik Villalba Manrique;M;1964-02-18;Veintiséis de Octubre;Piura;2024-01-13;No afiliado
549;Asunción Dávila Pizarro;F;2004-05-14;Cerro Colorado;Arequipa;2024-01-13;No afiliado
550;micaela lozano aguirre;F;1995-07-25;El Porvenir;La Libertad;2024-01-13;Bronce
551;VENTURA ESCALANTE RAMÍREZ;M;1963-10-23;Nauta;Loreto;2024-01-13;Plata
552;Juan Vásquez Mejía;M;1931-06-21;Castilla;Piura;2024-01-13;Bronce
553;Ubaldo Bustos Chávez;M;1987-09-07;San Martín de Porres;Lima;2024-01-13;Bronce
554;Néstor Salgado Montes;M;1984-02-28;Ate;Lima;2024-01-13;Bronce
555;Honorio García Martínez;M;1996-02-26;Jesús María;Lima;2024-01-13;Bronce
556;remedios requejo estrella;F;1959-12-06;Villa El Salvador;Lima;2024-01-13;Bronce
557;epifanio aguirre escobar;M;2000-03-30;Paucarpata;Arequipa;2024-01-13;Bronce
558;Álvaro Bravo Matías;M;1965-03-18;Veintiséis de Octubre;Piura;2024-01-13;Bronce
559;Lucrecia Nieto Alvarado;F;1984-07-22;Catacaos;Piura;2024-01-13;Bronce
560;Serafín Cruz Maldonado;M;2000-01-10;Santiago de Surco;Lima;2024-01-13;No afiliado
561;Prudencia Aguirre Villafuerte;F;1962-05-01;Castilla;Piura;2024-01-13;Plata
562;Romualdo Villanueva Pizarro;M;1970-09-12;Lambayeque;Lambayeque;2024-01-13;Bronce
563;Oihana Vásquez Serna;F;1981-05-28;Huanchaco;La Libertad;2024-01-13;No afiliado
564;Belén Hurtado Farro;F;2004-09-26;San Agustín;Junín;2024-01-13;Bronce
565;Lucrecia Arias Gálvez;F;1998-01-31;Los Olivos;Lima;2024-01-13;Plata
566;Lucía Quijano Domínguez;F;1965-02-21;Villa El Salvador;Lima;2024-01-13;No afiliado
567;Ernesto Bello Yañez;M;1988-07-27;Víctor Larco Herrera;La Libertad;2024-01-13;Bronce
568;Nicolás Cáceres Soto;M;1956-10-08;Trujillo;La Libertad;2024-01-13;No afiliado
569;Celso Quijano Valverde;M;2007-05-17;Cerro Colorado;Arequipa;2024-01-13;Oro
570;Yolanda Serna Bello;F;1983-04-24;Piura;Piura;2024-01-13;Oro
571;paulina solano amaya;F;1969-05-07;San Martín de Porres;Lima;2024-01-13;Bronce
572;Margarita Jara Vargas;F;1959-10-12;Santiago de Surco;Lima;2024-01-13;No afiliado
573;Oscar Montero Aguirre;M;1975-04-11;Ate;Lima;2024-01-13;Plata
574;Arturo Gallo Montoya;M;1961-12-27;José Leonardo Ortiz;Lambayeque;2024-01-13;Plata
575;Inmaculada Delgado Portilla;F;1999-06-18;San Juan de Lurigancho;Lima;2024-01-13;No afiliado
576;Galileo Avendaño Callirgos;M;2002-10-10;San Martín de Porres;Lima;2024-01-13;No afiliado
577;FILOMENA LLANOS PIZARRO;F;1958-04-12;Castilla;Piura;2024-01-13;Plata
578;HERIBERTO DELGADO PAREDES;M;2004-05-07;Nauta;Loreto;2024-01-13;No afiliado
579;RAFAELA AMAYA REYNA;F;1970-05-24;Paucarpata;Arequipa;2024-01-13;No afiliado
580;josé chávez nieto;M;2005-08-13;Huanchaco;La Libertad;2024-01-13;No afiliado
581;Ainhoa Hernández Pacheco;F;1981-07-24;Pueblo Libre;Lima;2024-01-13;No afiliado
582;césar montoya zambrano;M;1950-08-25;Trujillo;La Libertad;2024-01-13;No afiliado
583;Rodolfo Villalobos Campos;M;1990-01-14;Veintiséis de Octubre;Piura;2024-01-13;Bronce
584;Ulises Sánchez Portilla;M;1997-08-15;Iquitos;Loreto;2024-01-13;Bronce
585;Nepomuceno Chávez García;M;1949-06-21;San Jerónimo;Cusco;2024-01-13;No afiliado
586;Azucena Cruz Pizarro;F;1989-08-13;Paucarpata;Arequipa;2024-01-14;Bronce
587;Elena Figueroa Montoya;F;1996-05-06;San Martín de Porres;Lima;2024-01-14;No afiliado
588;JAVIER ROSALES CAMPOS;M;1971-09-29;Chilca;Junín;2024-01-14;No afiliado
589;Mercedes Valverde Nieto;F;1990-02-04;San Borja;Lima;2024-01-14;Plata
590;isidora vásquez gutiérrez;F;1942-04-25;Trujillo;La Libertad;2024-01-14;Oro
591;HERIBERTO PORTILLA SANTOS;M;1976-01-21;Cerro Colorado;Arequipa;2024-01-14;No afiliado
592;Leonor Ortega Domínguez;F;1992-07-05;Chiclayo;Lambayeque;2024-01-14;Bronce
593;Gabriela Ponce Chávez;F;1987-12-26;San Juan de Lurigancho;Lima;2024-01-14;No afiliado
594;Heriberto Ramírez Delgado;M;1986-05-02;Santiago de Surco;Lima;2024-01-14;Plata
595;JULIA PORTILLA RIVEROS;F;2004-11-07;Huanchaco;La Libertad;2024-01-14;No afiliado
596;Margarita Serna Farro;F;1997-11-27;Cerro Colorado;Arequipa;2024-01-14;Oro
597;Ireneo Campos Santos;M;1990-02-09;El Tambo;Junín;2024-01-14;Bronce
598;clara aguirre gálvez;F;1985-01-15;Castilla;Piura;2024-01-14;No afiliado
599;Serafín Mendieta Benites;M;1949-09-16;Moche;La Libertad;2024-01-14;No afiliado
600;GALILEO FUENTES DEL CARPIO;M;1999-07-25;Monsefú;Lambayeque;2024-01-14;Oro
601;FAUSTINO CHAMBI VÁSQUEZ;M;1978-01-22;San Sebastián;Cusco;2024-01-14;Plata
602;Rubén Domínguez Rodríguez;M;2007-12-27;San Sebastián;Cusco;2024-01-14;No afiliado
603;felicidad rojas conde;F;1997-03-07;Pimentel;Lambayeque;2024-01-14;Oro
604;AARÓN VILLALOBOS CRUZ;M;2005-02-25;Comas;Lima;2024-01-14;No afiliado
605;Néstor Villalobos Palomino;M;1995-12-13;San Juan Bautista;Loreto;2024-01-14;No afiliado
606;alcides guerrero jara;M;1949-12-04;Piura;Piura;2024-01-14;No afiliado
607;Clodomiro Rivera Yañez;M;2001-03-17;Trujillo;La Libertad;2024-01-14;Plata
608;Orlando Nieto Bello;M;2007-06-30;Cayma;Arequipa;2024-01-14;Plata
609;julia chávez reyna;F;1996-10-03;Sullana;Piura;2024-01-14;Bronce
610;Alejandro Torrico Campos;M;1986-07-11;Yurimaguas;Loreto;2024-01-14;Plata
611;Adela Vásquez Fuentes;F;1992-09-02;Víctor Larco Herrera;La Libertad;2024-01-14;Plata
612;emmanuel fuentes vásquez;M;2004-07-03;Ate;Lima;2024-01-14;Bronce
613;María González Fuentes;F;1993-09-18;Piura;Piura;2024-01-14;No afiliado
614;Berta Salgado Montes;F;1994-06-24;La Esperanza;La Libertad;2024-01-14;No afiliado
615;Felipe Vásquez Montalvo;M;1945-01-19;Wanchaq;Cusco;2024-01-14;Bronce
616;Anastasia Lozano Zambrano;F;1995-07-05;Cerro Colorado;Arequipa;2024-01-14;No afiliado
617;gabriela solano garcía;F;1945-11-19;Trujillo;La Libertad;2024-01-14;No afiliado
618;Salvador Villafuerte Palomino;M;1952-08-26;Sullana;Piura;2024-01-14;No afiliado
619;Prudencia Calle Medina;F;1959-08-13;Santiago de Surco;Lima;2024-01-14;Bronce
620;Gabriela Solano Pérez;F;1995-07-20;Sullana;Piura;2024-01-14;No afiliado
621;Francisco Pizarro Jiménez;M;1984-03-26;Arequipa;Arequipa;2024-01-14;No afiliado
622;benjamín aguilar lópez;M;1997-03-16;San Martín de Porres;Lima;2024-01-14;No afiliado
623;EDUARDO TORRES TELLO;M;1994-01-12;San Jerónimo;Cusco;2024-01-14;Bronce
624;Eustaquio Ojeda Quijano;M;1990-01-31;Comas;Lima;2024-01-14;No afiliado
625;Margarita Tejada Coronado;F;1979-10-17;Santiago;Cusco;2024-01-14;No afiliado
626;dorotea muñoz soto;F;1976-09-14;Socabaya;Arequipa;2024-01-14;Oro
627;Pancho Nieto Montero;M;1982-02-05;Pueblo Libre;Lima;2024-01-14;Plata
628;Filiberto Zambrano Padilla;M;2007-12-24;La Esperanza;La Libertad;2024-01-14;Bronce
629;LETICIA ACUÑA PAREDES;F;1967-02-03;Comas;Lima;2024-01-14;No afiliado
630;AGUSTÍN REQUEJO AMAYA;M;1998-11-07;Iquitos;Loreto;2024-01-14;Plata
631;Estela Santos Valle;F;2005-10-17;Comas;Lima;2024-01-15;Bronce
632;Agustín Mora Martínez;M;1994-09-07;Cusco;Cusco;2024-01-15;Bronce
633;Remedios Rivera Cruz;F;1998-10-24;Miraflores;Lima;2024-01-15;Bronce
634;Braulio Macedo Salazar;M;2007-01-11;Requena;Loreto;2024-01-15;No afiliado
635;Amelia Salazar Chacón;F;1959-11-21;San Jerónimo;Cusco;2024-01-15;Bronce
636;Dorotea Montes Santos;F;2005-11-20;Santiago de Surco;Lima;2024-01-15;Bronce
637;Federico Torrico Vilca;M;1995-01-12;San Martín de Porres;Lima;2024-01-15;No afiliado
638;alejandro avendaño portilla;M;1999-09-08;Piura;Piura;2024-01-15;Plata
639;Jacobo Reyna Montes;M;1968-05-31;Jesús María;Lima;2024-01-15;No afiliado
640;Martín Arroyo Cáceres;M;1984-05-29;Iquitos;Loreto;2024-01-15;Bronce
641;Lourdes Benites Valverde;F;1962-05-03;Ate;Lima;2024-01-15;Bronce
642;Encarnación Chávez Rocha;F;1999-03-12;San Isidro;Lima;2024-01-15;Bronce
643;MARIO TREJO BENITES;M;1985-10-05;Chiclayo;Lambayeque;2024-01-15;Plata
644;Clodomiro Portilla Bello;M;1972-08-18;Cusco;Cusco;2024-01-15;Plata
645;Martín Valverde Mora;M;1959-04-30;San Sebastián;Cusco;2024-01-15;Plata
646;Arturo Santos Lozano;M;1961-07-23;La Esperanza;La Libertad;2024-01-15;No afiliado
647;lucas rojas miranda;M;1984-07-07;Yurimaguas;Loreto;2024-01-15;Plata
648;Diego Benavides Torres;M;1981-08-24;El Porvenir;La Libertad;2024-01-15;Plata
649;Balbina Valverde Gallo;F;1976-04-24;Trujillo;La Libertad;2024-01-15;Oro
650;Genoveva Sierra Santos;F;1981-10-23;Iquitos;Loreto;2024-01-15;Bronce
651;jesús vilchez palacios;M;2006-02-10;Socabaya;Arequipa;2024-01-15;Bronce
652;Encarnación Rivera Ortega;F;1981-10-16;Comas;Lima;2024-01-15;Bronce
653;Joel Aguirre García;M;1969-01-05;Piura;Piura;2024-01-15;No afiliado
654;Vicente Quijano Meneses;M;1991-08-18;Sapallanga;Junín;2024-01-15;Bronce
655;JUSTO SANTOS CHACÓN;M;1986-09-22;San Miguel;Lima;2024-01-15;No afiliado
656;María Cruz Cabello;F;1926-05-12;Huancayo;Junín;2024-01-15;No afiliado
657;alcides fuentes velásquez;M;2001-07-25;Santiago de Surco;Lima;2024-01-15;No afiliado
658;Emilio Cornejo Dávila;M;1971-03-29;San Martín de Porres;Lima;2024-01-15;No afiliado
659;ROMUALDO HERNÁNDEZ LOZANO;M;1948-05-28;San Jerónimo;Cusco;2024-01-15;No afiliado
660;Patricio Zambrano Velásquez;M;1977-04-04;Cerro Colorado;Arequipa;2024-01-15;No afiliado
661;Gustavo Lozano Cornejo;M;2001-01-04;Lambayeque;Lambayeque;2024-01-15;Bronce
662;Esteban Miranda Villanueva;M;1979-11-24;San Juan Bautista;Loreto;2024-01-15;No afiliado
663;SERGIO ZAMBRANO GÓMEZ;M;1985-09-20;San Jerónimo;Cusco;2024-01-15;Bronce
664;susana valverde zapata;F;1954-01-27;Lima;Lima;2024-01-15;Bronce
665;EUSTAQUIO ACUÑA AGUILAR;M;1969-06-20;Veintiséis de Octubre;Piura;2024-01-15;No afiliado
666;Fidel Santos Paz;M;2003-07-14;La Esperanza;La Libertad;2024-01-15;Plata
667;oihane pizarro maldonado;F;2000-10-02;Arequipa;Arequipa;2024-01-15;No afiliado
668;héctor garcía santos;M;2002-03-22;Yurimaguas;Loreto;2024-01-15;Bronce
669;Froilán Aguirre Ramírez;M;1992-06-02;Chiclayo;Lambayeque;2024-01-15;Oro
670;ireneo requejo benavides;M;1971-07-22;San Juan de Lurigancho;Lima;2024-01-15;Plata
671;Tomás Padilla Pacheco;M;1957-10-18;Santiago;Cusco;2024-01-15;No afiliado
672;Ventura Gálvez Martínez;M;1999-01-20;San Martín de Porres;Lima;2024-01-15;Plata
673;FAUSTINO VILLAFUERTE VALVERDE;M;2001-07-14;Socabaya;Arequipa;2024-01-15;No afiliado
674;Marcial Tejada Ruiz;M;1957-04-01;San Sebastián;Cusco;2024-01-15;Bronce
675;Asunción Sánchez Chávez;F;1945-11-04;Piura;Piura;2024-01-15;No afiliado
676;Rosario Navarrete Zambrano;F;1997-06-09;Villa El Salvador;Lima;2024-01-16;No afiliado
677;Homero Yañez Villalba;M;1990-01-10;Punchana;Loreto;2024-01-16;Bronce
678;Bernarda Montoya Navarrete;F;2003-07-22;José Leonardo Ortiz;Lambayeque;2024-01-16;Bronce
679;Francisca Rodríguez Montes;F;1994-05-18;Ate;Lima;2024-01-16;Bronce
680;HERMINIA CALLIRGOS CORNEJO;F;1970-12-11;Lambayeque;Lambayeque;2024-01-16;No afiliado
681;Raquel Montalvo Gálvez;F;1995-11-01;Comas;Lima;2024-01-16;Plata
682;GEREMÍAS SUÁREZ REQUEJO;M;2003-05-17;Punchana;Loreto;2024-01-16;Bronce
683;Raúl Valenzuela Valverde;M;2002-10-01;San Martín de Porres;Lima;2024-01-16;Bronce
684;Trinidad Santos Rojas;F;1996-02-15;Pimentel;Lambayeque;2024-01-16;No afiliado
685;Evaristo Zambrano Trejo;M;1976-08-25;La Esperanza;La Libertad;2024-01-16;No afiliado
686;Estefanía Montalvo Farro;F;1979-01-18;Víctor Larco Herrera;La Libertad;2024-01-16;Plata
687;Encarnación Mendieta García;F;1976-07-09;Punchana;Loreto;2024-01-16;Bronce
688;Avelino Aguirre Chávez;M;1958-06-10;San Juan Bautista;Loreto;2024-01-16;Plata
689;Héctor Fuentes Chávez;M;2004-03-15;Los Olivos;Lima;2024-01-16;Bronce
690;Asunción Zavala Merino;F;1983-12-24;Cerro Colorado;Arequipa;2024-01-16;Bronce
691;Martina Zambrano Velásquez;F;1972-04-24;Castilla;Piura;2024-01-16;Bronce
692;aarón coronado valenzuela;M;1976-11-03;José Leonardo Ortiz;Lambayeque;2024-01-16;No afiliado
693;Isidoro Aguilar Rodríguez;M;1982-07-10;Villa El Salvador;Lima;2024-01-16;No afiliado
694;Elisa Arroyo Rivera;F;1970-12-03;Trujillo;La Libertad;2024-01-16;No afiliado
695;Eustaquio Bustos Cruz;M;1999-08-28;La Esperanza;La Libertad;2024-01-16;No afiliado
696;eufrasia martínez pizarro;F;1987-05-25;Castilla;Piura;2024-01-16;No afiliado
697;Francisca Rivera Velásquez;F;1979-11-15;Cusco;Cusco;2024-01-16;No afiliado
698;soraya montes amaya;F;1957-02-17;El Porvenir;La Libertad;2024-01-16;Bronce
699;Paulina Conde Arango;F;1981-07-25;Chiclayo;Lambayeque;2024-01-16;Bronce
700;Concepción Martínez Velásquez;F;1994-04-18;Ate;Lima;2024-01-16;No afiliado
701;Trinidad Aguirre Chávez;F;1996-10-23;Trujillo;La Libertad;2024-01-16;Plata
702;Honorio Velásquez Mendieta;M;1993-03-08;San Juan de Lurigancho;Lima;2024-01-16;No afiliado
703;Pedro Del Carpio Reyna;M;1991-09-30;Arequipa;Arequipa;2024-01-16;Bronce
704;Soraya Montes Calle;F;1983-03-11;Paucarpata;Arequipa;2024-01-16;Plata
705;bernarda campos ríos;F;1946-06-24;San Sebastián;Cusco;2024-01-16;No afiliado
706;trinidad manrique zavala;F;2007-11-26;Sullana;Piura;2024-01-16;No afiliado
707;Amparo Trujillo Campos;F;1984-03-11;Castilla;Piura;2024-01-16;Plata
708;Lorena Rocha Navarrete;F;1939-03-04;Paita;Piura;2024-01-16;No afiliado
709;Rosario Cruz Villalobos;F;1990-07-28;Villa El Salvador;Lima;2024-01-16;No afiliado
710;Braulio Mendoza Rojas;M;1994-06-23;Chilca;Junín;2024-01-16;Plata
711;Ruperto Amaya Maldonado;M;1966-03-21;Ate;Lima;2024-01-16;Bronce
712;FORTUNATO TEJADA DOMÍNGUEZ;M;1982-06-02;San Sebastián;Cusco;2024-01-16;Plata
713;Noelia Paredes Rivera;F;2002-01-16;San Martín de Porres;Lima;2024-01-16;No afiliado
714;Eufemia Cruz Santos;F;2003-01-03;Villa El Salvador;Lima;2024-01-16;No afiliado
715;Ángel Gallo Paz;M;1999-11-23;Comas;Lima;2024-01-16;Bronce
716;CELSO TREJO CAMPOS;M;1975-09-07;Sullana;Piura;2024-01-16;Bronce
717;Alba Bustos Cruz;F;1991-01-21;Moche;La Libertad;2024-01-16;Plata
718;Encarnación Figueroa Del Carpio;F;1995-06-25;Cusco;Cusco;2024-01-16;No afiliado
719;Lucio López Cruz;M;1992-07-07;Comas;Lima;2024-01-16;Bronce
720;Laura Arroyo Rodríguez;F;1930-01-19;El Porvenir;La Libertad;2024-01-16;Plata
721;Verónica Bello Lozano;F;2005-01-19;San Martín de Porres;Lima;2024-01-17;No afiliado
722;Virginia Reyna Yañez;F;1995-01-24;Cayma;Arequipa;2024-01-17;No afiliado
723;Trinidad Solano Chávez;F;1992-04-22;Arequipa;Arequipa;2024-01-17;Bronce
724;Ulises Rojas Ortega;M;1981-04-11;Ate;Lima;2024-01-17;Bronce
725;Susana Delgado Zúñiga;F;1992-10-14;Trujillo;La Libertad;2024-01-17;No afiliado
726;CATALINA GALLO GÁLVEZ;F;1946-09-10;Socabaya;Arequipa;2024-01-17;Bronce
727;Francisco Bravo Obando;M;1989-03-13;El Tambo;Junín;2024-01-17;Plata
728;Eduardo Arce Aguirre;M;1998-11-30;Cusco;Cusco;2024-01-17;No afiliado
729;Estefanía Bustos González;F;1978-05-30;San Martín de Porres;Lima;2024-01-17;Bronce
730;Isidora Torrico Pacheco;F;1981-11-26;Yanahuara;Arequipa;2024-01-17;Plata
731;Celina Cruz Cruz;F;1971-01-06;Víctor Larco Herrera;La Libertad;2024-01-17;No afiliado
732;Arturo Domínguez Fuentes;M;1994-03-08;Cerro Colorado;Arequipa;2024-01-17;No afiliado
733;alejandrina santos pizarro;F;1985-04-07;Yurimaguas;Loreto;2024-01-17;Bronce
734;Ventura Meneses Arango;M;1994-06-09;Villa El Salvador;Lima;2024-01-17;No afiliado
735;GISELA VÁSQUEZ DEL CARPIO;F;1950-06-10;Piura;Piura;2024-01-17;Plata
736;Yolanda Arroyo Villalobos;F;1990-05-06;Villa El Salvador;Lima;2024-01-17;Plata
737;Nerea Valle Mejía;F;1990-08-30;Cerro Colorado;Arequipa;2024-01-17;No afiliado
738;Aarón Solano Hurtado;M;1967-08-09;San Agustín;Junín;2024-01-17;No afiliado
739;Marcial Serna Suárez;M;1988-07-08;Villa El Salvador;Lima;2024-01-17;Plata
740;Tobías Palacios Calderón;M;1999-04-18;Sullana;Piura;2024-01-17;Bronce
741;Marciano Llerena Tejada;M;2006-10-27;Cerro Colorado;Arequipa;2024-01-17;No afiliado
742;Alejandrina Machuca Valenzuela;F;1983-11-26;Los Olivos;Lima;2024-01-17;Plata
743;reme vega guerrero;F;1968-03-14;Ate;Lima;2024-01-17;No afiliado
744;ELSA DEL CARPIO FUENTES;F;1984-08-20;Huanchaco;La Libertad;2024-01-17;No afiliado
745;Prudencia Trejo Conde;F;1979-06-06;Jesús María;Lima;2024-01-17;Bronce
746;SILVANO VALENZUELA CALLE;M;1990-11-10;Punchana;Loreto;2024-01-17;Bronce
747;margarita arce nieto;F;2005-06-26;Piura;Piura;2024-01-17;No afiliado
748;SALUD ESTRELLA SIERRA;F;2007-09-26;San Martín de Porres;Lima;2024-01-17;Bronce
749;Faustino Gutiérrez Vásquez;M;1991-02-22;Ate;Lima;2024-01-17;No afiliado
750;Violeta Amaya Mora;F;1976-07-23;Villa El Salvador;Lima;2024-01-17;Bronce
751;ARIADNA REYNA VELÁSQUEZ;F;1977-07-01;El Porvenir;La Libertad;2024-01-17;Plata
752;CORNELIO SANABRIA SÁNCHEZ;M;1999-11-23;Ate;Lima;2024-01-17;Bronce
753;TORIBIO VELÁSQUEZ CABELLO;M;1950-09-19;Lima;Lima;2024-01-17;Bronce
754;Néstor Villalba Aguilar;M;1968-05-31;Jesús María;Lima;2024-01-17;Bronce
755;Francisca González Villanueva;F;1958-10-08;La Esperanza;La Libertad;2024-01-17;Bronce
756;FORTUNATO GALARZA ORTEGA;M;2005-10-29;Comas;Lima;2024-01-17;Bronce
757;Rubén Portilla Guerrero;M;1991-07-07;Trujillo;La Libertad;2024-01-17;Bronce
758;Fortunato Gallo Montes;M;2005-03-12;Chiclayo;Lambayeque;2024-01-17;Bronce
759;Tomasa Bravo Manrique;F;1954-09-09;Cusco;Cusco;2024-01-17;Bronce
760;Arturo Martínez Pacheco;M;1981-01-03;Chilca;Junín;2024-01-17;No afiliado
761;ELISA TEJADA VALENZUELA;F;2005-03-12;Trujillo;La Libertad;2024-01-17;Bronce
762;Angela Ramírez Ulloa;F;2000-11-27;San Isidro;Lima;2024-01-17;Bronce
763;Martín Cruz Padilla;M;1998-09-21;El Tambo;Junín;2024-01-17;No afiliado
764;sara garcía quijano;F;1956-08-21;Villa El Salvador;Lima;2024-01-17;Plata
765;Matías Benites Gálvez;M;1977-10-25;El Porvenir;La Libertad;2024-01-17;Plata
766;Teresa Zapata Hurtado;F;1948-01-05;El Porvenir;La Libertad;2024-01-18;Bronce
767;Ulises Gómez Aguilar;M;2006-03-15;Cayma;Arequipa;2024-01-18;Bronce
768;BARTOLOMÉ PAREDES RIVERA;M;2001-03-12;La Esperanza;La Libertad;2024-01-18;No afiliado
769;Herminia Medina Solano;F;1982-08-22;Ate;Lima;2024-01-18;No afiliado
770;Lucio Gallo Ordóñez;M;1997-11-01;José Leonardo Ortiz;Lambayeque;2024-01-18;Plata
771;Alcides Gallo Rodríguez;M;1984-12-18;Pimentel;Lambayeque;2024-01-18;Oro
772;Adela Mendoza Rocha;F;1984-02-19;José Leonardo Ortiz;Lambayeque;2024-01-18;No afiliado
773;Leandro Mora Miranda;M;1965-10-26;Punchana;Loreto;2024-01-18;Bronce
774;Rosario Miranda Gallo;F;2006-10-28;José Luis Bustamante y Rivero;Arequipa;2024-01-18;No afiliado
775;Amelia Velásquez Salgado;F;1985-04-08;San Juan de Lurigancho;Lima;2024-01-18;Oro
776;Dorotea Benavides Paredes;F;1949-02-01;Paucarpata;Arequipa;2024-01-18;No afiliado
777;isaac reyna reyna;M;1976-02-22;El Tambo;Junín;2024-01-18;Plata
778;Lorena Dávila Carranza;F;1969-03-04;Castilla;Piura;2024-01-18;Bronce
779;Carmen Portilla Cruz;F;1977-02-11;Moche;La Libertad;2024-01-18;Plata
780;Laureano Macedo Cabello;M;2006-01-23;José Leonardo Ortiz;Lambayeque;2024-01-18;Bronce
781;josé valverde jiménez;M;2004-05-23;Castilla;Piura;2024-01-18;No afiliado
782;Alejandra Zambrano Gómez;F;2002-09-18;Ate;Lima;2024-01-18;Bronce
783;martina navarrete sánchez;F;1974-08-21;San Sebastián;Cusco;2024-01-18;No afiliado
784;Eufemia Matías Velásquez;F;1952-09-24;Cerro Colorado;Arequipa;2024-01-18;No afiliado
785;Filomena Zambrano Reyna;F;1991-09-04;Chiclayo;Lambayeque;2024-01-18;Plata
786;Oscar Maldonado Pacheco;M;2007-06-22;Trujillo;La Libertad;2024-01-18;Bronce
787;Ricardo Jara Escalante;M;1982-11-04;El Porvenir;La Libertad;2024-01-18;Bronce
788;Nepomuceno Hernández Avendaño;M;1984-06-05;San Sebastián;Cusco;2024-01-18;Bronce
789;bautista rodríguez fuentes;M;1999-04-08;Punchana;Loreto;2024-01-18;Bronce
790;Filomena Ruiz Ortega;F;2006-03-24;La Victoria;Lambayeque;2024-01-18;Bronce
791;laureano montoya farro;M;1991-09-19;Los Olivos;Lima;2024-01-18;Plata
792;Soraya Montes Maldonado;F;1980-07-03;Santiago;Cusco;2024-01-18;Bronce
793;Ruperto Rosales Del Carpio;M;1969-01-23;San Martín de Porres;Lima;2024-01-18;No afiliado
794;Marciano Villafuerte Bello;M;1981-06-23;Comas;Lima;2024-01-18;Oro
795;Mercedes Palacios Llanos;F;1994-01-07;San Juan de Lurigancho;Lima;2024-01-18;No afiliado
796;Olga Ortega Meneses;F;1985-01-25;San Sebastián;Cusco;2024-01-18;No afiliado
797;Concepción Montes Zavala;F;1994-03-21;San Sebastián;Cusco;2024-01-18;Bronce
798;Rafaela Velarde Escalante;F;1948-01-16;San Juan de Lurigancho;Lima;2024-01-18;No afiliado
799;SERGIO SÁNCHEZ CHÁVEZ;M;1989-11-15;Trujillo;La Libertad;2024-01-18;Bronce
800;SARA AVENDAÑO SANTOS;F;1986-02-18;Los Olivos;Lima;2024-01-18;Plata
801;Feliciana Ortega Padilla;F;1984-05-07;Sullana;Piura;2024-01-18;Plata
802;Rubén Maldonado Fuentes;M;2004-10-05;San Miguel;Lima;2024-01-18;Bronce
803;Bernardo Rivera Portilla;M;1999-04-09;Castilla;Piura;2024-01-18;Bronce
804;FRANCISCA ROJAS LLANOS;F;1945-12-16;Huanchaco;La Libertad;2024-01-18;Plata
805;Federico Mejía Chávez;M;2002-05-09;San Juan de Lurigancho;Lima;2024-01-18;Bronce
806;Ignacio Conde Escalante;M;1983-03-13;Paucarpata;Arequipa;2024-01-18;Oro
807;emilia montes santos;F;1975-11-09;Yurimaguas;Loreto;2024-01-18;Bronce
808;Elisa Yañez Cruz;F;1936-02-14;Santiago de Surco;Lima;2024-01-18;Oro
809;Sofía Montes Reyna;F;2001-10-15;Punchana;Loreto;2024-01-18;Plata
810;Felicidad Valle Valenzuela;F;2003-03-26;José Leonardo Ortiz;Lambayeque;2024-01-18;Bronce
811;Leocadia Paredes Yupanqui;F;1998-02-09;Veintiséis de Octubre;Piura;2024-01-19;No afiliado
812;Margarita Coronado Gallo;F;1993-08-28;Piura;Piura;2024-01-19;No afiliado
813;Lázaro Maldonado Benites;M;1962-04-20;San Sebastián;Cusco;2024-01-19;No afiliado
814;Raúl Vidal González;M;1994-02-18;Iquitos;Loreto;2024-01-19;Oro
815;balbina ríos campos;F;1997-09-15;La Esperanza;La Libertad;2024-01-19;Bronce
816;Susana Aguilar Nieto;F;2007-02-17;El Tambo;Junín;2024-01-19;Bronce
817;Geremías Chambi Zambrano;M;1999-05-06;El Porvenir;La Libertad;2024-01-19;Bronce
818;Silvia Hurtado Arango;F;1980-11-26;Sullana;Piura;2024-01-19;No afiliado
819;JESÚS CORNEJO QUISPE;M;1930-10-12;Cayma;Arequipa;2024-01-19;No afiliado
820;Prudencia Sánchez Meneses;F;1998-04-11;San Isidro;Lima;2024-01-19;Bronce
821;Concepción Solano Padilla;F;2000-10-25;Pueblo Libre;Lima;2024-01-19;No afiliado
822;clodomiro campos ordoñez;M;2001-09-16;Trujillo;La Libertad;2024-01-19;Oro
823;Catalina Cruz Chávez;F;1998-02-28;San Borja;Lima;2024-01-19;Bronce
824;Eufemia Sánchez Farro;F;1997-11-18;Catacaos;Piura;2024-01-19;No afiliado
825;Prudencia Zambrano Dávila;F;2000-01-31;Catacaos;Piura;2024-01-19;Bronce
826;MARÍA OJEDA VILLEGAS;F;1989-09-12;Socabaya;Arequipa;2024-01-19;Bronce
827;catalina zambrano garcía;F;1965-12-28;Trujillo;La Libertad;2024-01-19;Bronce
828;Amparo Valverde Dávila;F;2002-04-16;Requena;Loreto;2024-01-19;Bronce
829;Jesús Gallo Delgado;M;1980-10-30;Yurimaguas;Loreto;2024-01-19;Plata
830;Santiago Fuentes Ordóñez;M;2002-05-26;San Juan de Lurigancho;Lima;2024-01-19;No afiliado
831;Eufemia Gallo Zapata;F;1957-01-31;El Tambo;Junín;2024-01-19;No afiliado
832;Ernesto Santos Estrella;M;1997-08-19;Chiclayo;Lambayeque;2024-01-19;No afiliado
833;Guido Avendaño Ordoñez;M;1955-08-11;Lambayeque;Lambayeque;2024-01-19;Oro
834;ERIK TORRES CORNEJO;M;1991-05-03;El Tambo;Junín;2024-01-19;Plata
835;FELICIDAD ROCHA GARCÍA;F;1960-09-09;Cusco;Cusco;2024-01-19;Bronce
836;Otilia Tejada Amaya;F;1980-03-30;Wanchaq;Cusco;2024-01-19;Bronce
837;Pilar Nieto Trejo;F;2001-05-07;Chiclayo;Lambayeque;2024-01-19;Plata
838;ISIDORO NIETO MATÍAS;M;1982-03-07;El Porvenir;La Libertad;2024-01-19;Bronce
839;Felicidad Villalobos Sánchez;F;2001-05-27;Víctor Larco Herrera;La Libertad;2024-01-19;No afiliado
840;tomasa sánchez velásquez;F;2006-04-22;El Porvenir;La Libertad;2024-01-19;No afiliado
841;Rosa Conde Medina;F;1957-06-17;Sullana;Piura;2024-01-19;Oro
842;ESTEBAN VALLE GARCÍA;M;1983-11-28;El Porvenir;La Libertad;2024-01-19;Bronce
843;Albina Torres Gallo;F;2002-07-04;Chiclayo;Lambayeque;2024-01-19;No afiliado
844;MARISA BUSTOS RODRÍGUEZ;F;1953-05-14;Ate;Lima;2024-01-19;Bronce
845;César Paz Peralta;M;2000-09-30;José Luis Bustamante y Rivero;Arequipa;2024-01-19;No afiliado
846;Braulio Tejada Valle;M;2000-06-27;Iquitos;Loreto;2024-01-19;No afiliado
847;AARÓN LÓPEZ GUERRERO;M;1950-12-13;Cusco;Cusco;2024-01-19;Plata
848;GISELA RUIZ PALACIOS;F;1980-05-14;Lima;Lima;2024-01-19;No afiliado
849;ATILIO DEL CARPIO MARTÍNEZ;M;1955-10-08;San Juan de Lurigancho;Lima;2024-01-19;Bronce
850;Homero Escobar Villafuerte;M;2001-12-26;Cerro Colorado;Arequipa;2024-01-19;Plata
851;celeste villalobos valenzuela;F;2005-01-31;Veintiséis de Octubre;Piura;2024-01-19;No afiliado
852;gregorio medina navarrete;M;1966-06-03;El Porvenir;La Libertad;2024-01-19;No afiliado
853;Celsa Santos Machuca;F;1970-07-02;Ate;Lima;2024-01-19;Bronce
854;aarón montalvo garcía;M;2000-06-16;José Luis Bustamante y Rivero;Arequipa;2024-01-19;No afiliado
855;Arantxa Del Carpio Villalobos;F;1999-04-18;Comas;Lima;2024-01-19;No afiliado
856;Romana Montoya Farro;F;1932-04-11;San Martín de Porres;Lima;2024-01-20;No afiliado
857;Restituto Vega Ugarte;M;1981-09-21;Huanchaco;La Libertad;2024-01-20;No afiliado
858;Bianca Guerrero Del Carpio;F;1983-04-05;Iquitos;Loreto;2024-01-20;Bronce
859;Celia Villafuerte Reyna;F;1980-11-01;Lima;Lima;2024-01-20;No afiliado
860;Vicenta Cabello Maldonado;F;2000-04-30;Castilla;Piura;2024-01-20;Plata
861;candelaria dávila vilchez;F;2001-03-22;Veintiséis de Octubre;Piura;2024-01-20;Bronce
862;eustaquio gallo arroyo;M;1977-10-27;Cusco;Cusco;2024-01-20;No afiliado
863;Balbina Manrique Delgado;F;1991-04-01;El Porvenir;La Libertad;2024-01-20;Bronce
864;Ainhoa Galarza Sanabria;F;2002-04-07;Arequipa;Arequipa;2024-01-20;Plata
865;Leonor Dávila Torres;F;2001-11-24;José Luis Bustamante y Rivero;Arequipa;2024-01-20;Plata
866;Leticia Rodríguez Rojas;F;1972-06-28;Requena;Loreto;2024-01-20;No afiliado
867;Victoria Aguilar Chávez;F;1994-01-23;Socabaya;Arequipa;2024-01-20;No afiliado
868;valentín trejo serna;M;1960-07-16;Piura;Piura;2024-01-20;No afiliado
869;Luz Rivera Palomino;F;1984-10-24;Cayma;Arequipa;2024-01-20;Plata
870;LEANDRO ARIAS MEJÍA;M;1972-05-06;La Esperanza;La Libertad;2024-01-20;No afiliado
871;sara quijano velarde;F;2001-01-30;La Esperanza;La Libertad;2024-01-20;Bronce
872;VICENTE CALLIRGOS ARAUJO;M;1981-03-26;La Esperanza;La Libertad;2024-01-20;No afiliado
873;Silvia Meneses Fuentes;F;1970-07-08;Cerro Colorado;Arequipa;2024-01-20;Bronce
874;LEONOR PALACIOS DÁVILA;F;1975-03-19;Cerro Colorado;Arequipa;2024-01-20;Plata
875;Emmanuel Portilla Jiménez;M;2001-09-04;San Martín de Porres;Lima;2024-01-20;No afiliado
876;ELENA ARIAS ROSALES;F;1984-05-12;Castilla;Piura;2024-01-20;Plata
877;Dorotea Velásquez Rivera;F;1987-12-07;Trujillo;La Libertad;2024-01-20;No afiliado
878;Agustín Navarrete Valenzuela;M;1985-06-08;Santiago de Surco;Lima;2024-01-20;No afiliado
879;LORENA VILLAFUERTE CRUZ;F;1977-10-12;Chiclayo;Lambayeque;2024-01-20;No afiliado
880;aurelio escobar salgado;M;1946-07-15;Villa El Salvador;Lima;2024-01-20;No afiliado
881;Pancho Pacheco Sierra;M;1996-02-13;El Porvenir;La Libertad;2024-01-20;Bronce
882;NEREA PALACIOS FARRO;F;1976-10-31;Los Olivos;Lima;2024-01-20;No afiliado
883;Celso Velásquez Trujillo;M;1984-08-31;Arequipa;Arequipa;2024-01-20;Bronce
884;Paz Ríos Rivera;F;1963-10-26;Comas;Lima;2024-01-20;No afiliado
885;artemio montalvo callirgos;M;1974-11-20;Socabaya;Arequipa;2024-01-20;Plata
886;Gisela Quispe Pérez;F;2006-06-26;Moche;La Libertad;2024-01-20;Oro
887;Albina Valverde Sanabria;F;1994-07-02;Lima;Lima;2024-01-20;No afiliado
888;Rafaela Navarrete Tello;F;1979-03-08;San Juan de Lurigancho;Lima;2024-01-20;Bronce
889;Faustino Velásquez Delgado;M;1959-01-13;El Porvenir;La Libertad;2024-01-20;Oro
890;Rodrigo Vásquez Bravo;M;1947-05-04;Iquitos;Loreto;2024-01-20;Bronce
891;UBALDO ZAMBRANO BENAVIDES;M;1970-06-25;Wanchaq;Cusco;2024-01-20;Plata
892;Heriberto Mendoza Maldonado;M;1988-12-30;Los Olivos;Lima;2024-01-20;Bronce
893;Lucio Trejo Maldonado;M;1973-09-18;San Martín de Porres;Lima;2024-01-20;Plata
894;GLORIA MATÍAS FIGUEROA;F;1988-03-05;San Juan de Lurigancho;Lima;2024-01-20;Oro
895;Emmanuel Velásquez Meneses;M;1990-12-11;Cusco;Cusco;2024-01-20;Plata
896;Cornelio Avendaño Rodríguez;M;1954-05-20;Santiago;Cusco;2024-01-20;Bronce
897;Marcelo Maldonado Estrella;M;1992-11-19;Ate;Lima;2024-01-20;Bronce
898;Lucas Yupanqui Montoya;M;2002-09-14;Cusco;Cusco;2024-01-20;No afiliado
899;avelino valenzuela hurtado;M;1992-12-01;Paita;Piura;2024-01-20;Plata
900;Serafín Matías Calle;M;1969-12-24;Iquitos;Loreto;2024-01-20;Plata
901;Marisol Delgado Ugarte;F;1997-09-05;Huanchaco;La Libertad;2024-01-21;No afiliado
902;Martina Rocha Rojas;F;1980-09-08;El Porvenir;La Libertad;2024-01-21;Plata
903;Lucas Galarza Valverde;M;1960-03-02;Punchana;Loreto;2024-01-21;Bronce
904;Agustín Martínez Domínguez;M;1994-10-04;Pariñas;Piura;2024-01-21;No afiliado
905;Abel Sánchez Gallo;M;2003-11-13;San Sebastián;Cusco;2024-01-21;Bronce
906;Virginia Zambrano Maldonado;F;2005-09-13;Veintiséis de Octubre;Piura;2024-01-21;No afiliado
907;Aarón García Lozano;M;1950-07-10;Wanchaq;Cusco;2024-01-21;Plata
908;Adriana Fuentes Arango;F;2005-05-27;San Juan de Lurigancho;Lima;2024-01-21;Plata
909;Eustaquio Del Carpio López;M;1954-08-15;El Porvenir;La Libertad;2024-01-21;Plata
910;César Nieto Vilchez;M;1986-11-19;San Borja;Lima;2024-01-21;No afiliado
911;Efraín Rosales Aguilar;M;1984-08-11;Comas;Lima;2024-01-21;Plata
912;Leocadia Montoya Serna;F;1991-04-22;San Agustín;Junín;2024-01-21;Bronce
913;rafaela chávez sanabria;F;1999-04-16;Paita;Piura;2024-01-21;Plata
914;fátima pizarro sánchez;F;2006-11-26;San Juan de Lurigancho;Lima;2024-01-21;Bronce
915;Rubén Domínguez Zeballos;M;1995-06-10;Pariñas;Piura;2024-01-21;No afiliado
916;Joaquín Conde Arango;M;1993-05-11;San Juan de Lurigancho;Lima;2024-01-21;No afiliado
917;Leandro Lozano Dávila;M;1966-05-25;San Juan Bautista;Loreto;2024-01-21;No afiliado
918;Margarita Cruz Zapata;F;1956-07-17;Santiago de Surco;Lima;2024-01-21;No afiliado
919;Sergio Campos Cáceres;M;1959-08-19;Pariñas;Piura;2024-01-21;Bronce
920;Pastora García Medina;F;1990-02-11;Huanchaco;La Libertad;2024-01-21;Plata
921;Salvador Valle Del Carpio;M;1950-02-04;San Sebastián;Cusco;2024-01-21;Bronce
922;Romualdo Moreno Allcca;M;2003-04-09;Cerro Colorado;Arequipa;2024-01-21;Bronce
923;azucena ulloa sierra;F;2004-03-02;San Miguel;Lima;2024-01-21;Bronce
924;Adela Vásquez Montalvo;F;2006-12-23;Veintiséis de Octubre;Piura;2024-01-21;Bronce
925;eva vargas rosales;F;1956-02-21;Los Olivos;Lima;2024-01-21;Plata
926;Lorena Zapata Portilla;F;2001-07-16;Arequipa;Arequipa;2024-01-21;Bronce
927;francisco rivera campos;M;1966-09-29;San Miguel;Lima;2024-01-21;Bronce
928;Ainhoa Villegas Ríos;F;1988-10-31;San Martín de Porres;Lima;2024-01-21;Oro
929;Balbina Zambrano Valverde;F;2005-10-23;Huancán;Junín;2024-01-21;No afiliado
930;María Cruz Yañez;F;1987-03-25;Chiclayo;Lambayeque;2024-01-21;Bronce
931;Marcial Estrella Carranza;M;1991-03-27;Los Olivos;Lima;2024-01-21;No afiliado
932;Leticia Macedo Ordóñez;F;1994-07-15;Piura;Piura;2024-01-21;No afiliado
933;PONCIANO TEJADA ROSALES;M;1967-01-23;Punchana;Loreto;2024-01-21;Oro
934;Violeta Rodríguez Zambrano;F;1941-09-08;Veintiséis de Octubre;Piura;2024-01-21;Bronce
935;Francisco Chacón Villegas;M;1999-10-22;San Juan de Lurigancho;Lima;2024-01-21;Bronce
936;Benjamín García Soto;M;1983-07-22;Miraflores;Lima;2024-01-21;Bronce
937;Martín Rodríguez Jiménez;M;1952-01-19;San Juan Bautista;Loreto;2024-01-21;Bronce
938;Eloísa Gálvez Valverde;F;1968-04-08;Cayma;Arequipa;2024-01-21;Bronce
939;Raúl Campos Zambrano;M;1991-02-23;Ate;Lima;2024-01-21;Bronce
940;BASILISA CAMPOS CRUZ;F;1999-12-18;El Tambo;Junín;2024-01-21;Plata
941;Guillermo Estrella Arce;M;2001-05-08;Santiago;Cusco;2024-01-21;Oro
942;Francisco Paz Cáceres;M;1947-01-22;Huanchaco;La Libertad;2024-01-21;Bronce
943;luis meneses ulloa;M;1964-08-29;Ate;Lima;2024-01-21;Bronce
944;aarón sánchez mendoza;M;1974-06-17;Punchana;Loreto;2024-01-21;Plata
945;Serafín Riveros González;M;1967-08-12;Cerro Colorado;Arequipa;2024-01-21;Bronce
946;Consuelo Rivera García;F;1964-07-29;Cayma;Arequipa;2024-01-22;Plata
947;Mario Vidal Chávez;M;2000-06-21;Cerro Colorado;Arequipa;2024-01-22;No afiliado
948;adriana maldonado serna;F;1991-05-24;San Juan Bautista;Loreto;2024-01-22;Plata
949;Rafaela González García;F;1965-11-14;Ate;Lima;2024-01-22;No afiliado
950;Amelia Matías Farro;F;1966-05-14;Villa El Salvador;Lima;2024-01-22;No afiliado
951;Cecilia Torrico Pacheco;F;1981-06-08;Socabaya;Arequipa;2024-01-22;No afiliado
952;Avelino Velásquez Navarrete;M;1994-06-30;Trujillo;La Libertad;2024-01-22;No afiliado
953;Florencio Serna Gamarra;M;1984-04-09;Nauta;Loreto;2024-01-22;Bronce
954;Héctor Serna Velásquez;M;1995-11-02;San Sebastián;Cusco;2024-01-22;Bronce
955;Oihana Callirgos Villanueva;F;2002-09-02;Cayma;Arequipa;2024-01-22;No afiliado
956;erasmo campos serna;M;2007-08-21;Sullana;Piura;2024-01-22;No afiliado
957;adrián cruz fuentes;M;1967-02-18;Víctor Larco Herrera;La Libertad;2024-01-22;Plata
958;PILAR FARRO PALACIOS;F;2000-04-23;Trujillo;La Libertad;2024-01-22;No afiliado
959;LORENA GONZÁLEZ ARROYO;F;2001-10-12;Socabaya;Arequipa;2024-01-22;Plata
960;Lucas Montero Velásquez;M;1994-01-10;San Martín de Porres;Lima;2024-01-22;Bronce
961;GLORIA CONDE MENESES;F;1973-11-30;San Martín de Porres;Lima;2024-01-22;No afiliado
962;Ignacio Solano Domínguez;M;1946-07-12;Lima;Lima;2024-01-22;Bronce
963;Rosario Tejada Santos;F;1992-10-04;San Martín de Porres;Lima;2024-01-22;No afiliado
964;Estefanía Benites Montes;F;1981-08-05;Paita;Piura;2024-01-22;Bronce
965;Agustín Delgado Villalobos;M;1972-05-30;El Porvenir;La Libertad;2024-01-22;Bronce
966;oihana yupanqui tello;F;1930-11-16;San Sebastián;Cusco;2024-01-22;No afiliado
967;SALUD YUPANQUI PIZARRO;F;2005-05-05;Chilca;Junín;2024-01-22;Plata
968;Rosario Gómez Velásquez;F;1995-10-29;Monsefú;Lambayeque;2024-01-22;Bronce
969;Emilio Cruz Trujillo;M;1971-03-08;La Esperanza;La Libertad;2024-01-22;Bronce
970;Josefa Padilla Rodríguez;F;1968-08-23;San Juan de Lurigancho;Lima;2024-01-22;Bronce
971;Brayan Avendaño Torres;M;1995-06-16;Iquitos;Loreto;2024-01-22;No afiliado
972;Erasmo Gutiérrez Farro;M;1986-07-14;Punchana;Loreto;2024-01-22;No afiliado
973;Romana Montes Quispe;F;1944-10-04;Comas;Lima;2024-01-22;No afiliado
974;Rosa Sánchez Rocha;F;1928-06-13;Villa El Salvador;Lima;2024-01-22;Bronce
975;NAPOLEÓN VÁSQUEZ MONTES;M;1973-06-06;Cerro Colorado;Arequipa;2024-01-22;Plata
976;Angustias Zambrano Rosales;F;1976-11-07;Paucarpata;Arequipa;2024-01-22;Plata
977;SALVADOR LOZANO MATÍAS;M;1989-03-30;El Porvenir;La Libertad;2024-01-22;Plata
978;Marcelina Gamarra Rivera;F;1989-10-01;Catacaos;Piura;2024-01-22;Oro
979;Fortunato Villafuerte Matías;M;2007-09-26;Cayma;Arequipa;2024-01-22;Plata
980;Guillermo Tejada Cáceres;M;1991-11-04;Ate;Lima;2024-01-22;Bronce
981;Vicenta Zambrano Cruz;F;1959-03-23;El Porvenir;La Libertad;2024-01-22;Bronce
982;ATILIO ULLOA PONCE;M;1974-05-28;Paita;Piura;2024-01-22;Bronce
983;Tomasa Galarza Benites;F;1989-03-11;Punchana;Loreto;2024-01-22;Oro
984;Felicidad Muñoz Velásquez;F;1977-06-22;Miraflores;Lima;2024-01-22;Bronce
985;Catalina Torrico Machuca;F;1994-04-16;Belén;Loreto;2024-01-22;No afiliado
986;carmen arce estrella;F;1992-08-26;El Porvenir;La Libertad;2024-01-22;Bronce
987;Lázaro Rodríguez Tejada;M;2003-10-05;Cerro Colorado;Arequipa;2024-01-22;Plata
988;Amelia Farro Gallo;F;1970-10-27;San Juan de Lurigancho;Lima;2024-01-22;No afiliado
989;Eduardo Jiménez Ugarte;M;1947-04-14;Chiclayo;Lambayeque;2024-01-22;No afiliado
990;María Campos Galarza;F;1991-05-14;Castilla;Piura;2024-01-22;No afiliado
991;PASTORA PONCE DELGADO;F;1984-11-19;San Sebastián;Cusco;2024-01-23;Bronce
992;ELSA MARTÍNEZ SOLANO;F;1996-06-30;Wanchaq;Cusco;2024-01-23;Bronce
993;SARA RIVERA ARIAS;F;1998-03-28;San Juan Bautista;Loreto;2024-01-23;Bronce
994;Maximiliano Arias Sierra;M;1968-05-06;Chiclayo;Lambayeque;2024-01-23;Bronce
995;Dante Villegas Tejada;M;1966-11-19;Cerro Colorado;Arequipa;2024-01-23;Plata
996;Federico Serna Paz;M;1988-03-14;Ate;Lima;2024-01-23;Plata
997;Homero Paz Rojas;M;1962-01-11;Chiclayo;Lambayeque;2024-01-23;No afiliado
998;Rubén Lozano Chávez;M;1984-02-27;Cusco;Cusco;2024-01-23;Bronce
999;Aniceto Moreno Tejada;M;1945-11-05;Florencia de Mora;La Libertad;2024-01-23;Bronce
1000;Francisco Arroyo Manrique;M;2000-01-12;Belén;Loreto;2024-01-23;Bronce
1001;Fátima Vilca Chávez;F;1986-08-01;Lima;Lima;2024-01-23;No afiliado
1002;Francisco Sánchez Reyna;M;1960-03-17;Paucarpata;Arequipa;2024-01-23;No afiliado
1003;Susana Dávila Reyna;F;1988-11-30;Trujillo;La Libertad;2024-01-23;Bronce
1004;Horacio Tejada Mora;M;1986-11-27;José Leonardo Ortiz;Lambayeque;2024-01-23;Bronce
1005;Federico Valverde García;M;1987-08-14;El Porvenir;La Libertad;2024-01-23;Oro
1006;Encarnación Matías Sierra;F;2006-08-05;Ate;Lima;2024-01-23;Bronce
1007;LUCÍA GALLO PORTILLA;F;2006-11-11;Catacaos;Piura;2024-01-23;No afiliado
1008;lorena vilchez chávez;F;1991-12-26;Comas;Lima;2024-01-23;Plata
1009;OIHANA GÓMEZ CABELLO;F;1998-07-22;Pueblo Libre;Lima;2024-01-23;Oro
1010;Eduardo Montes Ugarte;M;1961-09-04;San Martín de Porres;Lima;2024-01-23;No afiliado
1011;Aniceto Velásquez Valle;M;1992-11-15;Comas;Lima;2024-01-23;No afiliado
1012;Eduardo Delgado Cruz;M;1997-07-31;La Esperanza;La Libertad;2024-01-23;Oro
1013;fabián sánchez montoya;M;2004-12-23;Yurimaguas;Loreto;2024-01-23;Bronce
1014;Trinidad Montoya Cáceres;F;1945-07-04;San Jerónimo;Cusco;2024-01-23;Plata
1015;Orestes Portilla Rosales;M;2008-01-01;Paita;Piura;2024-01-23;Bronce
1016;SARA DEL CARPIO VELARDE;F;1989-03-06;Ate;Lima;2024-01-23;No afiliado
1017;Liborio Palacios Zúñiga;M;2006-05-11;Chiclayo;Lambayeque;2024-01-23;No afiliado
1018;Lucas Valverde Bravo;M;1981-08-22;Punchana;Loreto;2024-01-23;Bronce
1019;berta villafuerte acuña;F;1975-04-10;Víctor Larco Herrera;La Libertad;2024-01-23;Bronce
1020;Nepomuceno Moreno Ríos;M;1980-03-26;Punchana;Loreto;2024-01-23;Plata
1021;Eustaquio Valverde Mejía;M;1983-09-23;Trujillo;La Libertad;2024-01-23;No afiliado
1022;Estefanía Chávez Vargas;F;1946-05-05;San Juan de Lurigancho;Lima;2024-01-23;No afiliado
1023;Bautista Rocha Reyna;M;1995-09-16;Ate;Lima;2024-01-23;No afiliado
1024;Alejandro Hernández Solano;M;1952-09-16;Pueblo Libre;Lima;2024-01-23;No afiliado
1025;Teodora Salgado Gómez;F;1982-12-08;El Tambo;Junín;2024-01-23;Bronce
1026;Eufemia Carranza Farro;F;2006-10-09;Ate;Lima;2024-01-23;No afiliado
1027;Darío Cruz Velarde;M;2001-07-24;Iquitos;Loreto;2024-01-23;Bronce
1028;Fátima Pizarro Fuentes;F;1972-01-16;Veintiséis de Octubre;Piura;2024-01-23;No afiliado
1029;Leonor Calle Velásquez;F;1986-05-30;Comas;Lima;2024-01-23;Bronce
1030;Cecilia Araujo Macedo;F;1982-10-11;Lima;Lima;2024-01-23;Bronce
1031;Samuel Ordóñez Solano;M;1953-06-29;Cerro Colorado;Arequipa;2024-01-23;Plata
1032;Rosario Calderón Luna;F;1967-08-30;Comas;Lima;2024-01-23;No afiliado
1033;MARÍA UGARTE PONCE;F;2004-04-01;San Juan de Lurigancho;Lima;2024-01-23;Plata
1034;FELICIANA GÓMEZ CONDE;F;2003-10-12;Ate;Lima;2024-01-23;Bronce
1035;Gloria Palacios Aguirre;F;1967-09-03;Socabaya;Arequipa;2024-01-23;Plata
1036;FORTUNATO MALDONADO SANTOS;M;1981-01-12;San Juan Bautista;Loreto;2024-01-24;Plata
1037;Jesús Sánchez Dávila;M;1955-12-06;Iquitos;Loreto;2024-01-24;No afiliado
1038;LUCAS CONDE ESCOBAR;M;1991-06-23;San Martín de Porres;Lima;2024-01-24;No afiliado
1039;Salvador Cruz Valenzuela;M;2007-12-09;Comas;Lima;2024-01-24;Plata
1040;Eloy Montes Villanueva;M;1957-10-19;Pariñas;Piura;2024-01-24;Bronce
1041;fortunato valverde matías;M;2007-07-19;Pariñas;Piura;2024-01-24;No afiliado
1042;Lorena Reyna Loayza;F;1970-05-14;San Sebastián;Cusco;2024-01-24;Plata
1043;virginia cáceres pizarro;F;1994-07-15;San Juan de Lurigancho;Lima;2024-01-24;No afiliado
1044;Encarnación Cruz Maldonado;F;2006-11-29;Los Olivos;Lima;2024-01-24;No afiliado
1045;Orestes Campos Portilla;M;2003-09-30;Iquitos;Loreto;2024-01-24;No afiliado
1046;CANDELARIA ESCALANTE OBANDO;F;1943-02-27;Paita;Piura;2024-01-24;Bronce
1047;Felicidad Sánchez Cruz;F;1985-03-07;Catacaos;Piura;2024-01-24;Bronce
1048;prudencia solano escobar;F;1979-01-06;San Juan de Lurigancho;Lima;2024-01-24;No afiliado
1049;micaela torrico soto;F;2000-05-16;Catacaos;Piura;2024-01-24;No afiliado
1050;Atilio Calderón Arango;M;1992-01-30;Yurimaguas;Loreto;2024-01-24;Plata
1051;Candelaria Montes Gallo;F;1980-09-07;Castilla;Piura;2024-01-24;No afiliado
1052;Balbina Ordoñez Sánchez;F;2005-09-28;Santiago;Cusco;2024-01-24;Bronce
1053;Ulises Gallo Rivera;M;2001-06-12;San Martín de Porres;Lima;2024-01-24;Oro
1054;Lorenzo Chávez Chávez;M;1982-07-29;La Victoria;Lambayeque;2024-01-24;No afiliado
1055;EUTIQUIO ORDÓÑEZ VELÁSQUEZ;M;2005-04-17;Trujillo;La Libertad;2024-01-24;Plata
1056;eustaquio paredes santos;M;1990-07-02;San Borja;Lima;2024-01-24;Bronce
1057;Celina Luna Fuentes;F;1959-03-30;Pueblo Libre;Lima;2024-01-24;Bronce
1058;Gloria Galarza Hurtado;F;1972-05-23;San Agustín;Junín;2024-01-24;Bronce
1059;Tomás Sierra Amaya;M;1977-03-21;Santiago;Cusco;2024-01-24;Bronce
1060;Tristán Valverde Loayza;M;1979-07-19;Trujillo;La Libertad;2024-01-24;No afiliado
1061;Honorio Chacón Bustos;M;1988-04-13;El Tambo;Junín;2024-01-24;No afiliado
1062;fidela portilla ramírez;F;1998-01-12;Santiago;Cusco;2024-01-24;Bronce
1063;Herminio Vidal Palacios;M;1972-10-30;La Victoria;Lambayeque;2024-01-24;Bronce
1064;Martina Soto Benavides;F;1960-07-18;El Tambo;Junín;2024-01-24;Bronce
1065;MARTINA CHÁVEZ BENITES;F;1994-10-11;Cerro Colorado;Arequipa;2024-01-24;No afiliado
1066;Silvano López Rivera;M;1943-03-31;Comas;Lima;2024-01-24;Bronce
1067;Wilfredo Zapata Navarrete;M;2005-10-16;San Martín de Porres;Lima;2024-01-24;Bronce
1068;Teofila Cruz Tejada;F;1964-07-21;San Juan de Lurigancho;Lima;2024-01-24;Plata
1069;EMMANUEL VALLE MERINO;M;1981-11-06;Villa El Salvador;Lima;2024-01-24;Oro
1070;GEREMÍAS TORRES DELGADO;M;1962-07-25;Ate;Lima;2024-01-24;Bronce
1071;Froilán Valenzuela Arroyo;M;2000-07-19;Iquitos;Loreto;2024-01-24;No afiliado
1072;Anastasia Gallo Ulloa;F;1947-11-04;Ate;Lima;2024-01-24;Bronce
1073;Pancho Jara Montes;M;1987-11-25;Veintiséis de Octubre;Piura;2024-01-24;Bronce
1074;AARÓN PIZARRO VILLAFUERTE;M;1985-05-04;Yurimaguas;Loreto;2024-01-24;No afiliado
1075;Erika Martínez Guerrero;F;1998-10-16;Cerro Colorado;Arequipa;2024-01-24;Bronce
1076;Lucrecia Torres Loayza;F;2002-11-28;Pariñas;Piura;2024-01-24;Bronce
1077;anabel chávez sánchez;F;1996-10-19;Comas;Lima;2024-01-24;Bronce
1078;ASUNCIÓN ORDÓÑEZ NIETO;F;1986-01-31;Arequipa;Arequipa;2024-01-24;No afiliado
1079;Salustiano Alvarado Matías;M;1967-05-12;Castilla;Piura;2024-01-24;No afiliado
1080;margarita villalba llanos;F;2000-01-18;Ate;Lima;2024-01-24;Bronce
1081;Demóstenes Escobar Galarza;M;1983-05-26;Monsefú;Lambayeque;2024-01-25;No afiliado
1082;Gisela Quijano Carranza;F;1988-03-25;Yurimaguas;Loreto;2024-01-25;No afiliado
1083;Aarón Ruiz Sánchez;M;1947-10-16;Pueblo Libre;Lima;2024-01-25;Bronce
1084;Alcides Pizarro Cruz;M;1997-04-07;San Juan de Lurigancho;Lima;2024-01-25;No afiliado
1085;YOLANDA FUENTES CARRANZA;F;1983-11-04;Trujillo;La Libertad;2024-01-25;No afiliado
1086;Enrique Figueroa Nieto;M;1999-06-26;Cayma;Arequipa;2024-01-25;Bronce
1087;JUAN PADILLA TREJO;M;1993-04-30;Pueblo Libre;Lima;2024-01-25;Bronce
1088;Artemio Chacón Ramírez;M;1954-08-09;Huancayo;Junín;2024-01-25;Bronce
1089;sofía pérez trejo;F;2000-09-21;La Esperanza;La Libertad;2024-01-25;Plata
1090;VICTORIA FUENTES SÁNCHEZ;F;1958-04-06;Chiclayo;Lambayeque;2024-01-25;No afiliado
1091;Milagros Ramírez Montalvo;F;1983-03-28;Piura;Piura;2024-01-25;Plata
1092;TOMASA ARROYO PACHECO;F;2000-01-09;San Borja;Lima;2024-01-25;Bronce
1093;ATANASIO ZÚÑIGA BELLO;M;1994-04-16;San Borja;Lima;2024-01-25;Bronce
1094;Paulina García Miranda;F;2004-06-21;Comas;Lima;2024-01-25;Plata
1095;Tadeo Obando Pizarro;M;2003-04-23;Chiclayo;Lambayeque;2024-01-25;No afiliado
1096;Adrián Valverde Acuña;M;1948-11-12;El Tambo;Junín;2024-01-25;No afiliado
1097;Francisco Campos Delgado;M;1985-10-20;Ate;Lima;2024-01-25;Bronce
1098;ESTELA LOZANO VALENZUELA;F;1997-11-01;Pueblo Libre;Lima;2024-01-25;Bronce
1099;edmundo solano aguirre;M;1989-10-16;El Porvenir;La Libertad;2024-01-25;No afiliado
1100;ERNESTO SÁNCHEZ TORRES;M;1960-12-04;Piura;Piura;2024-01-25;No afiliado
1101;Liborio Vargas Maldonado;M;1981-03-21;Sullana;Piura;2024-01-25;Bronce
1102;LORENA GALLO RUIZ;F;1984-12-29;Catacaos;Piura;2024-01-25;Plata
1103;Paz Zúñiga Cruz;F;1975-04-04;La Esperanza;La Libertad;2024-01-25;No afiliado
1104;Aurora Jiménez Hurtado;F;1964-09-01;Trujillo;La Libertad;2024-01-25;No afiliado
1105;esteban garcía torres;M;1976-11-02;San Juan Bautista;Loreto;2024-01-25;No afiliado
1106;nerea reyna tejada;F;1998-08-15;El Porvenir;La Libertad;2024-01-25;Plata
1107;Tristán Ortega Calle;M;1966-04-29;San Juan de Lurigancho;Lima;2024-01-25;Plata
1108;Heriberto Allcca Trejo;M;1978-06-23;Huancayo;Junín;2024-01-25;Plata
1109;Adela Calderón García;F;1954-12-31;Comas;Lima;2024-01-25;Plata
1110;Pedro Luna Sánchez;M;2003-10-13;Villa El Salvador;Lima;2024-01-25;Bronce
1111;Martín Vásquez Villalba;M;1947-09-08;Castilla;Piura;2024-01-25;Plata
1112;Soraya Trujillo Nieto;F;2003-03-22;Ate;Lima;2024-01-25;No afiliado
1113;Marisol Estrella Rodríguez;F;1955-04-28;Catacaos;Piura;2024-01-25;No afiliado
1114;aarón galarza medina;M;1961-05-13;Chiclayo;Lambayeque;2024-01-25;Oro
1115;Margarita Rojas Montes;F;2000-07-15;Paucarpata;Arequipa;2024-01-25;No afiliado
1116;Emilia Pizarro Chávez;F;1948-05-28;Catacaos;Piura;2024-01-25;No afiliado
1117;DARÍO MONTALVO NIETO;M;1981-08-17;San Miguel;Lima;2024-01-25;Bronce
1118;maría velásquez obando;F;1996-06-18;Cusco;Cusco;2024-01-25;Bronce
1119;Demóstenes Santos Ordóñez;M;2004-02-25;Trujillo;La Libertad;2024-01-25;Plata
1120;romualdo llerena rojas;M;1984-09-24;El Porvenir;La Libertad;2024-01-25;No afiliado
1121;Joaquín Tejada Quispe;M;2006-05-16;Arequipa;Arequipa;2024-01-25;Bronce
1122;Eduardo Pérez Valle;M;1977-08-21;San Juan Bautista;Loreto;2024-01-25;Bronce
1123;Anabel Gálvez Rojas;F;1959-11-05;El Tambo;Junín;2024-01-25;Plata
1124;Pablo Manrique Vega;M;1994-02-14;La Esperanza;La Libertad;2024-01-25;Bronce
1125;Alfonso Ramírez Escobar;M;1970-05-08;El Porvenir;La Libertad;2024-01-25;Bronce
1126;Carmen Tello Ortega;F;1990-07-28;Piura;Piura;2024-01-26;No afiliado
1127;filomena hernández villalobos;F;1986-06-14;Iquitos;Loreto;2024-01-26;Bronce
1128;Raúl Portilla Campos;M;2006-09-01;San Sebastián;Cusco;2024-01-26;No afiliado
1129;Núria Valenzuela Sánchez;F;1968-08-01;Cerro Colorado;Arequipa;2024-01-26;Bronce
1130;Natalia Escobar Chávez;F;2003-01-09;Sullana;Piura;2024-01-26;Bronce
1131;Asunción García Zapata;F;1976-11-02;Comas;Lima;2024-01-26;No afiliado
1132;Concepción Trujillo Velásquez;F;1960-07-21;San Martín de Porres;Lima;2024-01-26;Bronce
1133;Emilio Ordóñez Escobar;M;1993-11-08;Catacaos;Piura;2024-01-26;Oro
1134;Bárbara Vargas Paz;F;1976-06-26;Víctor Larco Herrera;La Libertad;2024-01-26;No afiliado
1135;Eloy Benavides Rivera;M;1962-10-17;Comas;Lima;2024-01-26;Bronce
1136;lorena garcía garcía;F;1951-01-28;Pariñas;Piura;2024-01-26;Bronce
1137;ASUNCIÓN VARGAS MONTES;F;1990-10-16;Moche;La Libertad;2024-01-26;No afiliado
1138;paz alvarado estrella;F;1999-11-07;Santiago de Surco;Lima;2024-01-26;No afiliado
1139;Margarita Arce Del Carpio;F;1947-02-07;San Jerónimo;Cusco;2024-01-26;No afiliado
1140;Cecilia Reyna Rojas;F;1980-12-08;San Juan de Lurigancho;Lima;2024-01-26;No afiliado
1141;Gloria Tejada Arroyo;F;1988-11-12;Cusco;Cusco;2024-01-26;Bronce
1142;Gabriela Sanabria Acuña;F;1993-07-17;Cerro Colorado;Arequipa;2024-01-26;Plata
1143;Brayan Moreno Chávez;M;1990-10-09;Paucarpata;Arequipa;2024-01-26;Bronce
1144;Natalia Ramírez Gálvez;F;1979-02-17;Villa El Salvador;Lima;2024-01-26;No afiliado
1145;Federico Calderón Velásquez;M;1990-11-27;San Martín de Porres;Lima;2024-01-26;No afiliado
1146;PAZ LLANOS MARTÍNEZ;F;1991-10-21;Cerro Colorado;Arequipa;2024-01-26;Plata
1147;Apolonio Mora Ordoñez;M;2004-06-14;Veintiséis de Octubre;Piura;2024-01-26;Bronce
1148;julia del carpio rojas;F;1979-10-06;Punchana;Loreto;2024-01-26;Plata
1149;Joaquín Velásquez Montes;M;1954-04-16;Huancayo;Junín;2024-01-26;Oro
1150;Emilia Rojas Chávez;F;1992-10-16;Ate;Lima;2024-01-26;Bronce
1151;ASUNCIÓN AGUIRRE CALLE;F;1978-08-14;Paita;Piura;2024-01-26;No afiliado
1152;ainhoa rojas palacios;F;1981-01-05;Cerro Colorado;Arequipa;2024-01-26;No afiliado
1153;Romana Delgado Palomino;F;1978-07-11;San Jerónimo;Cusco;2024-01-26;No afiliado
1154;Oscar Estrella Bustos;M;1977-05-04;La Esperanza;La Libertad;2024-01-26;Bronce
1155;Anastasia Portilla Padilla;F;2001-10-21;Comas;Lima;2024-01-26;Bronce
1156;bianca ugarte valenzuela;F;1965-09-11;Trujillo;La Libertad;2024-01-26;No afiliado
1157;Trinidad Campos Meneses;F;1977-04-22;Paucarpata;Arequipa;2024-01-26;Bronce
1158;Laura Galarza Amaya;F;1966-02-06;Comas;Lima;2024-01-26;Plata
1159;víctor delgado rojas;M;1980-12-13;San Juan de Lurigancho;Lima;2024-01-26;Oro
1160;Gloria Alvarado Bello;F;1981-12-23;Cerro Colorado;Arequipa;2024-01-26;No afiliado
1161;Juana Del Carpio Zapata;F;2001-03-07;Los Olivos;Lima;2024-01-26;Bronce
1162;teodora araujo pizarro;F;2007-06-24;Víctor Larco Herrera;La Libertad;2024-01-26;No afiliado
1163;Marcial Gálvez Solano;M;1963-05-26;El Porvenir;La Libertad;2024-01-26;Plata
1164;Feliciana Navarrete Villafuerte;F;1978-07-26;San Juan de Lurigancho;Lima;2024-01-26;Plata
1165;ARTURO CHÁVEZ VILLALBA;M;2001-06-21;José Luis Bustamante y Rivero;Arequipa;2024-01-26;Bronce
1166;Aarón Quijano Guerrero;M;1962-03-20;Pimentel;Lambayeque;2024-01-26;Bronce
1167;ARIADNA RAMÍREZ RIVERA;F;2006-01-20;Cusco;Cusco;2024-01-26;No afiliado
1168;tomasa matías gálvez;F;2000-10-26;San Jerónimo;Cusco;2024-01-26;Bronce
1169;Micaela Bustos Cruz;F;1979-12-27;San Juan de Lurigancho;Lima;2024-01-26;No afiliado
1170;Erik Del Carpio Carranza;M;1956-12-26;San Juan de Lurigancho;Lima;2024-01-26;Bronce
1171;Julia Rivera Bello;F;2002-01-28;Iquitos;Loreto;2024-01-27;Bronce
1172;ARANTXA CHÁVEZ CARRANZA;F;1957-10-01;San Miguel;Lima;2024-01-27;Bronce
1173;Arantxa Ramírez Mejía;F;1995-12-02;Santiago de Surco;Lima;2024-01-27;Bronce
1174;Ildefonsa Velásquez Portilla;F;2005-01-06;San Juan de Lurigancho;Lima;2024-01-27;No afiliado
1175;rodrigo rojas rivera;M;1960-10-05;San Sebastián;Cusco;2024-01-27;No afiliado
1176;Adela Pizarro Gálvez;F;1959-06-04;Paucarpata;Arequipa;2024-01-27;Bronce
1177;vicenta machuca mejía;F;1994-12-31;Comas;Lima;2024-01-27;No afiliado
1178;Eustaquio Reyna Villalobos;M;1978-07-21;El Porvenir;La Libertad;2024-01-27;Bronce
1179;Ventura Araujo Benites;M;2001-05-31;La Victoria;Lambayeque;2024-01-27;No afiliado
1180;ROMUALDO ORDOÑEZ MANRIQUE;M;2007-01-03;El Tambo;Junín;2024-01-27;Bronce
1181;ELSA MATÍAS LÓPEZ;F;1988-02-22;El Porvenir;La Libertad;2024-01-27;Bronce
1182;Salud Valenzuela Campos;F;1997-05-08;Punchana;Loreto;2024-01-27;No afiliado
1183;Concepción Martínez Riveros;F;1993-10-15;San Sebastián;Cusco;2024-01-27;Bronce
1184;Bautista Benites Allcca;M;1985-10-24;Catacaos;Piura;2024-01-27;No afiliado
1185;eloísa valverde benavides;F;1948-10-04;San Juan Bautista;Loreto;2024-01-27;No afiliado
1186;Romualdo Zambrano Estrella;M;1991-10-11;Víctor Larco Herrera;La Libertad;2024-01-27;Bronce
1187;JOSEFA CRUZ ARCE;F;1978-08-18;Punchana;Loreto;2024-01-27;No afiliado
1188;Laura Montes Villafuerte;F;1977-12-03;Santiago;Cusco;2024-01-27;Plata
1189;Carlos Coronado Mora;M;1975-10-23;Comas;Lima;2024-01-27;No afiliado
1190;Benjamín Avendaño Sánchez;M;1982-04-16;Pariñas;Piura;2024-01-27;Bronce
1191;Filomena Delgado Vargas;F;1978-07-29;Cusco;Cusco;2024-01-27;No afiliado
1192;Matías Guerrero Muñoz;M;1996-10-26;Ate;Lima;2024-01-27;No afiliado
1193;Agustín Chacón Cruz;M;1999-08-09;Yurimaguas;Loreto;2024-01-27;Plata
1194;Lucrecia Velásquez Ríos;F;2002-02-25;Iquitos;Loreto;2024-01-27;No afiliado
1195;tomasa acuña trujillo;F;1977-06-29;Paita;Piura;2024-01-27;Plata
1196;Mario Montes Muñiz;M;1998-02-13;Chiclayo;Lambayeque;2024-01-27;Bronce
1197;Emilio Tejada Gallo;M;2003-09-24;Castilla;Piura;2024-01-27;Bronce
1198;Filiberto Benavides Chávez;M;1959-01-08;Veintiséis de Octubre;Piura;2024-01-27;Bronce
1199;ANASTASIA MERINO FARRO;F;1986-05-01;Wanchaq;Cusco;2024-01-27;Oro
1200;Martín Estrella Estrella;M;2005-07-18;San Borja;Lima;2024-01-27;Bronce
1201;Ulises Vargas Zambrano;M;1974-03-07;José Leonardo Ortiz;Lambayeque;2024-01-27;No afiliado
1202;Javier Zapata Mendoza;M;1994-10-11;San Juan de Lurigancho;Lima;2024-01-27;No afiliado
1203;Marisa Dávila Velásquez;F;1978-05-09;Paita;Piura;2024-01-27;Bronce
1204;alejandrina cáceres martínez;F;2006-01-04;José Luis Bustamante y Rivero;Arequipa;2024-01-27;Bronce
1205;Gabriela Villalobos Portilla;F;1948-01-28;San Juan de Lurigancho;Lima;2024-01-27;Bronce
1206;MARTINA RAMÍREZ VALVERDE;F;1974-05-19;San Martín de Porres;Lima;2024-01-27;Bronce
1207;Celso Solano Gálvez;M;1995-12-05;Catacaos;Piura;2024-01-27;Plata
1208;virginia paredes calle;F;1951-03-09;San Martín de Porres;Lima;2024-01-27;No afiliado
1209;Aníbal Aguilar Obando;M;1992-08-23;Iquitos;Loreto;2024-01-27;Bronce
1210;Bernarda Llerena Campos;F;1951-07-07;Chilca;Junín;2024-01-27;No afiliado
1211;fortunato ruiz gamarra;M;2006-08-14;Trujillo;La Libertad;2024-01-27;No afiliado
1212;Fidela Valenzuela Hurtado;F;2003-07-16;Piura;Piura;2024-01-27;Bronce
1213;Sol Delgado Palomino;F;2002-03-26;Ate;Lima;2024-01-27;Bronce
1214;Damián Carranza Ortega;M;1974-02-14;San Juan de Lurigancho;Lima;2024-01-27;Bronce
1215;Gabriela Portilla Delgado;F;1985-10-14;Punchana;Loreto;2024-01-27;Plata
1216;Isaac Portilla Escobar;M;1999-02-05;San Juan de Lurigancho;Lima;2024-01-28;No afiliado
1217;Emilia Lozano Obando;F;1955-04-14;San Juan de Lurigancho;Lima;2024-01-28;Oro
1218;victoria calle cruz;F;1964-05-15;Veintiséis de Octubre;Piura;2024-01-28;Bronce
1219;Felicidad Ortega Cruz;F;2005-03-04;San Sebastián;Cusco;2024-01-28;Bronce
1220;Juana Zambrano Muñiz;F;2001-03-17;Sullana;Piura;2024-01-28;Bronce
1221;Ariadna Delgado Del Carpio;F;1954-04-29;Veintiséis de Octubre;Piura;2024-01-28;Bronce
1222;Clodomiro Sánchez Serna;M;1999-04-05;Santiago de Surco;Lima;2024-01-28;No afiliado
1223;Avelino Montoya Yupanqui;M;1996-07-19;San Martín de Porres;Lima;2024-01-28;Bronce
1224;Celso Domínguez Chávez;M;1979-12-13;El Porvenir;La Libertad;2024-01-28;Bronce
1225;Violeta Palacios Velásquez;F;1972-09-08;Víctor Larco Herrera;La Libertad;2024-01-28;Bronce
1226;Pilar Gómez Ríos;F;1988-12-20;Trujillo;La Libertad;2024-01-28;No afiliado
1227;Orestes Trejo Palacios;M;1987-09-01;Chiclayo;Lambayeque;2024-01-28;No afiliado
1228;Luisa Llanos Paredes;F;1941-06-02;La Esperanza;La Libertad;2024-01-28;No afiliado
1229;AZUCENA NAVARRETE VARGAS;F;1973-08-28;Huancán;Junín;2024-01-28;Bronce
1230;rubén montes chávez;M;1969-01-23;Chiclayo;Lambayeque;2024-01-28;Bronce
1231;PRUDENCIA DELGADO ARCE;F;1987-07-13;San Jerónimo;Cusco;2024-01-28;Bronce
1232;Victoria Rivera Chávez;F;1985-04-19;Paita;Piura;2024-01-28;Bronce
1233;Oihane Pizarro Navarrete;F;1996-09-07;Reque;Lambayeque;2024-01-28;Bronce
1234;César Portilla Requejo;M;2004-12-20;El Tambo;Junín;2024-01-28;Plata
1235;Erika Mejía Meneses;F;2007-04-10;Castilla;Piura;2024-01-28;Plata
1236;Romualdo Serna Velarde;M;1946-08-08;Piura;Piura;2024-01-28;Plata
1237;Héctor Quispe Obando;M;1946-05-22;Moche;La Libertad;2024-01-28;No afiliado
1238;SINFOROSO BENAVIDES SANTOS;M;1979-05-08;Comas;Lima;2024-01-28;Bronce
1239;Teofila Ortega Villalba;F;1999-10-22;Comas;Lima;2024-01-28;Oro
1240;CLAUDIA TORRICO YUPANQUI;F;1975-05-06;San Martín de Porres;Lima;2024-01-28;No afiliado
1241;Arturo Reyna López;M;2006-10-31;Lima;Lima;2024-01-28;No afiliado
1242;AARÓN REQUEJO DÁVILA;M;2002-06-26;Cerro Colorado;Arequipa;2024-01-28;Bronce
1243;moisés ordoñez machuca;M;1990-09-15;Huancayo;Junín;2024-01-28;Bronce
1244;Susana Vega Manrique;F;1984-11-03;José Luis Bustamante y Rivero;Arequipa;2024-01-28;Bronce
1245;lorena valverde rojas;F;1981-12-12;San Juan Bautista;Loreto;2024-01-28;Bronce
1246;PASTORA GALARZA PACHECO;F;2005-03-29;Ate;Lima;2024-01-28;No afiliado
1247;Susana Campos Zambrano;F;1950-03-12;El Porvenir;La Libertad;2024-01-28;Plata
1248;Ruperto Aguirre Valverde;M;1999-08-15;El Tambo;Junín;2024-01-28;Bronce
1249;Eutiquio Benavides Paredes;M;1951-11-02;Santiago;Cusco;2024-01-28;Bronce
1250;Javier Chávez Gallo;M;1984-04-30;Víctor Larco Herrera;La Libertad;2024-01-28;Bronce
1251;marciano chávez rojas;M;1953-02-01;Yurimaguas;Loreto;2024-01-28;No afiliado
1252;Eustaquio Rivera Ojeda;M;2007-12-17;Florencia de Mora;La Libertad;2024-01-28;No afiliado
1253;Jesús Trujillo Sierra;M;1986-09-10;Trujillo;La Libertad;2024-01-28;Plata
1254;Nerea López Estrella;F;1949-10-31;Sullana;Piura;2024-01-28;Bronce
1255;Ursula Velásquez Ramírez;F;2007-03-17;Cerro Colorado;Arequipa;2024-01-28;Bronce
1256;Rita Gallo Palacios;F;1949-05-25;Socabaya;Arequipa;2024-01-28;No afiliado
1257;otilia yañez vargas;F;1958-09-22;Paucarpata;Arequipa;2024-01-28;Plata
1258;brayan manrique chambi;M;2003-03-26;San Juan de Lurigancho;Lima;2024-01-28;Oro
1259;eufrasia portilla gamarra;F;1987-07-22;Miraflores;Lima;2024-01-28;No afiliado
1260;Rafaela Villafuerte Rosales;F;1991-02-23;Yurimaguas;Loreto;2024-01-28;Bronce
1261;Crispina Padilla Del Carpio;F;1979-12-27;Chiclayo;Lambayeque;2024-01-29;Bronce
1262;Violeta Vásquez Ramírez;F;1983-08-26;Cerro Colorado;Arequipa;2024-01-29;Bronce
1263;Esperanza Chávez Chávez;F;1981-06-25;Comas;Lima;2024-01-29;No afiliado
1264;Prudencia Palacios Sánchez;F;1984-06-19;Paucarpata;Arequipa;2024-01-29;Bronce
1265;Rocío Torrico Rivera;F;1978-05-03;Huanchaco;La Libertad;2024-01-29;No afiliado
1266;Toribio Paredes Mora;M;1963-03-02;El Tambo;Junín;2024-01-29;Bronce
1267;Claudia Cruz Rojas;F;1959-04-29;Arequipa;Arequipa;2024-01-29;Bronce
1268;Lorena Reyna Santos;F;1996-04-26;Iquitos;Loreto;2024-01-29;No afiliado
1269;Carlos González Navarrete;M;1973-10-20;Ate;Lima;2024-01-29;No afiliado
1270;Alonso Estrella Ramírez;M;1996-05-08;Huanchaco;La Libertad;2024-01-29;No afiliado
1271;Alba García Valverde;F;1989-12-22;Lima;Lima;2024-01-29;Plata
1272;Teodora Rivera Allcca;F;1951-05-15;Cusco;Cusco;2024-01-29;Bronce
1273;JUANA MONTALVO REYNA;F;1996-07-23;Villa El Salvador;Lima;2024-01-29;Oro
1274;Agustín García Ríos;M;2003-10-28;Paucarpata;Arequipa;2024-01-29;No afiliado
1275;Marisa Maldonado Reyna;F;2007-01-29;Lambayeque;Lambayeque;2024-01-29;No afiliado
1276;Moisés Requejo Portilla;M;1973-05-09;Cerro Colorado;Arequipa;2024-01-29;No afiliado
1277;Lucrecia Reyna Ramírez;F;1957-06-09;Miraflores;Lima;2024-01-29;Bronce
1278;Braulio Llerena Del Carpio;M;1970-11-09;Santiago;Cusco;2024-01-29;Bronce
1279;Samuel Cornejo Zavala;M;1989-06-12;Belén;Loreto;2024-01-29;Bronce
1280;tamara mora escalante;F;1980-08-23;El Porvenir;La Libertad;2024-01-29;No afiliado
1281;Alba Medina Delgado;F;1962-01-27;Wanchaq;Cusco;2024-01-29;Bronce
1282;Anastasia Portilla Salgado;F;1948-01-12;Cayma;Arequipa;2024-01-29;No afiliado
1283;HERIBERTO PORTILLA LOZANO;M;1982-02-16;Wanchaq;Cusco;2024-01-29;Bronce
1284;gisela manrique chávez;F;1975-03-26;Cusco;Cusco;2024-01-29;No afiliado
1285;Mario Serna Cruz;M;1989-04-11;San Juan de Lurigancho;Lima;2024-01-29;Plata
1286;Asunción Tejada Montoya;F;1947-03-05;Trujillo;La Libertad;2024-01-29;Bronce
1287;Soraya Manrique Chávez;F;1990-10-04;Cerro Colorado;Arequipa;2024-01-29;No afiliado
1288;Amparo Palacios Dávila;F;2004-10-17;San Martín de Porres;Lima;2024-01-29;Oro
1289;Elena Figueroa Arias;F;1987-05-10;Lima;Lima;2024-01-29;Plata
1290;Sandra Sánchez Suárez;F;1981-08-08;Chiclayo;Lambayeque;2024-01-29;No afiliado
1291;ruperto quijano cruz;M;2000-03-11;Trujillo;La Libertad;2024-01-29;Plata
1292;Marciano Velásquez Chávez;M;1977-02-20;Paita;Piura;2024-01-29;Bronce
1293;Eusebia Arce Carranza;F;1994-04-29;La Esperanza;La Libertad;2024-01-29;Plata
1294;Jesús Escobar García;M;1979-09-26;San Juan de Lurigancho;Lima;2024-01-29;Bronce
1295;Gema Aguirre Trejo;F;1986-01-30;Punchana;Loreto;2024-01-29;No afiliado
1296;ROSA VILCHEZ GÁLVEZ;F;1963-12-01;José Leonardo Ortiz;Lambayeque;2024-01-29;No afiliado
1297;Aurelio Ojeda Requejo;M;1980-10-24;Víctor Larco Herrera;La Libertad;2024-01-29;No afiliado
1298;Laura Torres Dávila;F;2006-10-29;Piura;Piura;2024-01-29;No afiliado
1299;Vega Rosales Zambrano;F;1979-10-12;Comas;Lima;2024-01-29;Plata
1300;rafaela gálvez zapata;F;1976-04-15;San Juan Bautista;Loreto;2024-01-29;Plata
1301;Mauricio Pizarro Villalobos;M;1981-01-11;San Juan de Lurigancho;Lima;2024-01-29;Bronce
1302;Isaac Macedo Coronado;M;1980-07-23;Sullana;Piura;2024-01-29;No afiliado
1303;ESTEFANÍA ZAVALA NIETO;F;1988-08-16;San Jerónimo;Cusco;2024-01-29;No afiliado
1304;Sara Santos Meneses;F;1970-06-29;San Miguel;Lima;2024-01-29;Bronce
1305;Violeta Callirgos Reyna;F;1999-11-09;San Juan de Lurigancho;Lima;2024-01-29;Bronce
1306;Eustaquio Rojas Chávez;M;1988-06-26;Lambayeque;Lambayeque;2024-01-30;Plata
1307;Apolonio González Arias;M;1978-01-13;Miraflores;Lima;2024-01-30;Bronce
1308;Jacobo Carranza Chávez;M;2006-02-05;Víctor Larco Herrera;La Libertad;2024-01-30;No afiliado
1309;Aurora Vega Ojeda;F;1982-11-12;Villa El Salvador;Lima;2024-01-30;Plata
1310;Gisela Matías Sanabria;F;2002-02-20;Belén;Loreto;2024-01-30;Plata
1311;Esteban Ríos Villafuerte;M;1964-02-04;Piura;Piura;2024-01-30;Plata
1312;José Medina Requejo;M;2001-03-18;San Miguel;Lima;2024-01-30;Bronce
1313;soraya trejo delgado;F;2007-02-20;Poroy;Cusco;2024-01-30;Bronce
1314;Zenón Rodríguez Montes;M;1952-02-11;Jesús María;Lima;2024-01-30;No afiliado
1315;Eutiquio Torrico Santos;M;1979-05-29;Cerro Colorado;Arequipa;2024-01-30;No afiliado
1316;EUFEMIA CABELLO ESCOBAR;F;1977-11-09;Paucarpata;Arequipa;2024-01-30;Bronce
1317;Susana Maldonado Aguirre;F;1963-03-10;Villa El Salvador;Lima;2024-01-30;No afiliado
1318;aniceto santos quijano;M;1951-02-21;El Tambo;Junín;2024-01-30;Plata
1319;Martina Campos Palacios;F;1947-07-14;El Porvenir;La Libertad;2024-01-30;Bronce
1320;Luis Medina Ordoñez;M;1955-11-21;Santiago de Surco;Lima;2024-01-30;Bronce
1321;BERTA MUÑIZ CRUZ;F;1989-04-30;Huanchaco;La Libertad;2024-01-30;No afiliado
1322;CEFERINO HURTADO NAVARRETE;M;1987-01-18;San Juan de Lurigancho;Lima;2024-01-30;No afiliado
1323;ALEJANDRINA ARCE ORDÓÑEZ;F;1948-09-10;San Martín de Porres;Lima;2024-01-30;Bronce
1324;Reme Trujillo Gutiérrez;F;1952-08-20;El Porvenir;La Libertad;2024-01-30;Bronce
1325;María Rivera Velásquez;F;1939-06-03;San Juan de Lurigancho;Lima;2024-01-30;No afiliado
1326;Vicenta Rodríguez Portilla;F;1969-06-20;Belén;Loreto;2024-01-30;Plata
1327;Magdalena García Benites;F;1989-12-01;Wanchaq;Cusco;2024-01-30;Oro
1328;Hugo Ugarte Ortega;M;2001-09-06;Ate;Lima;2024-01-30;No afiliado
1329;Blanca Arroyo Galarza;F;1985-12-29;San Martín de Porres;Lima;2024-01-30;Bronce
1330;Martín Matías Villalobos;M;1991-07-29;Trujillo;La Libertad;2024-01-30;No afiliado
1331;genoveva hurtado pacheco;F;1992-11-30;San Juan de Lurigancho;Lima;2024-01-30;No afiliado
1332;Ponciano Villalba Vilchez;M;2002-07-29;Los Olivos;Lima;2024-01-30;Bronce
1333;WILFREDO SANABRIA CALLE;M;1994-11-02;La Esperanza;La Libertad;2024-01-30;No afiliado
1334;Aarón Hurtado Mora;M;1999-08-27;Socabaya;Arequipa;2024-01-30;Bronce
1335;Joel Medina Tejada;M;2005-08-09;José Leonardo Ortiz;Lambayeque;2024-01-30;Bronce
1336;Francisca Salgado Rosales;F;1979-09-12;Paucarpata;Arequipa;2024-01-30;Bronce
1337;marcial loayza velásquez;M;1985-01-17;San Martín de Porres;Lima;2024-01-30;Bronce
1338;Fátima Trujillo Matías;F;1989-03-05;Villa El Salvador;Lima;2024-01-30;Oro
1339;Celso Hurtado Rivera;M;1978-01-06;Ate;Lima;2024-01-30;Oro
1340;Eufemia Rivera Del Carpio;F;1983-07-31;José Luis Bustamante y Rivero;Arequipa;2024-01-30;No afiliado
1341;Francisca Vidal Palacios;F;1992-09-07;Veintiséis de Octubre;Piura;2024-01-30;No afiliado
1342;Aarón Moreno Pizarro;M;1983-03-25;San Juan de Lurigancho;Lima;2024-01-30;Plata
1343;ERASMO MALDONADO ZÚÑIGA;M;1992-07-08;San Martín de Porres;Lima;2024-01-30;Bronce
1344;Julia Padilla Vargas;F;1957-03-12;Los Olivos;Lima;2024-01-30;Bronce
1345;Sergio Zambrano Vargas;M;2005-06-04;José Leonardo Ortiz;Lambayeque;2024-01-30;Oro
1346;Javier Valenzuela Carranza;M;1980-11-05;La Esperanza;La Libertad;2024-01-30;Plata
1347;Gustavo Montes Suárez;M;1945-09-11;Pimentel;Lambayeque;2024-01-30;Bronce
1348;Virginia Villafuerte Salgado;F;1976-01-11;San Juan de Lurigancho;Lima;2024-01-30;Bronce
1349;Aarón Obando Vilca;M;1982-03-18;Paucarpata;Arequipa;2024-01-30;Bronce
1350;RODOLFO ZAMBRANO RODRÍGUEZ;M;1997-05-17;Santiago de Surco;Lima;2024-01-30;No afiliado
1351;celsa rivera ramírez;F;1961-06-18;Pariñas;Piura;2024-01-31;Bronce
1352;Edmundo Navarrete Sánchez;M;1982-01-04;San Juan de Lurigancho;Lima;2024-01-31;No afiliado
1353;Héctor Montes Velásquez;M;1963-06-01;La Esperanza;La Libertad;2024-01-31;No afiliado
1354;Celeste Serna Avendaño;F;1973-03-29;Ate;Lima;2024-01-31;Bronce
1355;Gloria Paredes Paz;F;1984-08-06;San Juan de Lurigancho;Lima;2024-01-31;Plata
1356;TATIANA YUPANQUI VALVERDE;F;1953-01-14;San Juan de Lurigancho;Lima;2024-01-31;Oro
1357;Heriberto Portilla Serna;M;1967-05-03;Reque;Lambayeque;2024-01-31;Bronce
1358;lorena vargas paredes;F;1991-12-20;Ate;Lima;2024-01-31;Bronce
1359;rosa ordóñez pizarro;F;1979-04-04;San Martín de Porres;Lima;2024-01-31;Plata
1360;PEDRO LLERENA BENITES;M;1990-02-01;Sullana;Piura;2024-01-31;Oro
1361;Sinforoso Chávez Cabello;M;1982-02-17;Paucarpata;Arequipa;2024-01-31;No afiliado
1362;Fátima Rivera García;F;1993-01-09;Cerro Colorado;Arequipa;2024-01-31;Bronce
1363;Blas Tejada Cruz;M;2000-09-25;Yurimaguas;Loreto;2024-01-31;No afiliado
1364;LUCAS GALLO PERALTA;M;1983-01-12;Yanahuara;Arequipa;2024-01-31;Plata
1365;Eugenio Matías Villalobos;M;1947-04-28;Los Olivos;Lima;2024-01-31;Bronce
1366;Marcial Llanos Montoya;M;2004-06-01;La Esperanza;La Libertad;2024-01-31;Bronce
1367;Raúl Cabello Mejía;M;1979-10-05;Punchana;Loreto;2024-01-31;No afiliado
1368;Consuelo Montes Escobar;F;1954-05-19;San Martín de Porres;Lima;2024-01-31;No afiliado
1369;Sofía Ordoñez Rodríguez;F;1962-11-22;Ate;Lima;2024-01-31;No afiliado
1370;Rubén Soto Dávila;M;1973-07-20;Chiclayo;Lambayeque;2024-01-31;Bronce
1371;Núria Portilla Rojas;F;1997-02-07;Trujillo;La Libertad;2024-01-31;No afiliado
1372;ADALBERTO ZEBALLOS HURTADO;M;2007-03-29;Los Olivos;Lima;2024-01-31;No afiliado
1373;BAUTISTA CAMPOS VEGA;M;1959-04-02;Pilcomayo;Junín;2024-01-31;Plata
1374;Rosa Paredes Dávila;F;1964-11-12;La Esperanza;La Libertad;2024-01-31;Bronce
1375;Marcos Manrique Vásquez;M;2002-08-22;Sullana;Piura;2024-01-31;No afiliado
1376;Leocadia Rocha Zambrano;F;2004-03-11;Cusco;Cusco;2024-01-31;Bronce
1377;Angustias Maldonado Villalobos;F;1979-04-12;José Leonardo Ortiz;Lambayeque;2024-01-31;Bronce
1378;Aarón Muñoz Merino;M;1993-12-24;Ate;Lima;2024-01-31;Bronce
1379;Emilia Portilla Valenzuela;F;2000-12-26;Sapallanga;Junín;2024-01-31;No afiliado
1380;Erasmo Riveros Galarza;M;1954-07-25;San Juan de Lurigancho;Lima;2024-01-31;No afiliado
1381;Marciano Matías Muñiz;M;1956-06-13;El Porvenir;La Libertad;2024-01-31;Bronce
1382;OSCAR FARRO DOMÍNGUEZ;M;1995-12-01;San Juan de Lurigancho;Lima;2024-01-31;Bronce
1383;Clodomiro Serna Conde;M;1990-04-14;Los Olivos;Lima;2024-01-31;No afiliado
1384;ARANTXA MENESES CAMPOS;F;1999-12-13;El Tambo;Junín;2024-01-31;Bronce
1385;Marcelina Valverde Arias;F;1996-10-15;Villa El Salvador;Lima;2024-01-31;No afiliado
1386;raúl gálvez pacheco;M;1986-11-27;Los Olivos;Lima;2024-01-31;Plata
1387;clodomiro guerrero cruz;M;1997-11-12;Santiago de Surco;Lima;2024-01-31;Bronce
1388;Tomás Valverde Soto;M;1993-06-05;Cerro Colorado;Arequipa;2024-01-31;Plata
1389;Raúl Benites Medina;M;1998-02-23;Chiclayo;Lambayeque;2024-01-31;Bronce
1390;Heriberto Callirgos Trejo;M;1993-06-23;Santiago;Cusco;2024-01-31;No afiliado
1391;Agustín Portilla Farro;M;1995-05-13;El Tambo;Junín;2024-01-31;No afiliado
1392;SORAYA SIERRA MALDONADO;F;1999-01-16;José Leonardo Ortiz;Lambayeque;2024-01-31;Plata
1393;TEOFILA PALACIOS ROCHA;F;1947-02-10;Cerro Colorado;Arequipa;2024-01-31;Oro
1394;estela domínguez delgado;F;1984-12-13;San Juan de Lurigancho;Lima;2024-01-31;Bronce
1395;ENCARNACIÓN FIGUEROA VALLE;F;2004-10-21;Iquitos;Loreto;2024-01-31;No afiliado
1396;Rafael Quijano Chávez;M;2000-07-06;Huancayo;Junín;2024-02-01;Bronce
1397;Gabriela Santos Lozano;F;1942-04-14;Pueblo Libre;Lima;2024-02-01;No afiliado
1398;Eugenio Trejo Requejo;M;1983-01-15;José Leonardo Ortiz;Lambayeque;2024-02-01;No afiliado
1399;Ursula Sanabria Domínguez;F;1975-01-12;Los Olivos;Lima;2024-02-01;No afiliado
1400;Gisela Gallo Zavala;F;2004-12-13;Santiago de Surco;Lima;2024-02-01;No afiliado
1401;Felicidad Montero Padilla;F;1988-07-13;Socabaya;Arequipa;2024-02-01;Plata
1402;Dorotea Ugarte Montes;F;1976-11-11;Jesús María;Lima;2024-02-01;Plata
1403;Luz Machuca Rojas;F;1945-08-17;El Porvenir;La Libertad;2024-02-01;Bronce
1404;RAFAELA VILCHEZ FARRO;F;1992-03-14;Cayma;Arequipa;2024-02-01;No afiliado
1405;Edmundo Delgado Gallo;M;1998-11-23;Pariñas;Piura;2024-02-01;No afiliado
1406;ROBERTO CAMPOS CHÁVEZ;M;2000-03-05;Sullana;Piura;2024-02-01;Plata
1407;fidela garcía riveros;F;1999-07-13;Veintiséis de Octubre;Piura;2024-02-01;Bronce
1408;Lucas Vidal Callirgos;M;1992-03-03;San Juan Bautista;Loreto;2024-02-01;No afiliado
1409;Raúl Calle Valverde;M;1933-03-05;Yurimaguas;Loreto;2024-02-01;Bronce
1410;angela zapata escobar;F;1977-08-13;Chiclayo;Lambayeque;2024-02-01;No afiliado
1411;Blanca Santos Rocha;F;2003-06-09;José Luis Bustamante y Rivero;Arequipa;2024-02-01;Plata
1412;Bartolomé Vásquez Vilca;M;1958-08-23;Veintiséis de Octubre;Piura;2024-02-01;Bronce
1413;Elsa Benites Pérez;F;2003-03-03;Comas;Lima;2024-02-01;Bronce
1414;JAVIER PALACIOS ZAPATA;M;1945-11-03;Santiago de Surco;Lima;2024-02-01;Bronce
1415;Ricardo Santos Ponce;M;2003-10-14;San Juan de Lurigancho;Lima;2024-02-01;Oro
1416;Artemio Martínez Paredes;M;2006-09-11;Yurimaguas;Loreto;2024-02-01;Bronce
1417;Prudencia Sánchez Hernández;F;1961-02-10;Ate;Lima;2024-02-01;Bronce
1418;teofila ugarte figueroa;F;1982-12-31;Comas;Lima;2024-02-01;No afiliado
1419;FELIPE NIETO ROSALES;M;2004-08-24;Trujillo;La Libertad;2024-02-01;Plata
1420;DAMIÁN VALVERDE AGUIRRE;M;1980-04-13;Wanchaq;Cusco;2024-02-01;Bronce
1421;Damián Solano Velásquez;M;1996-10-02;Santiago de Surco;Lima;2024-02-01;Plata
1422;Isidoro Vilchez Cruz;M;1977-10-15;San Martín de Porres;Lima;2024-02-01;Bronce
1423;ventura paredes soto;M;1993-12-12;Catacaos;Piura;2024-02-01;Bronce
1424;Mar Medina Rivera;F;1982-07-09;San Martín de Porres;Lima;2024-02-01;Bronce
1425;Nepomuceno Zambrano Ramírez;M;1986-01-18;Pariñas;Piura;2024-02-01;No afiliado
1426;Atanasio Del Carpio Montoya;M;2002-07-11;Chiclayo;Lambayeque;2024-02-01;No afiliado
1427;Gema Mora Del Carpio;F;1981-02-20;La Esperanza;La Libertad;2024-02-01;Bronce
1428;Juana Montero Jiménez;F;1953-09-29;Pilcomayo;Junín;2024-02-01;Plata
1429;pilar moreno figueroa;F;1985-08-20;San Sebastián;Cusco;2024-02-01;Oro
1430;SALUD VELÁSQUEZ SALGADO;F;1976-01-09;El Tambo;Junín;2024-02-01;Plata
1431;DOLORES PIZARRO ACUÑA;F;1979-11-14;Ate;Lima;2024-02-01;Plata
1432;TEODOSIA ALLCCA ESTRELLA;F;1980-09-21;Trujillo;La Libertad;2024-02-01;No afiliado
1433;Avelino Gálvez Callirgos;M;2004-05-10;Jesús María;Lima;2024-02-01;No afiliado
1434;Tobías Santos Navarrete;M;1962-12-20;Socabaya;Arequipa;2024-02-01;Bronce
1435;ÁLVARO MERINO FUENTES;M;1998-01-11;San Agustín;Junín;2024-02-01;No afiliado
1436;albina santos garcía;F;1998-09-10;El Tambo;Junín;2024-02-01;No afiliado
1437;Esther Galarza Jiménez;F;1978-10-07;Yurimaguas;Loreto;2024-02-01;No afiliado
1438;Trinidad Sánchez Vidal;F;1955-01-17;Pariñas;Piura;2024-02-01;Bronce
1439;Lorena Gutiérrez Moreno;F;1950-04-14;Trujillo;La Libertad;2024-02-01;Bronce
1440;Olegario Maldonado Ugarte;M;1933-12-12;Cerro Colorado;Arequipa;2024-02-01;Bronce
1441;Alfonso Vilchez Delgado;M;1996-08-08;Cerro Colorado;Arequipa;2024-02-02;No afiliado
1442;Leticia Peralta Santos;F;1980-08-27;Iquitos;Loreto;2024-02-02;Oro
1443;leandro gonzález martínez;M;1965-10-09;San Borja;Lima;2024-02-02;No afiliado
1444;Artemio Pizarro Santos;M;1973-06-05;Santiago de Surco;Lima;2024-02-02;Plata
1445;eusebia requejo aguirre;F;1985-08-12;Víctor Larco Herrera;La Libertad;2024-02-02;No afiliado
1446;Ariadna Cruz Lozano;F;1979-12-04;Comas;Lima;2024-02-02;Bronce
1447;Amelia Solano Sánchez;F;1990-12-10;Pariñas;Piura;2024-02-02;Bronce
1448;Wilfredo Cruz Jiménez;M;1978-10-05;San Sebastián;Cusco;2024-02-02;Bronce
1449;Leonor Gallo Solano;F;1995-01-22;La Esperanza;La Libertad;2024-02-02;Plata
1450;arantxa del carpio valenzuela;F;2006-11-04;Comas;Lima;2024-02-02;No afiliado
1451;JOSEFA MONTES ESTRELLA;F;1994-05-06;Comas;Lima;2024-02-02;Plata
1452;Elisa Palacios Valle;F;1990-09-25;Huancayo;Junín;2024-02-02;Bronce
1453;EDMUNDO AMAYA LOZANO;M;1977-11-26;Sullana;Piura;2024-02-02;Bronce
1454;Geremías Ugarte Rivera;M;1988-08-23;Villa El Salvador;Lima;2024-02-02;Bronce
1455;Alba Velásquez Valle;F;1986-07-04;Iquitos;Loreto;2024-02-02;Plata
1456;benjamín sánchez pizarro;M;2002-07-12;Santiago de Surco;Lima;2024-02-02;Plata
1457;sara zúñiga yañez;F;1992-01-25;La Esperanza;La Libertad;2024-02-02;Bronce
1458;anastasia cruz arias;F;2002-03-18;Iquitos;Loreto;2024-02-02;Bronce
1459;Sara Cabello Villalba;F;1994-11-06;Socabaya;Arequipa;2024-02-02;Bronce
1460;Ignacio Sánchez Sánchez;M;1983-12-06;El Porvenir;La Libertad;2024-02-02;Plata
1461;Matías Sierra Benites;M;2005-09-20;Cayma;Arequipa;2024-02-02;Bronce
1462;HÉCTOR CARRANZA ZAMBRANO;M;1970-12-08;Los Olivos;Lima;2024-02-02;Plata
1463;MAURICIO MEDINA AVENDAÑO;M;1977-03-01;El Porvenir;La Libertad;2024-02-02;Bronce
1464;Eufemia Llerena Rocha;F;1943-07-26;Ate;Lima;2024-02-02;No afiliado
1465;María Portilla Domínguez;F;2002-06-20;Víctor Larco Herrera;La Libertad;2024-02-02;Bronce
1466;Federico Lozano Obando;M;1951-08-25;San Juan de Lurigancho;Lima;2024-02-02;No afiliado
1467;Arturo Ortega Campos;M;1988-02-17;Ate;Lima;2024-02-02;No afiliado
1468;ROSA PALACIOS FUENTES;F;1994-10-24;San Martín de Porres;Lima;2024-02-02;Bronce
1469;Celso Sánchez Paz;M;1991-06-16;Castilla;Piura;2024-02-02;No afiliado
1470;Rosario González Rivera;F;1955-07-21;Punchana;Loreto;2024-02-02;No afiliado
1471;josefa paredes allcca;F;1939-04-29;San Martín de Porres;Lima;2024-02-02;No afiliado
1472;Sandra Palomino Cáceres;F;1948-01-09;Veintiséis de Octubre;Piura;2024-02-02;No afiliado
1473;Gracia Arroyo Chávez;F;1989-06-05;Sapallanga;Junín;2024-02-02;Bronce
1474;Consuelo Solano Montes;F;1968-06-14;Wanchaq;Cusco;2024-02-02;Bronce
1475;GUSTAVO GÁLVEZ SOTO;M;1977-06-05;Huanchaco;La Libertad;2024-02-02;No afiliado
1476;Vicenta Zeballos Vilca;F;1984-07-05;Trujillo;La Libertad;2024-02-02;Plata
1477;Darío Villalobos Medina;M;2006-01-30;Trujillo;La Libertad;2024-02-02;No afiliado
1478;Nerea Villalobos Vargas;F;1966-06-07;Iquitos;Loreto;2024-02-02;Bronce
1479;adela nieto yañez;F;2004-05-01;San Juan de Lurigancho;Lima;2024-02-02;Bronce
1480;Celso Ponce Zapata;M;1996-12-03;Cerro Colorado;Arequipa;2024-02-02;Bronce
1481;Joaquín Pizarro Gálvez;M;1981-11-30;San Isidro;Lima;2024-02-02;Bronce
1482;Héctor Valverde Arango;M;1985-06-27;Víctor Larco Herrera;La Libertad;2024-02-02;Plata
1483;aureliano montero salazar;M;1991-12-03;Chiclayo;Lambayeque;2024-02-02;Oro
1484;Cornelio Chávez Vidal;M;1997-09-14;Cerro Colorado;Arequipa;2024-02-02;Bronce
1485;Isidora Pizarro Rodríguez;F;1998-11-04;La Esperanza;La Libertad;2024-02-02;Plata
1486;leticia matías montoya;F;1994-05-07;San Miguel;Lima;2024-02-03;Bronce
1487;Benjamín Lozano Portilla;M;1991-04-14;Requena;Loreto;2024-02-03;Plata
1488;Laura Jara Del Carpio;F;1976-11-06;Piura;Piura;2024-02-03;No afiliado
1489;Rodrigo Alvarado Araujo;M;2006-05-21;Huancán;Junín;2024-02-03;Bronce
1490;MICAELA BRAVO ESCOBAR;F;1989-04-06;Huanchaco;La Libertad;2024-02-03;Plata
1491;Soraya Cruz Villanueva;F;1977-06-16;San Juan de Lurigancho;Lima;2024-02-03;Bronce
1492;CARMEN GÁLVEZ CRUZ;F;1933-02-06;José Luis Bustamante y Rivero;Arequipa;2024-02-03;No afiliado
1493;Samara Trujillo Santos;F;1960-05-01;El Porvenir;La Libertad;2024-02-03;Bronce
1494;Elisa Zambrano Estrella;F;1984-01-07;San Juan de Lurigancho;Lima;2024-02-03;No afiliado
1495;Clara Obando Arango;F;2006-03-02;Socabaya;Arequipa;2024-02-03;Bronce
1496;Serafín Fuentes Palacios;M;1995-04-03;Santiago de Surco;Lima;2024-02-03;Plata
1497;Adela Serna Vargas;F;1966-12-03;Moche;La Libertad;2024-02-03;No afiliado
1498;Remedios Llerena Zúñiga;F;1951-10-05;Requena;Loreto;2024-02-03;Bronce
1499;Demóstenes Torrico Delgado;M;1947-05-05;Sullana;Piura;2024-02-03;Plata
1500;ventura galarza portilla;M;1988-11-16;Trujillo;La Libertad;2024-02-03;Bronce
1501;Raúl Cruz Cruz;M;1965-06-29;Comas;Lima;2024-02-03;No afiliado
1502;Trinidad Valle Tejada;F;2004-02-28;San Martín de Porres;Lima;2024-02-03;Bronce
1503;faustino portilla gallo;M;2000-10-09;Lima;Lima;2024-02-03;No afiliado
1504;MARIO GONZÁLEZ RIVERA;M;2003-03-28;Cerro Colorado;Arequipa;2024-02-03;Bronce
1505;María Peralta Trujillo;F;1967-03-26;Ate;Lima;2024-02-03;Bronce
1506;felicidad santos cabello;F;1987-10-16;Iquitos;Loreto;2024-02-03;No afiliado
1507;Blas Zambrano Gálvez;M;1995-04-15;José Leonardo Ortiz;Lambayeque;2024-02-03;No afiliado
1508;Marcial Aguirre Jiménez;M;2000-09-14;San Martín de Porres;Lima;2024-02-03;No afiliado
1509;fortunato campos martínez;M;1976-06-21;San Martín de Porres;Lima;2024-02-03;Bronce
1510;Eugenio Villalobos Delgado;M;1952-03-30;Sullana;Piura;2024-02-03;Oro
1511;Estela Trejo Ramírez;F;1980-06-08;Chilca;Junín;2024-02-03;Bronce
1512;laura sanabria aguirre;F;1983-03-11;Veintiséis de Octubre;Piura;2024-02-03;No afiliado
1513;VICENTA VELARDE GARCÍA;F;1977-02-16;Chiclayo;Lambayeque;2024-02-03;Plata
1514;Aniceto Alvarado Chávez;M;1942-04-16;Moche;La Libertad;2024-02-03;Bronce
1515;Catalina Merino Calle;F;1988-04-05;San Juan Bautista;Loreto;2024-02-03;No afiliado
1516;maría jara mora;F;1976-02-03;El Porvenir;La Libertad;2024-02-03;Plata
1517;César García Peralta;M;1990-05-22;San Juan Bautista;Loreto;2024-02-03;Plata
1518;Claudia Benites Dávila;F;1972-07-19;San Martín de Porres;Lima;2024-02-03;Oro
1519;RAFAEL CALLE MENDOZA;M;1948-07-02;Cusco;Cusco;2024-02-03;No afiliado
1520;Trinidad Avendaño Cabello;F;1998-06-08;Trujillo;La Libertad;2024-02-03;No afiliado
1521;Felipe Arroyo Montoya;M;1931-11-02;San Juan Bautista;Loreto;2024-02-03;Bronce
1522;Gisela Escalante Salgado;F;1953-04-25;San Juan de Lurigancho;Lima;2024-02-03;Bronce
1523;LORENZO MUÑOZ PONCE;M;1986-10-17;Comas;Lima;2024-02-03;Bronce
1524;leonor garcía galarza;F;1943-06-04;Villa El Salvador;Lima;2024-02-03;Plata
1525;Bernardo Velásquez Araujo;M;1979-05-24;Chilca;Junín;2024-02-03;No afiliado
1526;LORENA PACHECO QUISPE;F;1949-04-06;Cusco;Cusco;2024-02-03;No afiliado
1527;Benjamín Vilca Pizarro;M;1969-12-11;Comas;Lima;2024-02-03;Oro
1528;Fabián Santos Velarde;M;1983-10-29;Yurimaguas;Loreto;2024-02-03;Plata
1529;Celsa Galarza Chávez;F;1994-05-30;Catacaos;Piura;2024-02-03;Bronce
1530;Adriana Quispe Serna;F;2001-06-06;La Esperanza;La Libertad;2024-02-03;No afiliado
1531;Clara Luna Jiménez;F;2001-01-26;El Tambo;Junín;2024-02-04;Plata
1532;Eufemia Santos Medina;F;1980-12-18;San Juan Bautista;Loreto;2024-02-04;No afiliado
1533;Aniceto Gallo Sierra;M;1994-08-03;Requena;Loreto;2024-02-04;No afiliado
1534;eugenia arce vargas;F;1981-03-21;Cusco;Cusco;2024-02-04;Bronce
1535;Arturo Calle Manrique;M;2005-10-20;San Juan de Lurigancho;Lima;2024-02-04;No afiliado
1536;tadeo ramírez callirgos;M;1991-02-24;Lima;Lima;2024-02-04;Plata
1537;aarón vásquez chacón;M;1951-02-18;San Juan de Lurigancho;Lima;2024-02-04;Bronce
1538;Susana Solano Serna;F;1997-03-12;La Esperanza;La Libertad;2024-02-04;Bronce
1539;eugenio amaya villegas;M;1990-05-28;Sullana;Piura;2024-02-04;Bronce
1540;MICAELA ROJAS GÁLVEZ;F;1989-08-14;Veintiséis de Octubre;Piura;2024-02-04;Bronce
1541;Faustino Solano Dávila;M;1993-11-12;Los Olivos;Lima;2024-02-04;Bronce
1542;SALUD MALDONADO VALENZUELA;F;1973-01-16;San Juan de Lurigancho;Lima;2024-02-04;No afiliado
1543;Celso Callirgos Gutiérrez;M;1948-12-25;Cerro Colorado;Arequipa;2024-02-04;Plata
1544;tobías rivera serna;M;1972-06-06;San Juan Bautista;Loreto;2024-02-04;Bronce
1545;Alejandro Amaya Navarrete;M;1992-09-16;Lambayeque;Lambayeque;2024-02-04;Plata
1546;Eva Montes Escalante;F;1984-10-27;Veintiséis de Octubre;Piura;2024-02-04;No afiliado
1547;eva garcía rocha;F;2001-06-29;Miraflores;Lima;2024-02-04;Bronce
1548;Rodrigo Villafuerte Santos;M;1989-09-11;José Leonardo Ortiz;Lambayeque;2024-02-04;Bronce
1549;AZUCENA ESCOBAR AVENDAÑO;F;1972-03-15;Arequipa;Arequipa;2024-02-04;Bronce
1550;Roberto Pacheco Rojas;M;2005-11-16;Cerro Colorado;Arequipa;2024-02-04;Plata
1551;Aarón Ruiz Lozano;M;1999-10-20;Trujillo;La Libertad;2024-02-04;Bronce
1552;Javier Fuentes Ordóñez;M;1926-09-07;Iquitos;Loreto;2024-02-04;Plata
1553;Toribio Rivera Medina;M;1973-07-20;Cerro Colorado;Arequipa;2024-02-04;Bronce
1554;Edmundo Delgado Muñiz;M;2001-06-29;San Sebastián;Cusco;2024-02-04;Bronce
1555;VENTURA BELLO VARGAS;M;1945-08-28;Wanchaq;Cusco;2024-02-04;Bronce
1556;Rubén Portilla Yañez;M;1997-08-16;Huanchaco;La Libertad;2024-02-04;Plata
1557;salud rosales padilla;F;1992-02-19;Sullana;Piura;2024-02-04;No afiliado
1558;Soraya Peralta Paredes;F;1970-11-28;Sullana;Piura;2024-02-04;Bronce
1559;Samuel Portilla Montes;M;1971-05-25;San Jerónimo;Cusco;2024-02-04;Bronce
1560;Rosa Merino Villalobos;F;1953-06-29;Cerro Colorado;Arequipa;2024-02-04;No afiliado
1561;Amparo Paz Portilla;F;1948-01-26;Pueblo Libre;Lima;2024-02-04;No afiliado
1562;leticia chacón solano;F;2006-10-23;Trujillo;La Libertad;2024-02-04;Oro
1563;OIHANA MARTÍNEZ DOMÍNGUEZ;F;1998-04-28;Comas;Lima;2024-02-04;No afiliado
1564;Artemio Gallo Rivera;M;1981-05-30;Santiago de Surco;Lima;2024-02-04;Oro
1565;Consuelo Solano Ojeda;F;2005-04-03;Piura;Piura;2024-02-04;No afiliado
1566;Tamara Campos Rodríguez;F;2005-07-25;Iquitos;Loreto;2024-02-04;Plata
1567;Mercedes Pacheco Arroyo;F;1999-05-03;Comas;Lima;2024-02-04;Plata
1568;Filiberto Ponce Luna;M;1961-06-13;Chiclayo;Lambayeque;2024-02-04;No afiliado
1569;Leandro Zeballos Gálvez;M;1959-11-23;La Esperanza;La Libertad;2024-02-04;No afiliado
1570;JULIA RIVERA ROCHA;F;1996-10-21;Trujillo;La Libertad;2024-02-04;Bronce
1571;Francisco Montes Delgado;M;1954-10-15;Chiclayo;Lambayeque;2024-02-04;Plata
1572;Eutiquio Requejo Chávez;M;1960-01-25;Paita;Piura;2024-02-04;Bronce
1573;SUSANA GARCÍA ZAPATA;F;1998-04-15;Trujillo;La Libertad;2024-02-04;No afiliado
1574;Andrea Llerena Villalobos;F;1958-06-14;Chiclayo;Lambayeque;2024-02-04;Bronce
1575;Fortunato Paredes Pizarro;M;1958-05-04;Veintiséis de Octubre;Piura;2024-02-04;Plata
1576;rafael velásquez soto;M;1962-01-15;Santiago de Surco;Lima;2024-02-05;Plata
1577;Lucas Bello Requejo;M;1982-02-16;Sullana;Piura;2024-02-05;Bronce
1578;Elisa Gamarra Ruiz;F;1992-04-30;Cerro Colorado;Arequipa;2024-02-05;Plata
1579;raquel valverde montoya;F;1998-11-04;José Leonardo Ortiz;Lambayeque;2024-02-05;Bronce
1580;Julio Loayza Cruz;M;1981-09-24;Chiclayo;Lambayeque;2024-02-05;No afiliado
1581;Gabriela Chávez Soto;F;1981-07-26;San Juan Bautista;Loreto;2024-02-05;No afiliado
1582;Fátima Zeballos Benavides;F;1954-10-03;Lambayeque;Lambayeque;2024-02-05;No afiliado
1583;Isaac Aguilar Villalobos;M;2007-03-27;Chiclayo;Lambayeque;2024-02-05;Plata
1584;MARTINA MONTOYA VELÁSQUEZ;F;2000-01-09;Arequipa;Arequipa;2024-02-05;Bronce
1585;Homero Muñiz Farro;M;1977-11-14;San Martín de Porres;Lima;2024-02-05;Bronce
1586;Angustias Trejo Salazar;F;1979-08-21;Pilcomayo;Junín;2024-02-05;Plata
1587;Concepción Zúñiga Maldonado;F;1998-11-23;Cerro Colorado;Arequipa;2024-02-05;No afiliado
1588;Adrián Ríos Serna;M;1946-02-27;Lima;Lima;2024-02-05;No afiliado
1589;Rosario Farro Tejada;F;1996-08-02;Chiclayo;Lambayeque;2024-02-05;Plata
1590;Micaela Delgado González;F;1974-12-09;San Juan de Lurigancho;Lima;2024-02-05;Bronce
1591;marciano matías quispe;M;1977-12-22;José Leonardo Ortiz;Lambayeque;2024-02-05;Oro
1592;Prudencia Manrique Campos;F;2007-11-21;Huancayo;Junín;2024-02-05;No afiliado
1593;BALBINA QUISPE CHÁVEZ;F;2006-03-16;Jesús María;Lima;2024-02-05;Bronce
1594;Amelia Reyna Torres;F;2005-05-19;Iquitos;Loreto;2024-02-05;Oro
1595;Eutiquio Riveros Ortega;M;2007-03-27;Comas;Lima;2024-02-05;Plata
1596;Nepomuceno García Valverde;M;2007-10-17;San Martín de Porres;Lima;2024-02-05;No afiliado
1597;teodosia tejada solano;F;2001-12-04;Comas;Lima;2024-02-05;Bronce
1598;Jesús Pizarro García;M;1979-12-08;Miraflores;Lima;2024-02-05;No afiliado
1599;FRANCISCO MENESES RIVERA;M;1979-07-20;Trujillo;La Libertad;2024-02-05;Bronce
1600;Victoria Gallo Padilla;F;2000-08-25;Iquitos;Loreto;2024-02-05;Bronce
1601;Elsa Paz Riveros;F;1977-11-24;Trujillo;La Libertad;2024-02-05;Plata
1602;Sol Cruz Delgado;F;1975-10-06;Sullana;Piura;2024-02-05;Oro
1603;concepción manrique palacios;F;1991-06-08;El Porvenir;La Libertad;2024-02-05;Plata
1604;Romualdo Santos Galarza;M;2001-02-17;Trujillo;La Libertad;2024-02-05;Bronce
1605;Orestes Valenzuela Serna;M;1990-10-30;Trujillo;La Libertad;2024-02-05;Bronce
1606;AARÓN SANTOS QUIJANO;M;2001-09-04;Santiago;Cusco;2024-02-05;No afiliado
1607;Alejandro Ramírez Luna;M;1958-06-19;San Juan de Lurigancho;Lima;2024-02-05;Oro
1608;Dolores Del Carpio Gálvez;F;1947-07-29;San Isidro;Lima;2024-02-05;Plata
1609;Teodora Rivera Rojas;F;1985-10-03;Lima;Lima;2024-02-05;Bronce
1610;hugo guerrero cáceres;M;1986-01-07;Veintiséis de Octubre;Piura;2024-02-05;Bronce
1611;Emmanuel Rivera Ríos;M;1989-02-10;Trujillo;La Libertad;2024-02-05;Bronce
1612;joel gonzález rosales;M;1952-04-02;Chiclayo;Lambayeque;2024-02-05;Oro
1613;Margarita Estrella Campos;F;1974-02-09;Nauta;Loreto;2024-02-05;Plata
1614;Asunción Ojeda Vidal;F;1984-02-23;San Juan Bautista;Loreto;2024-02-05;No afiliado
1615;SAMARA TEJADA NAVARRETE;F;1952-10-10;Sullana;Piura;2024-02-05;Plata
1616;Lorena Villafuerte Bello;F;1954-10-26;San Martín de Porres;Lima;2024-02-05;Plata
1617;Lucía Cáceres Solano;F;1954-07-20;San Juan de Lurigancho;Lima;2024-02-05;No afiliado
1618;teodosia santos arias;F;1993-03-31;San Juan de Lurigancho;Lima;2024-02-05;No afiliado
1619;Lucrecia Chávez Rivera;F;2005-07-14;San Martín de Porres;Lima;2024-02-05;Bronce
1620;César Machuca Padilla;M;2002-03-06;Santiago de Surco;Lima;2024-02-05;No afiliado
1621;Ursula Estrella Serna;F;1954-05-11;El Tambo;Junín;2024-02-06;No afiliado
1622;Rafael Estrella Luna;M;2007-12-01;Cerro Colorado;Arequipa;2024-02-06;No afiliado
1623;Anabel Vilchez Zambrano;F;1989-04-29;Iquitos;Loreto;2024-02-06;Plata
1624;Aurora Reyna Chávez;F;1969-10-14;San Martín de Porres;Lima;2024-02-06;No afiliado
1625;Efraín Delgado Callirgos;M;2003-04-30;Los Olivos;Lima;2024-02-06;No afiliado
1626;Verónica Callirgos Maldonado;F;2002-02-03;Pariñas;Piura;2024-02-06;Bronce
1627;Gisela Chávez Paredes;F;1988-07-16;Castilla;Piura;2024-02-06;Bronce
1628;Sofía Velásquez Ponce;F;2003-07-21;San Martín de Porres;Lima;2024-02-06;Bronce
1629;Justo Palacios Arias;M;2007-08-25;Comas;Lima;2024-02-06;No afiliado
1630;Sinforoso Zambrano Villafuerte;M;2001-11-06;Paucarpata;Arequipa;2024-02-06;Oro
1631;Vicente Calderón Villafuerte;M;2004-05-06;Castilla;Piura;2024-02-06;No afiliado
1632;salud del carpio zambrano;F;1993-08-29;Punchana;Loreto;2024-02-06;Bronce
1633;Salvador Paredes Pacheco;M;1967-02-20;Cusco;Cusco;2024-02-06;Bronce
1634;Faustino Rosales Delgado;M;1976-09-19;Comas;Lima;2024-02-06;Bronce
1635;MARGARITA PALOMINO RAMÍREZ;F;1987-04-09;Paucarpata;Arequipa;2024-02-06;No afiliado
1636;Paz Calle Cruz;F;1976-04-14;Castilla;Piura;2024-02-06;Oro
1637;Samuel Santos Rojas;M;1992-12-16;Castilla;Piura;2024-02-06;Bronce
1638;Avelino Escobar Pacheco;M;1954-09-13;San Sebastián;Cusco;2024-02-06;Oro
1639;Amparo Gallo Salgado;F;1976-05-31;Punchana;Loreto;2024-02-06;No afiliado
1640;Luis Reyna Vega;M;2005-04-08;Ate;Lima;2024-02-06;Bronce
1641;Trinidad Palacios Martínez;F;1973-05-03;Chiclayo;Lambayeque;2024-02-06;Plata
1642;Gisela Vega Chávez;F;1976-09-17;Comas;Lima;2024-02-06;No afiliado
1643;Fortunato González Trujillo;M;1939-09-21;San Juan de Lurigancho;Lima;2024-02-06;No afiliado
1644;Zenón Rojas Escobar;M;1977-04-16;San Martín de Porres;Lima;2024-02-06;Bronce
1645;EDMUNDO CRUZ VARGAS;M;1997-06-27;San Sebastián;Cusco;2024-02-06;Bronce
1646;Lucas Maldonado Tejada;M;2005-12-11;Belén;Loreto;2024-02-06;No afiliado
1647;EUFEMIA RAMÍREZ FARRO;F;1997-11-07;Paucarpata;Arequipa;2024-02-06;Bronce
1648;Rodolfo Montoya Conde;M;1972-05-28;Santiago de Surco;Lima;2024-02-06;No afiliado
1649;Rosario Escobar Solano;F;2001-12-15;San Sebastián;Cusco;2024-02-06;No afiliado
1650;faustino cornejo zúñiga;M;2000-04-25;Chiclayo;Lambayeque;2024-02-06;Bronce
1651;Romana Gallo Cruz;F;2003-09-28;Los Olivos;Lima;2024-02-06;Oro
1652;CLAUDIA VILLANUEVA VILLAFUERTE;F;1978-10-03;El Porvenir;La Libertad;2024-02-06;Bronce
1653;EMILIO AVENDAÑO VILLALOBOS;M;1960-07-13;Castilla;Piura;2024-02-06;No afiliado
1654;Federico Ugarte Meneses;M;1978-12-23;Comas;Lima;2024-02-06;No afiliado
1655;Pedro Ugarte Paredes;M;1984-09-12;Trujillo;La Libertad;2024-02-06;No afiliado
1656;tadeo arias delgado;M;1946-07-24;Chiclayo;Lambayeque;2024-02-06;Bronce
1657;celina santos vilca;F;1967-05-04;Trujillo;La Libertad;2024-02-06;Bronce
1658;Francisco Montes Escalante;M;1988-04-17;San Jerónimo;Cusco;2024-02-06;Bronce
1659;crispina nieto medina;F;1986-09-19;Arequipa;Arequipa;2024-02-06;No afiliado
1660;Aureliano Medina Trujillo;M;1972-11-27;Santiago;Cusco;2024-02-06;Bronce
1661;Laureano Acuña Ugarte;M;2002-12-18;Comas;Lima;2024-02-06;No afiliado
1662;EMILIA BENAVIDES SANTOS;F;2003-08-30;San Juan de Lurigancho;Lima;2024-02-06;Bronce
1663;Elisa Matías Gálvez;F;1960-06-18;Lambayeque;Lambayeque;2024-02-06;Bronce
1664;romana quispe quijano;F;2007-04-06;Cerro Colorado;Arequipa;2024-02-06;Bronce
1665;Lucio Escobar Delgado;M;1984-06-22;Florencia de Mora;La Libertad;2024-02-06;No afiliado
1666;Isidora Delgado Delgado;F;1996-05-25;Cerro Colorado;Arequipa;2024-02-07;Bronce
1667;Arturo Avendaño Rojas;M;1955-04-14;Cerro Colorado;Arequipa;2024-02-07;No afiliado
1668;Gumersindo Figueroa Zúñiga;M;1979-06-11;San Martín de Porres;Lima;2024-02-07;No afiliado
1669;Marciano Moreno Delgado;M;1946-03-23;José Luis Bustamante y Rivero;Arequipa;2024-02-07;Bronce
1670;Filiberto Llerena Alvarado;M;1970-07-17;Arequipa;Arequipa;2024-02-07;No afiliado
1671;Pedro Delgado Palacios;M;1993-12-16;Punchana;Loreto;2024-02-07;Plata
1672;Blanca Villalobos Portilla;F;1947-04-28;San Juan Bautista;Loreto;2024-02-07;Bronce
1673;GABRIELA RÍOS SERNA;F;1985-03-30;Trujillo;La Libertad;2024-02-07;Oro
1674;Lucía Soto Palacios;F;1970-04-10;Paita;Piura;2024-02-07;No afiliado
1675;Soraya Solano Cáceres;F;1960-09-21;Trujillo;La Libertad;2024-02-07;Plata
1676;DAMIÁN PORTILLA TELLO;M;2006-07-13;Yurimaguas;Loreto;2024-02-07;Plata
1677;GISELA ARIAS TREJO;F;2003-12-23;La Esperanza;La Libertad;2024-02-07;No afiliado
1678;Aarón Portilla Bustos;M;2004-10-20;Belén;Loreto;2024-02-07;Bronce
1679;TRINIDAD LLERENA NIETO;F;1942-09-16;Lambayeque;Lambayeque;2024-02-07;Plata
1680;Darío Loayza Bravo;M;2006-12-30;Los Olivos;Lima;2024-02-07;No afiliado
1681;Benjamín Arias Montero;M;1980-08-01;Castilla;Piura;2024-02-07;No afiliado
1682;Micaela Conde Villafuerte;F;2001-12-17;Víctor Larco Herrera;La Libertad;2024-02-07;Oro
1683;Laura Tejada Velásquez;F;1954-10-15;Sullana;Piura;2024-02-07;Plata
1684;Samara Sánchez Dávila;F;2002-10-24;La Victoria;Lambayeque;2024-02-07;Bronce
1685;Hugo Benites Lozano;M;1968-04-30;Castilla;Piura;2024-02-07;Plata
1686;Romana Suárez Macedo;F;1992-01-09;Santiago de Surco;Lima;2024-02-07;Bronce
1687;ainhoa portilla santos;F;1958-03-19;La Esperanza;La Libertad;2024-02-07;No afiliado
1688;Marisa Arias Zúñiga;F;1984-03-07;Socabaya;Arequipa;2024-02-07;Bronce
1689;Feliciana Lozano Sierra;F;1929-06-19;Víctor Larco Herrera;La Libertad;2024-02-07;Bronce
1690;JESÚS VILCA AMAYA;M;2002-10-20;Los Olivos;Lima;2024-02-07;Plata
1691;EMMANUEL VILLAFUERTE PONCE;M;1954-10-09;Cayma;Arequipa;2024-02-07;Plata
1692;Alcides Estrella Cruz;M;2000-01-15;Paita;Piura;2024-02-07;No afiliado
1693;Eufemia Montes Zambrano;F;1991-06-07;El Porvenir;La Libertad;2024-02-07;No afiliado
1694;Sergio Martínez Tejada;M;1971-07-05;Miraflores;Lima;2024-02-07;No afiliado
1695;Trinidad Solano Vilca;F;2002-03-16;El Tambo;Junín;2024-02-07;Bronce
1696;Teodosia Cáceres Muñiz;F;1965-06-02;Trujillo;La Libertad;2024-02-07;No afiliado
1697;INMACULADA DÁVILA VILCHEZ;F;1991-05-01;Cerro Colorado;Arequipa;2024-02-07;Bronce
1698;Reme Palacios Solano;F;1952-01-03;San Agustín;Junín;2024-02-07;Oro
1699;Alonso Delgado Galarza;M;2005-08-14;Pariñas;Piura;2024-02-07;No afiliado
1700;Maximiliano Villafuerte Paredes;M;2001-01-04;Comas;Lima;2024-02-07;Plata
1701;Fidel Santos Valenzuela;M;1998-09-16;Iquitos;Loreto;2024-02-07;Bronce
1702;PAULINA VARGAS MORENO;F;1956-01-29;Trujillo;La Libertad;2024-02-07;Plata
1703;LAURA GALLO VILLALOBOS;F;1991-04-12;San Martín de Porres;Lima;2024-02-07;No afiliado
1704;jesús gallo ramírez;M;1998-04-07;Los Olivos;Lima;2024-02-07;Plata
1705;ursula soto yupanqui;F;1969-11-04;Villa El Salvador;Lima;2024-02-07;No afiliado
1706;Salud Ruiz Santos;F;1977-10-19;La Esperanza;La Libertad;2024-02-07;Bronce
1707;nepomuceno ruiz villalba;M;1992-07-01;Yurimaguas;Loreto;2024-02-07;Bronce
1708;SOL SOLANO CARRANZA;F;1999-02-14;San Juan de Lurigancho;Lima;2024-02-07;Bronce
1709;Brayan Chávez Reyna;M;1979-04-20;Chiclayo;Lambayeque;2024-02-07;Bronce
1710;Marcos Medina Gálvez;M;1988-06-26;Piura;Piura;2024-02-07;No afiliado
1711;NÚRIA SANTOS QUIJANO;F;1961-02-24;Huanchaco;La Libertad;2024-02-08;Plata
1712;Margarita Ruiz Montes;F;1984-01-21;San Sebastián;Cusco;2024-02-08;Plata
1713;GISELA VALLE VELÁSQUEZ;F;1994-08-09;Socabaya;Arequipa;2024-02-08;Bronce
1714;lucas velásquez tejada;M;1991-11-04;Comas;Lima;2024-02-08;No afiliado
1715;TOBÍAS SANABRIA PORTILLA;M;1956-09-11;San Agustín;Junín;2024-02-08;Oro
1716;Pastora Torres Gallo;F;1998-01-11;San Miguel;Lima;2024-02-08;Plata
1717;Teodora Portilla Salgado;F;2004-09-24;San Agustín;Junín;2024-02-08;Bronce
1718;rosa jiménez mora;F;1993-07-21;José Leonardo Ortiz;Lambayeque;2024-02-08;Oro
1719;sofía hernández cáceres;F;2005-08-19;La Esperanza;La Libertad;2024-02-08;No afiliado
1720;Virginia Ramírez Macedo;F;1992-09-05;Iquitos;Loreto;2024-02-08;No afiliado
1721;SERGIO ARANGO MONTOYA;M;1998-03-09;Pilcomayo;Junín;2024-02-08;Bronce
1722;Leonor Pizarro Reyna;F;2001-09-08;San Martín de Porres;Lima;2024-02-08;Plata
1723;Fidela Ramírez Mejía;F;1990-10-28;San Martín de Porres;Lima;2024-02-08;No afiliado
1724;LAURA LOZANO CHÁVEZ;F;1958-07-02;Santiago;Cusco;2024-02-08;Bronce
1725;JACOBO LLERENA MALDONADO;M;2001-01-14;Cerro Colorado;Arequipa;2024-02-08;No afiliado
1726;Adalberto Cabello Arroyo;M;1958-11-11;San Miguel;Lima;2024-02-08;No afiliado
1727;amelia benites villalobos;F;2003-05-01;Pariñas;Piura;2024-02-08;No afiliado
1728;Carlos García Macedo;M;2000-02-15;Yanahuara;Arequipa;2024-02-08;Bronce
1729;Felipe Ojeda Machuca;M;1985-07-16;La Victoria;Lambayeque;2024-02-08;No afiliado
1730;Arantxa Luna Cruz;F;1931-11-07;El Porvenir;La Libertad;2024-02-08;No afiliado
1731;TOMASA JIMÉNEZ UGARTE;F;1953-10-03;San Isidro;Lima;2024-02-08;Plata
1732;Esteban Reyna Ojeda;M;1969-01-05;Trujillo;La Libertad;2024-02-08;No afiliado
1733;restituto rodríguez ramírez;M;1947-04-17;Huanchaco;La Libertad;2024-02-08;Plata
1734;MARISA PORTILLA PALACIOS;F;2002-05-28;Sullana;Piura;2024-02-08;Plata
1735;Eufemia Tejada Muñoz;F;1983-04-24;Piura;Piura;2024-02-08;No afiliado
1736;ENCARNACIÓN QUISPE ZÚÑIGA;F;1963-10-27;Veintiséis de Octubre;Piura;2024-02-08;Bronce
1737;Marciano Cruz Manrique;M;1986-10-13;La Esperanza;La Libertad;2024-02-08;Bronce
1738;FELICIDAD GARCÍA TORRICO;F;2000-12-22;El Tambo;Junín;2024-02-08;Bronce
1739;AZUCENA DEL CARPIO VALVERDE;F;1989-12-13;Miraflores;Lima;2024-02-08;Bronce
1740;rafaela padilla carranza;F;1976-04-16;San Juan de Lurigancho;Lima;2024-02-08;Bronce
1741;Blanca Domínguez Portilla;F;1998-09-27;Ate;Lima;2024-02-08;No afiliado
1742;Alba Ugarte Villalba;F;1963-05-02;Chiclayo;Lambayeque;2024-02-08;No afiliado
1743;Joaquín Estrella Soto;M;2003-04-04;San Juan de Lurigancho;Lima;2024-02-08;Plata
1744;isidoro cabello quijano;M;1969-04-22;Santiago;Cusco;2024-02-08;Plata
1745;Olegario Solano Trujillo;M;1995-11-09;Cusco;Cusco;2024-02-08;Plata
1746;Nepomuceno Chávez Dávila;M;2005-07-04;Arequipa;Arequipa;2024-02-08;Bronce
1747;Aniceto Estrella Rivera;M;1987-07-04;Trujillo;La Libertad;2024-02-08;Bronce
1748;boris reyna estrella;M;1947-08-26;Sullana;Piura;2024-02-08;No afiliado
1749;Bianca Dávila Zapata;F;1979-10-16;Huanchaco;La Libertad;2024-02-08;Oro
1750;Orestes Rocha Muñiz;M;1982-11-20;Cerro Colorado;Arequipa;2024-02-08;Bronce
1751;amelia maldonado domínguez;F;2002-05-22;José Leonardo Ortiz;Lambayeque;2024-02-08;Plata
1752;Maximiliano Gálvez Paredes;M;2001-09-28;La Esperanza;La Libertad;2024-02-08;No afiliado
1753;rafaela rojas gallo;F;1962-05-19;La Esperanza;La Libertad;2024-02-08;Bronce
1754;Héctor Montalvo Suárez;M;1962-01-23;Huanchaco;La Libertad;2024-02-08;No afiliado
1755;Balbina Gálvez Amaya;F;1983-11-11;Florencia de Mora;La Libertad;2024-02-08;Bronce
1756;Natalia Loayza González;F;1944-08-17;Piura;Piura;2024-02-09;Bronce
1757;Baltasar Bravo Valverde;M;1975-03-06;Trujillo;La Libertad;2024-02-09;No afiliado
1758;Arantxa Cruz Cruz;F;2005-01-31;Veintiséis de Octubre;Piura;2024-02-09;Plata
1759;FABIÁN TEJADA GALLO;M;2003-12-24;La Esperanza;La Libertad;2024-02-09;No afiliado
1760;Wilfredo Villalobos Arias;M;1961-12-30;Arequipa;Arequipa;2024-02-09;No afiliado
1761;dorotea machuca sánchez;F;2005-10-24;Castilla;Piura;2024-02-09;No afiliado
1762;Edmundo Zúñiga Valenzuela;M;1971-12-20;Miraflores;Lima;2024-02-09;Plata
1763;Catalina Reyna Calle;F;1981-12-07;Belén;Loreto;2024-02-09;Bronce
1764;Néstor Aguilar Cáceres;M;1952-11-17;Veintiséis de Octubre;Piura;2024-02-09;Plata
1765;Víctor Estrella Estrella;M;1986-07-29;Punchana;Loreto;2024-02-09;No afiliado
1766;Sol Macedo Amaya;F;2004-07-04;San Miguel;Lima;2024-02-09;Bronce
1767;EUGENIO ARCE TORRES;M;1988-02-22;Punchana;Loreto;2024-02-09;Bronce
1768;Ruperto Matías Sanabria;M;1985-09-19;José Luis Bustamante y Rivero;Arequipa;2024-02-09;Bronce
1769;CORNELIO PIZARRO VILLALOBOS;M;1995-11-21;Trujillo;La Libertad;2024-02-09;Bronce
1770;bernarda calle benites;F;1973-05-09;Reque;Lambayeque;2024-02-09;Plata
1771;Clara Zeballos Hernández;F;1993-11-10;Sapallanga;Junín;2024-02-09;Bronce
1772;ENRIQUE CHÁVEZ VILLALOBOS;M;1977-01-26;San Juan de Lurigancho;Lima;2024-02-09;Bronce
1773;Atanasio Mendoza Avendaño;M;1996-04-29;San Isidro;Lima;2024-02-09;Oro
1774;Catalina Miranda Lozano;F;1993-08-28;Castilla;Piura;2024-02-09;Bronce
1775;María Montes Zambrano;F;1973-04-27;Iquitos;Loreto;2024-02-09;No afiliado
1776;FELICIANA RAMÍREZ VALVERDE;F;1990-08-24;La Esperanza;La Libertad;2024-02-09;No afiliado
1777;RAQUEL MORENO DÁVILA;F;1999-10-21;Cayma;Arequipa;2024-02-09;Plata
1778;Heriberto Del Carpio Rocha;M;1999-06-16;Huanchaco;La Libertad;2024-02-09;No afiliado
1779;Asunción Macedo Pizarro;F;1971-03-16;Punchana;Loreto;2024-02-09;No afiliado
1780;Joaquín García Domínguez;M;1976-07-11;Jesús María;Lima;2024-02-09;No afiliado
1781;FROILÁN QUISPE RAMÍREZ;M;2003-07-14;San Juan de Lurigancho;Lima;2024-02-09;Bronce
1782;Erik Velásquez Rojas;M;1949-05-29;San Juan de Lurigancho;Lima;2024-02-09;Bronce
1783;Monserrat Montero Valenzuela;F;1983-01-31;Chiclayo;Lambayeque;2024-02-09;Bronce
1784;EPIFANIO LLERENA GARCÍA;M;1950-04-23;El Porvenir;La Libertad;2024-02-09;Bronce
1785;FILOMENA GALLO REYNA;F;1981-04-19;Pariñas;Piura;2024-02-09;No afiliado
1786;trinidad garcía macedo;F;1967-11-15;Pueblo Libre;Lima;2024-02-09;No afiliado
1787;Gloria Maldonado Calderón;F;1969-09-18;San Juan de Lurigancho;Lima;2024-02-09;No afiliado
1788;Gabriela Salazar Velásquez;F;1993-09-07;Belén;Loreto;2024-02-09;No afiliado
1789;Gregorio Coronado Tejada;M;2000-02-08;Socabaya;Arequipa;2024-02-09;No afiliado
1790;MELITÓN PALACIOS VALLE;M;1993-05-16;San Juan de Lurigancho;Lima;2024-02-09;Bronce
1791;HERIBERTO MARTÍNEZ PALOMINO;M;1991-02-24;El Porvenir;La Libertad;2024-02-09;No afiliado
1792;Albina Amaya García;F;1997-02-24;San Juan Bautista;Loreto;2024-02-09;No afiliado
1793;Adrián Alvarado Velásquez;M;1994-04-05;Yurimaguas;Loreto;2024-02-09;Plata
1794;Moisés Muñoz Obando;M;1978-05-21;Huanchaco;La Libertad;2024-02-09;Plata
1795;Erik Acuña Moreno;M;1945-06-25;El Porvenir;La Libertad;2024-02-09;Bronce
1796;Hugo Velásquez Navarrete;M;1959-03-31;Castilla;Piura;2024-02-09;No afiliado
1797;Sara Delgado Quispe;F;1975-06-27;Trujillo;La Libertad;2024-02-09;Bronce
1798;Atanasio Pizarro Aguirre;M;1972-11-21;La Victoria;Lambayeque;2024-02-09;No afiliado
1799;eugenio escalante campos;M;1971-02-26;Cerro Colorado;Arequipa;2024-02-09;Bronce
1800;Elsa Gutiérrez Santos;F;1983-11-12;San Juan Bautista;Loreto;2024-02-09;Plata
1801;Ubaldo Vargas Ordoñez;M;1980-02-19;San Juan Bautista;Loreto;2024-02-10;Plata
1802;Clodomiro Vilca Sanabria;M;1995-09-10;San Juan de Lurigancho;Lima;2024-02-10;Bronce
1803;Elsa Miranda Acuña;F;2005-11-29;San Juan de Lurigancho;Lima;2024-02-10;No afiliado
1804;Estefanía Arias Merino;F;1974-11-10;San Martín de Porres;Lima;2024-02-10;No afiliado
1805;Aniceto Pizarro Valverde;M;2001-10-02;Punchana;Loreto;2024-02-10;Plata
1806;Teodosia Padilla Conde;F;1999-11-06;La Esperanza;La Libertad;2024-02-10;No afiliado
1807;Laura Santos Serna;F;1997-10-13;La Esperanza;La Libertad;2024-02-10;Plata
1808;Gabriela Villafuerte Aguilar;F;1959-04-21;Sullana;Piura;2024-02-10;Plata
1809;apolonio vidal gamarra;M;2000-06-13;Santiago;Cusco;2024-02-10;Bronce
1810;Eugenia Avendaño Zúñiga;F;1963-05-07;Piura;Piura;2024-02-10;Bronce
1811;Balbina Portilla Dávila;F;1996-05-24;Cusco;Cusco;2024-02-10;Bronce
1812;Anabel Montes Zúñiga;F;1987-10-03;San Sebastián;Cusco;2024-02-10;Oro
1813;CATALINA MATÍAS LOZANO;F;2002-12-09;Santiago de Surco;Lima;2024-02-10;Plata
1814;Alfonso Villalba Yupanqui;M;1961-05-03;Paita;Piura;2024-02-10;Plata
1815;ALFONSO GUERRERO ROCHA;M;2005-09-14;Trujillo;La Libertad;2024-02-10;Bronce
1816;Ubaldo Matías Requejo;M;1980-03-02;Trujillo;La Libertad;2024-02-10;No afiliado
1817;Tomasa Chávez Arias;F;1990-05-11;Iquitos;Loreto;2024-02-10;Plata
1818;Rocío Arias Sánchez;F;2002-10-02;Huancán;Junín;2024-02-10;No afiliado
1819;Martina Moreno Benavides;F;1984-11-14;Miraflores;Lima;2024-02-10;Bronce
1820;Edmundo Escalante Lozano;M;1977-11-28;Comas;Lima;2024-02-10;Plata
1821;Ventura Carranza Rivera;M;1992-09-23;La Victoria;Lambayeque;2024-02-10;No afiliado
1822;Lucas Villafuerte Dávila;M;1958-04-22;San Juan de Lurigancho;Lima;2024-02-10;Plata
1823;MARIO PONCE RAMÍREZ;M;1945-10-12;José Leonardo Ortiz;Lambayeque;2024-02-10;Bronce
1824;Eduardo Velásquez Acuña;M;1967-03-23;Socabaya;Arequipa;2024-02-10;No afiliado
1825;Laura Rivera Rivera;F;1974-11-22;Pariñas;Piura;2024-02-10;Bronce
1826;Filemón Escobar Maldonado;M;1978-05-06;Paucarpata;Arequipa;2024-02-10;Plata
1827;Guillermo Carranza Serna;M;2005-01-23;Florencia de Mora;La Libertad;2024-02-10;Bronce
1828;Horacio Lozano Estrella;M;1993-10-07;Pueblo Libre;Lima;2024-02-10;Bronce
1829;restituto montes montoya;M;1953-12-31;Santiago;Cusco;2024-02-10;Plata
1830;Pablo Rosales Serna;M;1977-06-29;La Esperanza;La Libertad;2024-02-10;Bronce
1831;Geremías Velarde Del Carpio;M;1955-04-29;Cusco;Cusco;2024-02-10;Plata
1832;Sol Valenzuela Valverde;F;2006-10-15;Catacaos;Piura;2024-02-10;No afiliado
1833;Celso Gálvez Ruiz;M;1991-01-09;La Esperanza;La Libertad;2024-02-10;Bronce
1834;Gisela Villanueva Torres;F;1956-09-03;San Miguel;Lima;2024-02-10;Bronce
1835;Herminia Solano Carranza;F;1967-11-23;San Juan de Lurigancho;Lima;2024-02-10;No afiliado
1836;Isidora Chávez Chávez;F;1990-07-11;Ate;Lima;2024-02-10;No afiliado
1837;Albina Lozano Nieto;F;1998-10-17;Veintiséis de Octubre;Piura;2024-02-10;No afiliado
1838;Francisco Sanabria Cruz;M;1999-01-06;Cerro Colorado;Arequipa;2024-02-10;Plata
1839;Orlando Velásquez Zapata;M;1960-08-27;Cayma;Arequipa;2024-02-10;No afiliado
1840;Alonso Benites Villafuerte;M;1985-01-23;Víctor Larco Herrera;La Libertad;2024-02-10;Plata
1841;Trinidad Hurtado Delgado;F;1992-10-28;Punchana;Loreto;2024-02-10;Oro
1842;Marcial Pacheco Solano;M;1986-11-17;San Juan de Lurigancho;Lima;2024-02-10;No afiliado
1843;Sabina Soto Reyna;F;1960-03-15;San Miguel;Lima;2024-02-10;No afiliado
1844;Heriberto Velásquez Montes;M;1957-03-21;Sapallanga;Junín;2024-02-10;No afiliado
1845;ARIADNA CHAMBI HURTADO;F;2006-12-18;San Borja;Lima;2024-02-10;No afiliado
1846;EVARISTO CHÁVEZ CÁCERES;M;1947-10-02;Paita;Piura;2024-02-11;Bronce
1847;Salud Ordoñez Aguirre;F;1990-11-03;Ate;Lima;2024-02-11;Bronce
1848;Rodrigo Guerrero Macedo;M;2000-12-24;José Leonardo Ortiz;Lambayeque;2024-02-11;Bronce
1849;Isaac Vidal Chambi;M;1951-01-29;Veintiséis de Octubre;Piura;2024-02-11;Bronce
1850;Lorenzo Valverde Ríos;M;1998-05-31;San Martín de Porres;Lima;2024-02-11;Plata
1851;Verónica Gallo Montes;F;1946-12-01;Punchana;Loreto;2024-02-11;Oro
1852;Vicenta Rodríguez Valenzuela;F;1949-12-13;Trujillo;La Libertad;2024-02-11;Bronce
1853;EDMUNDO CHÁVEZ MANRIQUE;M;1994-10-28;Cusco;Cusco;2024-02-11;Plata
1854;Mar Alvarado Medina;F;1954-11-23;Castilla;Piura;2024-02-11;No afiliado
1855;Herminia Paredes Navarrete;F;1984-04-11;La Esperanza;La Libertad;2024-02-11;Oro
1856;PAULINA VARGAS SÁNCHEZ;F;1992-05-27;Chilca;Junín;2024-02-11;Bronce
1857;apolonio hurtado villalba;M;1981-11-06;La Victoria;Lambayeque;2024-02-11;Bronce
1858;hugo dávila arias;M;1952-09-01;San Sebastián;Cusco;2024-02-11;Oro
1859;Victoria Obando Tejada;F;2006-10-05;San Juan de Lurigancho;Lima;2024-02-11;No afiliado
1860;DARÍO YUPANQUI VALENZUELA;M;1986-09-10;Veintiséis de Octubre;Piura;2024-02-11;Oro
1861;Néstor Mora Domínguez;M;1973-06-18;Santiago;Cusco;2024-02-11;No afiliado
1862;Eutiquio Loayza Rojas;M;1986-11-28;Moche;La Libertad;2024-02-11;Bronce
1863;eustaquio vidal valenzuela;M;1977-06-19;Castilla;Piura;2024-02-11;Plata
1864;Baltasar Del Carpio Gallo;M;2000-08-03;Trujillo;La Libertad;2024-02-11;Bronce
1865;CELINA REYNA CHACÓN;F;1998-11-08;San Juan de Lurigancho;Lima;2024-02-11;No afiliado
1866;JOAQUÍN HURTADO MONTOYA;M;1958-07-25;El Porvenir;La Libertad;2024-02-11;Oro
1867;María Mendieta Carranza;F;1988-02-10;La Victoria;Lambayeque;2024-02-11;Oro
1868;apolonio delgado trujillo;M;1996-05-28;San Martín de Porres;Lima;2024-02-11;Bronce
1869;Reme Pizarro Rivera;F;1951-12-12;Requena;Loreto;2024-02-11;Bronce
1870;aarón lozano gómez;M;2005-09-27;San Miguel;Lima;2024-02-11;Bronce
1871;Nerea Matías Tejada;F;1956-06-20;Santiago;Cusco;2024-02-11;Bronce
1872;Ulises Villalobos Muñoz;M;1996-06-02;Chiclayo;Lambayeque;2024-02-11;No afiliado
1873;Rodrigo Estrella García;M;1977-03-06;Paita;Piura;2024-02-11;Plata
1874;MELITÓN MALDONADO DELGADO;M;2003-11-22;Wanchaq;Cusco;2024-02-11;Bronce
1875;Natalia Arango Villafuerte;F;1946-02-27;San Juan de Lurigancho;Lima;2024-02-11;Bronce
1876;Eugenio Zambrano Aguirre;M;2004-11-26;Trujillo;La Libertad;2024-02-11;Bronce
1877;Pedro García Macedo;M;1996-09-11;Miraflores;Lima;2024-02-11;Bronce
1878;Santiago Bello Ramírez;M;1994-06-27;José Leonardo Ortiz;Lambayeque;2024-02-11;Bronce
1879;Susana Chávez Maldonado;F;1942-09-19;Santiago de Surco;Lima;2024-02-11;Bronce
1880;TAMARA AMAYA SOLANO;F;2005-11-10;San Miguel;Lima;2024-02-11;Bronce
1881;TATIANA MALDONADO PALACIOS;F;1968-08-25;Ate;Lima;2024-02-11;No afiliado
1882;Ulises Zúñiga Valenzuela;M;1975-06-05;San Martín de Porres;Lima;2024-02-11;Bronce
1883;Benjamín Salazar Araujo;M;2006-10-21;Yurimaguas;Loreto;2024-02-11;No afiliado
1884;Abel Velásquez Sánchez;M;1994-09-16;Arequipa;Arequipa;2024-02-11;Plata
1885;Susana Montero Maldonado;F;1941-09-30;Santiago de Surco;Lima;2024-02-11;Bronce
1886;Teodosia Cáceres Santos;F;2003-02-03;Iquitos;Loreto;2024-02-11;No afiliado
1887;aniceto requejo trejo;M;1955-04-26;Trujillo;La Libertad;2024-02-11;Plata
1888;ELISA PORTILLA CONDE;F;1997-10-19;El Tambo;Junín;2024-02-11;No afiliado
1889;Clara Benavides Rosales;F;1997-06-19;Arequipa;Arequipa;2024-02-11;Plata
1890;Alejandro Carranza Farro;M;2003-11-26;San Martín de Porres;Lima;2024-02-11;Plata
1891;ALBINA LLERENA CHÁVEZ;F;1985-09-18;Santiago de Surco;Lima;2024-02-12;No afiliado
1892;Alba Domínguez Carranza;F;1982-05-28;Paucarpata;Arequipa;2024-02-12;Bronce
1893;Benjamín Domínguez Montalvo;M;2007-12-11;Santiago;Cusco;2024-02-12;Bronce
1894;fátima navarrete rivera;F;1967-07-23;Cusco;Cusco;2024-02-12;No afiliado
1895;Blanca Matías Bustos;F;1981-05-12;Catacaos;Piura;2024-02-12;No afiliado
1896;Clodomiro Arce Moreno;M;2000-10-14;Comas;Lima;2024-02-12;Bronce
1897;verónica villafuerte cruz;F;1974-05-27;San Juan de Lurigancho;Lima;2024-02-12;Bronce
1898;Reme Macedo Domínguez;F;1932-04-15;Santiago;Cusco;2024-02-12;Bronce
1899;VENTURA GAMARRA CRUZ;M;1949-12-12;San Juan de Lurigancho;Lima;2024-02-12;Bronce
1900;Erik Pacheco Calle;M;1990-05-21;Ate;Lima;2024-02-12;Bronce
1901;Guido Montes Trejo;M;1978-12-07;Cusco;Cusco;2024-02-12;Bronce
1902;Onésimo Llanos Delgado;M;1977-02-02;La Esperanza;La Libertad;2024-02-12;No afiliado
1903;alba rojas navarrete;F;1949-05-14;San Jerónimo;Cusco;2024-02-12;No afiliado
1904;Raúl Del Carpio Allcca;M;2002-12-22;Ate;Lima;2024-02-12;Plata
1905;Esteban Torres Nieto;M;1985-12-12;Cusco;Cusco;2024-02-12;No afiliado
1906;CARLOS CHÁVEZ QUISPE;M;1950-12-30;José Leonardo Ortiz;Lambayeque;2024-02-12;Bronce
1907;luz ramírez chávez;F;1996-01-09;Jesús María;Lima;2024-02-12;No afiliado
1908;Eufemia Arango Vidal;F;1981-06-23;Paucarpata;Arequipa;2024-02-12;No afiliado
1909;Margarita Cabello Villafuerte;F;1978-06-23;San Martín de Porres;Lima;2024-02-12;No afiliado
1910;Salvador Farro Estrella;M;2006-02-11;Chiclayo;Lambayeque;2024-02-12;No afiliado
1911;ROBERTO LOZANO AVENDAÑO;M;1959-05-24;Chiclayo;Lambayeque;2024-02-12;Oro
1912;Elisa Ramírez Montero;F;1972-06-24;Punchana;Loreto;2024-02-12;No afiliado
1913;EDMUNDO PALOMINO GARCÍA;M;1956-05-15;Iquitos;Loreto;2024-02-12;Plata
1914;Bernardo Gallo Zambrano;M;1988-10-21;Comas;Lima;2024-02-12;Bronce
1915;Olga Zapata Valenzuela;F;1987-08-31;San Jerónimo;Cusco;2024-02-12;No afiliado
1916;ESTELA LOZANO MONTES;F;1997-07-21;San Martín de Porres;Lima;2024-02-12;Bronce
1917;Marciano Cruz Padilla;M;1988-08-31;Veintiséis de Octubre;Piura;2024-02-12;No afiliado
1918;bernarda valverde velarde;F;1959-02-08;San Juan de Lurigancho;Lima;2024-02-12;No afiliado
1919;josefa carranza amaya;F;1960-08-02;La Esperanza;La Libertad;2024-02-12;No afiliado
1920;Dante Ulloa Sánchez;M;1948-03-17;Trujillo;La Libertad;2024-02-12;Bronce
1921;TOBÍAS MERINO CRUZ;M;1954-01-08;José Leonardo Ortiz;Lambayeque;2024-02-12;No afiliado
1922;LORENA ROCHA ZAPATA;F;1933-04-20;San Juan de Lurigancho;Lima;2024-02-12;Plata
1923;Adela Villalba Domínguez;F;1973-10-08;Huanchaco;La Libertad;2024-02-12;Bronce
1924;Lucrecia Pizarro Machuca;F;2004-03-03;Trujillo;La Libertad;2024-02-12;Bronce
1925;eustaquio aguilar loayza;M;1981-09-10;Víctor Larco Herrera;La Libertad;2024-02-12;Plata
1926;Tomasa Portilla Montes;F;1947-05-08;Socabaya;Arequipa;2024-02-12;Bronce
1927;Joaquín Santos Cruz;M;1997-11-25;Cusco;Cusco;2024-02-12;Bronce
1928;PANCHO SOTO RIVERA;M;1987-12-07;La Esperanza;La Libertad;2024-02-12;No afiliado
1929;Sinforoso Calderón Medina;M;2002-03-01;Chiclayo;Lambayeque;2024-02-12;Bronce
1930;Olegario Campos Guerrero;M;1992-03-24;Paucarpata;Arequipa;2024-02-12;Bronce
1931;NÚRIA GAMARRA OBANDO;F;1975-08-30;Cerro Colorado;Arequipa;2024-02-12;No afiliado
1932;Encarnación Valenzuela Paz;F;1953-06-17;El Porvenir;La Libertad;2024-02-12;Bronce
1933;Claudia Villafuerte Chávez;F;1978-08-02;Moche;La Libertad;2024-02-12;No afiliado
1934;Dolores Cabello Maldonado;F;1980-12-06;Ate;Lima;2024-02-12;Oro
1935;Rubén Estrella Escalante;M;1947-04-21;San Martín de Porres;Lima;2024-02-12;No afiliado
1936;Genoveva Villafuerte Mendoza;F;1962-07-28;Lima;Lima;2024-02-13;Bronce
1937;Guillermo Arroyo Aguirre;M;1990-06-25;Huanchaco;La Libertad;2024-02-13;No afiliado
1938;Ventura Domínguez Farro;M;1979-08-31;Ate;Lima;2024-02-13;Bronce
1939;Esteban Velásquez Dávila;M;1958-10-21;Arequipa;Arequipa;2024-02-13;Oro
1940;eloy palacios campos;M;1960-03-05;San Jerónimo;Cusco;2024-02-13;No afiliado
1941;carmen ramírez rivera;F;1953-11-22;Iquitos;Loreto;2024-02-13;Plata
1942;Artemio Serna Gallo;M;2000-07-01;Villa El Salvador;Lima;2024-02-13;No afiliado
1943;MOISÉS MENDOZA MACHUCA;M;1963-10-03;Piura;Piura;2024-02-13;Bronce
1944;Guillermo Gallo Callirgos;M;1983-10-21;Trujillo;La Libertad;2024-02-13;Bronce
1945;SOFÍA ORDÓÑEZ CHÁVEZ;F;1986-08-06;San Martín de Porres;Lima;2024-02-13;No afiliado
1946;celsa galarza yupanqui;F;2006-06-03;Ate;Lima;2024-02-13;Plata
1947;CLARA RIVERA CRUZ;F;2000-12-18;Lambayeque;Lambayeque;2024-02-13;No afiliado
1948;ISIDORO RAMÍREZ CHACÓN;M;1983-10-28;Víctor Larco Herrera;La Libertad;2024-02-13;No afiliado
1949;LEONOR RIVERA UGARTE;F;1985-12-21;Chiclayo;Lambayeque;2024-02-13;Bronce
1950;Vega Campos Fuentes;F;1968-07-27;San Sebastián;Cusco;2024-02-13;No afiliado
1951;Héctor Lozano Jiménez;M;1984-09-25;Paucarpata;Arequipa;2024-02-13;Bronce
1952;cristian sierra manrique;M;1987-11-27;Arequipa;Arequipa;2024-02-13;Plata
1953;EUTIQUIO SUÁREZ CRUZ;M;1978-07-24;Santiago;Cusco;2024-02-13;Bronce
1954;Apolonio Aguilar García;M;1988-01-11;Chiclayo;Lambayeque;2024-02-13;Bronce
1955;Luisa Sierra Serna;F;1963-11-12;Santiago;Cusco;2024-02-13;No afiliado
1956;Casimiro Gálvez Tejada;M;1956-04-22;Villa El Salvador;Lima;2024-02-13;Plata
1957;Mar Suárez Carranza;F;1970-07-25;Florencia de Mora;La Libertad;2024-02-13;No afiliado
1958;susana villalobos domínguez;F;1992-10-01;San Isidro;Lima;2024-02-13;Bronce
1959;MOISÉS SALAZAR VALENZUELA;M;1973-01-04;Socabaya;Arequipa;2024-02-13;Bronce
1960;Aarón Peralta Sanabria;M;1987-10-21;Sullana;Piura;2024-02-13;No afiliado
1961;Erika Sánchez Medina;F;1991-09-11;Iquitos;Loreto;2024-02-13;No afiliado
1962;Isidora Del Carpio Suárez;F;1951-12-22;José Leonardo Ortiz;Lambayeque;2024-02-13;No afiliado
1963;CÉSAR SERNA ESTRELLA;M;1998-03-16;Villa El Salvador;Lima;2024-02-13;No afiliado
1964;Salvador Macedo Villalobos;M;1979-05-23;La Esperanza;La Libertad;2024-02-13;Bronce
1965;Inmaculada Salazar Fuentes;F;1945-01-28;Chiclayo;Lambayeque;2024-02-13;Plata
1966;TRINIDAD MONTERO JIMÉNEZ;F;1998-02-11;Comas;Lima;2024-02-13;Bronce
1967;froilán rosales portilla;M;1998-06-21;Catacaos;Piura;2024-02-13;No afiliado
1968;Homero Arroyo Gallo;M;1947-04-19;Cusco;Cusco;2024-02-13;No afiliado
1969;ANGUSTIAS QUISPE CHÁVEZ;F;1980-08-20;Los Olivos;Lima;2024-02-13;Bronce
1970;Fortunato Callirgos Dávila;M;1986-11-23;San Martín de Porres;Lima;2024-02-13;Bronce
1971;Leonor Peralta Rosales;F;1998-08-24;Paita;Piura;2024-02-13;Bronce
1972;eutiquio paredes martínez;M;1988-11-25;Miraflores;Lima;2024-02-13;Bronce
1973;Fidela Torrico Gallo;F;2007-04-30;Sullana;Piura;2024-02-13;Bronce
1974;Ángel Solano Arroyo;M;1953-01-17;Castilla;Piura;2024-02-13;Plata
1975;Remedios Bravo Mora;F;1998-05-25;San Juan Bautista;Loreto;2024-02-13;No afiliado
1976;Claudia Villafuerte Jiménez;F;1991-07-14;San Martín de Porres;Lima;2024-02-13;Plata
1977;ventura peralta velarde;M;1989-05-27;San Martín de Porres;Lima;2024-02-13;Plata
1978;Eduardo Montoya Ramírez;M;1998-05-07;Chilca;Junín;2024-02-13;Bronce
1979;Sandra Luna Velásquez;F;1993-01-13;Los Olivos;Lima;2024-02-13;No afiliado
1980;Casimiro Peralta Campos;M;2000-01-16;Comas;Lima;2024-02-13;Oro
1981;eufemia callirgos maldonado;F;1946-07-21;Cayma;Arequipa;2024-02-14;Plata
1982;FELICIANA TEJADA TORRES;F;1955-12-15;Pimentel;Lambayeque;2024-02-14;No afiliado
1983;Rubén Rojas Pérez;M;1966-06-23;Jesús María;Lima;2024-02-14;Bronce
1984;rubén avendaño fuentes;M;2003-05-29;San Martín de Porres;Lima;2024-02-14;Bronce
1985;Carlos Riveros Macedo;M;1980-06-15;Ate;Lima;2024-02-14;Plata
1986;Benjamín Calderón Llanos;M;1970-02-24;Cerro Colorado;Arequipa;2024-02-14;Plata
1987;Paulina Rojas Campos;F;1993-06-29;San Juan de Lurigancho;Lima;2024-02-14;Bronce
1988;francisco tejada reyna;M;1968-12-28;Paucarpata;Arequipa;2024-02-14;No afiliado
1989;Esperanza Sanabria Chávez;F;1976-07-29;San Sebastián;Cusco;2024-02-14;Bronce
1990;julia rojas villanueva;F;2002-12-06;Chiclayo;Lambayeque;2024-02-14;Bronce
1991;gabriela pizarro araujo;F;1998-09-28;Comas;Lima;2024-02-14;Bronce
1992;Hugo Campos Villalobos;M;1972-06-10;Trujillo;La Libertad;2024-02-14;No afiliado
1993;aurora gómez rojas;F;1990-04-25;Comas;Lima;2024-02-14;Plata
1994;Herminio Velásquez Valle;M;1969-08-02;San Juan Bautista;Loreto;2024-02-14;Plata
1995;Bernarda Lozano Tejada;F;1956-07-27;Socabaya;Arequipa;2024-02-14;Plata
1996;Brayan Loayza Alvarado;M;1946-05-18;Punchana;Loreto;2024-02-14;No afiliado
1997;liborio yupanqui gamarra;M;1984-03-16;Chiclayo;Lambayeque;2024-02-14;Plata
1998;Federico Padilla Zambrano;M;1949-02-04;Punchana;Loreto;2024-02-14;Bronce
1999;Amelia Cabello Sierra;F;1971-03-23;Ate;Lima;2024-02-14;Bronce
2000;Ruperto García Estrella;M;1957-03-24;Socabaya;Arequipa;2024-02-14;No afiliado
2001;Dorotea Medina Trejo;F;1960-02-25;San Sebastián;Cusco;2024-02-14;No afiliado
2002;Aarón Chávez Tejada;M;1995-06-11;San Juan de Lurigancho;Lima;2024-02-14;No afiliado
2003;tomasa ortega zavala;F;1976-03-15;Piura;Piura;2024-02-14;Bronce
2004;CLODOMIRO BENAVIDES ESTRELLA;M;1956-09-16;Huancán;Junín;2024-02-14;No afiliado
2005;Joel Domínguez Conde;M;1996-10-11;Pariñas;Piura;2024-02-14;No afiliado
2006;Fidela Dávila Velásquez;F;1972-11-09;San Martín de Porres;Lima;2024-02-14;No afiliado
2007;Gumersindo Gamarra Mendieta;M;1977-12-09;La Esperanza;La Libertad;2024-02-14;No afiliado
2008;CASIMIRO MALDONADO ZAMBRANO;M;2002-06-30;Wanchaq;Cusco;2024-02-14;No afiliado
2009;Martín Aguirre Ríos;M;1983-07-21;Huancayo;Junín;2024-02-14;Plata
2010;ricardo santos carranza;M;1946-02-05;San Juan de Lurigancho;Lima;2024-02-14;Bronce
2011;CLAUDIA MERINO MARTÍNEZ;F;2001-02-24;Comas;Lima;2024-02-14;Bronce
2012;arantxa delgado gonzález;F;1981-05-10;Comas;Lima;2024-02-14;Plata
2013;Núria Maldonado Nieto;F;1979-10-03;Piura;Piura;2024-02-14;Bronce
2014;Celso Salgado Chávez;M;1961-07-24;Víctor Larco Herrera;La Libertad;2024-02-14;Bronce
2015;Roberto Zapata Ordóñez;M;2002-12-27;Huanchaco;La Libertad;2024-02-14;Bronce
2016;TRISTÁN PIZARRO CARRANZA;M;2000-12-17;Punchana;Loreto;2024-02-14;Plata
2017;néstor lozano montes;M;1974-03-29;Socabaya;Arequipa;2024-02-14;No afiliado
2018;Marciano Serna Sánchez;M;1979-06-02;Cerro Colorado;Arequipa;2024-02-14;Plata
2019;Tomasa Palomino Gamarra;F;1951-07-30;Pariñas;Piura;2024-02-14;Plata
2020;Filomena Cruz Jara;F;1977-09-15;La Esperanza;La Libertad;2024-02-14;Bronce
2021;SERAFÍN ZAVALA VILLALBA;M;1956-03-30;Trujillo;La Libertad;2024-02-14;Bronce
2022;Lorena Cornejo Arias;F;1977-01-20;La Esperanza;La Libertad;2024-02-14;Bronce
2023;MARCIAL GALLO VILLALOBOS;M;1933-06-26;Punchana;Loreto;2024-02-14;Bronce
2024;Paulina Matías Bello;F;1984-08-16;Yurimaguas;Loreto;2024-02-14;Plata
2025;Ireneo Jiménez Domínguez;M;1986-12-10;Santiago;Cusco;2024-02-14;No afiliado
2026;SORAYA CHAMBI GÓMEZ;F;2005-07-05;San Martín de Porres;Lima;2024-02-15;No afiliado
2027;Ulises Delgado Manrique;M;1972-01-15;El Porvenir;La Libertad;2024-02-15;Oro
2028;PILAR HERNÁNDEZ JIMÉNEZ;F;1987-01-06;José Leonardo Ortiz;Lambayeque;2024-02-15;Plata
2029;josefa cruz gutiérrez;F;1998-05-27;Castilla;Piura;2024-02-15;Plata
2030;froilán cabello palacios;M;1985-05-29;El Porvenir;La Libertad;2024-02-15;No afiliado
2031;Tobías Montoya Rojas;M;2003-03-30;Iquitos;Loreto;2024-02-15;Bronce
2032;Azucena Manrique Palacios;F;1986-12-02;San Martín de Porres;Lima;2024-02-15;Plata
2033;Luisa Farro Palomino;F;1984-09-27;Comas;Lima;2024-02-15;No afiliado
2034;Ainhoa López Navarrete;F;1985-01-26;La Esperanza;La Libertad;2024-02-15;Bronce
2035;Pancho Miranda Llerena;M;1977-11-02;Ate;Lima;2024-02-15;Bronce
2036;Napoleón Ríos Valenzuela;M;1999-10-19;San Borja;Lima;2024-02-15;No afiliado
2037;Carlos Estrella Del Carpio;M;2000-01-01;José Leonardo Ortiz;Lambayeque;2024-02-15;No afiliado
2038;Gisela Galarza Manrique;F;1997-06-21;Chiclayo;Lambayeque;2024-02-15;Plata
2039;Margarita Vásquez Domínguez;F;1996-10-21;Pueblo Libre;Lima;2024-02-15;Bronce
2040;isaac moreno ríos;M;1967-12-12;Castilla;Piura;2024-02-15;No afiliado
2041;Trinidad Rojas Rojas;F;1982-06-04;Monsefú;Lambayeque;2024-02-15;Oro
2042;teodora campos trujillo;F;2002-04-18;Los Olivos;Lima;2024-02-15;Plata
2043;Galileo Arce Fuentes;M;2001-07-21;Cayma;Arequipa;2024-02-15;Bronce
2044;Jacobo Zambrano Bello;M;1954-06-14;Nauta;Loreto;2024-02-15;Bronce
2045;VÍCTOR ROJAS PALOMINO;M;1981-08-19;Miraflores;Lima;2024-02-15;Oro
2046;Romana Cruz Zapata;F;1970-03-29;Chiclayo;Lambayeque;2024-02-15;Bronce
2047;Isidora Solano Zapata;F;1994-06-21;Cerro Colorado;Arequipa;2024-02-15;Bronce
2048;Eutiquio Valverde Valverde;M;1983-11-13;Villa El Salvador;Lima;2024-02-15;Plata
2049;Mario Alvarado Valenzuela;M;2003-07-07;Santiago de Surco;Lima;2024-02-15;No afiliado
2050;Marcos Estrella Villalba;M;1966-09-18;Cerro Colorado;Arequipa;2024-02-15;Plata
2051;RAFAELA GÁLVEZ PALOMINO;F;1998-11-05;Santiago de Surco;Lima;2024-02-15;Plata
2052;ISIDORO OBANDO TORRES;M;1980-05-15;Paucarpata;Arequipa;2024-02-15;Plata
2053;Francisca Nieto Fuentes;F;1998-09-02;El Porvenir;La Libertad;2024-02-15;Plata
2054;Isidoro Chacón Rojas;M;1990-02-20;Cerro Colorado;Arequipa;2024-02-15;Bronce
2055;pablo ponce suárez;M;1974-01-13;Trujillo;La Libertad;2024-02-15;No afiliado
2056;Oscar Reyna Rivera;M;2002-03-31;San Juan de Lurigancho;Lima;2024-02-15;Oro
2057;SORAYA ACUÑA HURTADO;F;2004-03-31;José Leonardo Ortiz;Lambayeque;2024-02-15;No afiliado
2058;María Vásquez Pérez;F;1984-05-27;San Juan de Lurigancho;Lima;2024-02-15;Plata
2059;Francisco Hurtado Soto;M;1980-12-13;Ate;Lima;2024-02-15;Plata
2060;brayan merino velarde;M;1988-10-11;San Miguel;Lima;2024-02-15;Bronce
2061;Fabián Machuca Cruz;M;1959-12-01;Ate;Lima;2024-02-15;No afiliado
2062;Horacio Chávez Quispe;M;1984-10-10;Miraflores;Lima;2024-02-15;No afiliado
2063;Ventura Montes Estrella;M;1968-08-15;San Borja;Lima;2024-02-15;No afiliado
2064;HERIBERTO VILLALBA GÁLVEZ;M;1992-11-30;Paita;Piura;2024-02-15;Bronce
2065;Marcelina Gómez Vilchez;F;1991-08-02;San Martín de Porres;Lima;2024-02-15;No afiliado
2066;Lucas Muñoz Zúñiga;M;1999-07-22;San Juan de Lurigancho;Lima;2024-02-15;Plata
2067;Apolonio Velásquez Chávez;M;2004-09-18;Trujillo;La Libertad;2024-02-15;No afiliado
2068;Bernarda Jiménez Medina;F;1982-12-30;Castilla;Piura;2024-02-15;Bronce
2069;EMMANUEL CRUZ VELÁSQUEZ;M;1990-02-03;José Luis Bustamante y Rivero;Arequipa;2024-02-15;Bronce
2070;Esteban Ramírez Gamarra;M;1986-08-08;Chiclayo;Lambayeque;2024-02-15;Bronce
2071;Fortunato Salgado Zambrano;M;1996-05-18;Iquitos;Loreto;2024-02-16;Bronce
2072;César Matías Acuña;M;1946-11-10;Sullana;Piura;2024-02-16;Bronce
2073;ATANASIO CORNEJO VALVERDE;M;1955-04-09;José Luis Bustamante y Rivero;Arequipa;2024-02-16;No afiliado
2074;elisa cruz vásquez;F;1971-01-26;San Martín de Porres;Lima;2024-02-16;Plata
2075;Nicéforo Villafuerte Gutiérrez;M;1978-09-15;Villa El Salvador;Lima;2024-02-16;Bronce
2076;GENOVEVA VILLALOBOS VALENZUELA;F;1982-04-16;San Juan de Lurigancho;Lima;2024-02-16;Bronce
2077;Aniceto Gutiérrez Pizarro;M;1953-11-25;Trujillo;La Libertad;2024-02-16;Oro
2078;RUPERTO REYNA RODRÍGUEZ;M;1988-01-16;Yurimaguas;Loreto;2024-02-16;No afiliado
2079;Edmundo Villalobos Zambrano;M;1964-06-22;Sullana;Piura;2024-02-16;No afiliado
2080;Isidoro Carranza Maldonado;M;1991-03-01;Piura;Piura;2024-02-16;Bronce
2081;Fortunato Villalobos Quijano;M;1978-08-15;Paucarpata;Arequipa;2024-02-16;Oro
2082;rosario carranza fuentes;F;1975-12-31;Socabaya;Arequipa;2024-02-16;Bronce
2083;SALUD ROJAS NAVARRETE;F;1958-10-10;José Leonardo Ortiz;Lambayeque;2024-02-16;Plata
2084;Josefa Ulloa Vega;F;1991-03-08;Miraflores;Lima;2024-02-16;No afiliado
2085;EUFEMIA MERINO SERNA;F;1991-04-07;Chilca;Junín;2024-02-16;Bronce
2086;Tomasa Valenzuela Sanabria;F;1979-02-25;Santiago;Cusco;2024-02-16;No afiliado
2087;MOISÉS ROJAS RÍOS;M;1959-04-16;Paita;Piura;2024-02-16;No afiliado
2088;EMMANUEL FARRO ROJAS;M;1982-06-16;Santiago;Cusco;2024-02-16;Plata
2089;verónica rocha torres;F;1986-03-10;El Porvenir;La Libertad;2024-02-16;Bronce
2090;Nerea García García;F;1991-07-04;El Porvenir;La Libertad;2024-02-16;Bronce
2091;Leonor Palacios Vilchez;F;1993-08-11;La Victoria;Lambayeque;2024-02-16;No afiliado
2092;Carmen Padilla Rodríguez;F;2004-12-13;Villa El Salvador;Lima;2024-02-16;No afiliado
2093;Sol Vilchez Matías;F;1976-06-26;Trujillo;La Libertad;2024-02-16;Bronce
2094;BIANCA DOMÍNGUEZ UGARTE;F;1998-08-02;Comas;Lima;2024-02-16;Bronce
2095;Napoleón Vidal Jiménez;M;1976-09-01;Trujillo;La Libertad;2024-02-16;No afiliado
2096;Ventura Ramírez Ramírez;M;1980-11-15;Trujillo;La Libertad;2024-02-16;Oro
2097;Celso Arroyo Martínez;M;1983-03-28;San Juan Bautista;Loreto;2024-02-16;Bronce
2098;Artemio Arango Montes;M;1981-06-28;San Miguel;Lima;2024-02-16;Bronce
2099;Blanca Araujo Villalobos;F;1980-10-29;Cerro Colorado;Arequipa;2024-02-16;Bronce
2100;Fabiola Chávez Valenzuela;F;1974-01-04;Yurimaguas;Loreto;2024-02-16;Bronce
2101;Victoria Quijano Loayza;F;1973-11-10;Los Olivos;Lima;2024-02-16;No afiliado
2102;Albina Sierra Matías;F;1996-06-29;La Esperanza;La Libertad;2024-02-16;Bronce
2103;Eutiquio Gálvez Chacón;M;2002-04-01;Wanchaq;Cusco;2024-02-16;Bronce
2104;Soraya Tejada Vásquez;F;1968-11-25;Wanchaq;Cusco;2024-02-16;Plata
2105;Elena Velarde Trejo;F;2002-01-21;Santiago de Surco;Lima;2024-02-16;No afiliado
2106;CLARA PAREDES SERNA;F;1999-06-27;Cusco;Cusco;2024-02-16;No afiliado
2107;Florencio Ríos García;M;1990-10-20;Piura;Piura;2024-02-16;No afiliado
2108;Fortunato Carranza Valverde;M;1958-05-21;Sullana;Piura;2024-02-16;Plata
2109;Gisela Palacios Montalvo;F;1956-10-08;La Esperanza;La Libertad;2024-02-16;Plata
2110;Yolanda Sánchez Ugarte;F;1965-06-19;Cerro Colorado;Arequipa;2024-02-16;Bronce
2111;Raúl Palomino Rojas;M;2002-05-28;San Juan de Lurigancho;Lima;2024-02-16;Bronce
2112;Alba Rojas Campos;F;1956-01-28;Cayma;Arequipa;2024-02-16;No afiliado
2113;Vicente Navarrete Bello;M;1974-12-16;Chiclayo;Lambayeque;2024-02-16;Plata
2114;Rafaela Palacios Trejo;F;1947-01-14;Castilla;Piura;2024-02-16;No afiliado
2115;ainhoa chávez chávez;F;1988-04-07;Veintiséis de Octubre;Piura;2024-02-16;No afiliado
2116;Justo Quijano Lozano;M;1981-11-17;Santiago de Surco;Lima;2024-02-17;Plata
2117;onésimo chacón pacheco;M;2001-06-03;Sullana;Piura;2024-02-17;Bronce
2118;Pedro Matías Villalba;M;1948-11-01;Pariñas;Piura;2024-02-17;No afiliado
2119;Guillermo Escobar Calle;M;1999-07-02;San Martín de Porres;Lima;2024-02-17;No afiliado
2120;Leocadia Rivera Matías;F;1974-04-10;San Juan de Lurigancho;Lima;2024-02-17;Plata
2121;Ruperto Arango Campos;M;1931-09-26;Cayma;Arequipa;2024-02-17;Bronce
2122;CLAUDIA MUÑIZ REYNA;F;1965-12-07;La Victoria;Lambayeque;2024-02-17;Oro
2123;gracia escobar maldonado;F;1993-12-07;Los Olivos;Lima;2024-02-17;Bronce
2124;VICENTE GARCÍA REYNA;M;1963-01-02;Los Olivos;Lima;2024-02-17;No afiliado
2125;VALENTÍN TEJADA NAVARRETE;M;1985-04-29;San Juan de Lurigancho;Lima;2024-02-17;Bronce
2126;Martín Ordoñez Machuca;M;2005-09-18;Lambayeque;Lambayeque;2024-02-17;Oro
2127;Sara Valverde Montes;F;2000-07-06;Punchana;Loreto;2024-02-17;No afiliado
2128;Fabián Rojas Calle;M;1994-03-21;Paucarpata;Arequipa;2024-02-17;No afiliado
2129;Restituto Rivera Arroyo;M;1976-07-08;Paucarpata;Arequipa;2024-02-17;No afiliado
2130;Emmanuel Muñoz Rocha;M;1988-11-26;Lima;Lima;2024-02-17;No afiliado
2131;Herminio Cornejo Navarrete;M;1967-03-09;Ate;Lima;2024-02-17;Bronce
2132;Eutiquio Arango Sanabria;M;1994-09-09;San Juan de Lurigancho;Lima;2024-02-17;Bronce
2133;Gracia Guerrero Meneses;F;1980-03-29;La Victoria;Lambayeque;2024-02-17;Bronce
2134;Pastora Palacios Amaya;F;2004-12-29;Iquitos;Loreto;2024-02-17;Bronce
2135;Eugenio Sanabria Matías;M;1948-10-27;Santiago de Surco;Lima;2024-02-17;Plata
2136;Soraya Zúñiga Galarza;F;1991-06-23;Cusco;Cusco;2024-02-17;No afiliado
2137;Atanasio Nieto Serna;M;2007-05-13;San Juan de Lurigancho;Lima;2024-02-17;Oro
2138;Avelino Guerrero Escobar;M;2005-02-08;San Sebastián;Cusco;2024-02-17;Bronce
2139;Oscar Rosales Arroyo;M;1993-11-11;San Martín de Porres;Lima;2024-02-17;Bronce
2140;Monserrat Cáceres Manrique;F;1966-01-26;Santiago de Surco;Lima;2024-02-17;Plata
2141;feliciana santos gálvez;F;2003-09-29;Jesús María;Lima;2024-02-17;Bronce
2142;froilán santos villalba;M;2001-10-04;La Esperanza;La Libertad;2024-02-17;Plata
2143;Raquel Velarde Montes;F;2003-10-22;Iquitos;Loreto;2024-02-17;No afiliado
2144;marcelina escobar carranza;F;1958-02-07;La Esperanza;La Libertad;2024-02-17;Oro
2145;leonor chávez velásquez;F;1995-02-24;Wanchaq;Cusco;2024-02-17;Bronce
2146;Pancho Portilla Farro;M;1981-01-03;Yanahuara;Arequipa;2024-02-17;No afiliado
2147;Eloy Reyna Pizarro;M;1983-10-15;Huanchaco;La Libertad;2024-02-17;Bronce
2148;DANTE VALENZUELA MONTES;M;1981-10-31;Castilla;Piura;2024-02-17;Bronce
2149;Samuel Trujillo Sánchez;M;1992-11-22;Santiago de Surco;Lima;2024-02-17;Bronce
2150;Justo Salazar Portilla;M;2002-07-15;Trujillo;La Libertad;2024-02-17;No afiliado
2151;Rafaela Mendoza Mendieta;F;2006-09-09;Chiclayo;Lambayeque;2024-02-17;Bronce
2152;Ventura Amaya Vásquez;M;1996-01-28;Punchana;Loreto;2024-02-17;Bronce
2153;Sol Sánchez Sánchez;F;1959-04-09;San Miguel;Lima;2024-02-17;No afiliado
2154;Prudencia Ramírez Quispe;F;1973-07-22;San Juan de Lurigancho;Lima;2024-02-17;Oro
2155;GONZALO PALOMINO MANRIQUE;M;1981-04-15;Socabaya;Arequipa;2024-02-17;Bronce
2156;Luisa Solano Carranza;F;2006-04-21;Socabaya;Arequipa;2024-02-17;No afiliado
2157;Gabriela Tejada Solano;F;2000-11-15;Trujillo;La Libertad;2024-02-17;Oro
2158;Liborio Cruz Cáceres;M;1999-07-02;Los Olivos;Lima;2024-02-17;No afiliado
2159;Carmen Ordoñez Maldonado;F;1986-01-23;San Juan de Lurigancho;Lima;2024-02-17;No afiliado
2160;Edmundo García Sánchez;M;2003-07-26;Lima;Lima;2024-02-17;No afiliado
2161;Encarnación Reyna Cornejo;F;2001-01-04;Trujillo;La Libertad;2024-02-18;Plata
2162;Aarón Valenzuela García;M;2007-04-01;Iquitos;Loreto;2024-02-18;Bronce
2163;Paz Valverde Suárez;F;1987-04-26;Sullana;Piura;2024-02-18;Bronce
2164;Martín Ramírez Figueroa;M;2005-06-11;Lima;Lima;2024-02-18;No afiliado
2165;Eloy Paredes Montoya;M;1973-03-27;El Porvenir;La Libertad;2024-02-18;Bronce
2166;Adela Reyna Arroyo;F;1991-12-22;San Juan de Lurigancho;Lima;2024-02-18;Oro
2167;Gabriela Maldonado Velásquez;F;1967-12-22;Florencia de Mora;La Libertad;2024-02-18;Bronce
2168;Remedios Llerena Tejada;F;1979-05-24;Piura;Piura;2024-02-18;Bronce
2169;DEMÓSTENES DELGADO GUERRERO;M;2000-04-14;Víctor Larco Herrera;La Libertad;2024-02-18;Bronce
2170;Néstor Merino Del Carpio;M;1954-04-01;La Victoria;Lambayeque;2024-02-18;No afiliado
2171;Cornelio Figueroa Valenzuela;M;1981-08-28;Cusco;Cusco;2024-02-18;Bronce
2172;Leticia Conde Sierra;F;1996-09-04;El Porvenir;La Libertad;2024-02-18;No afiliado
2173;trinidad allcca valverde;F;1971-12-10;San Juan de Lurigancho;Lima;2024-02-18;Bronce
2174;Ernesto Cabello Ruiz;M;1992-03-06;San Martín de Porres;Lima;2024-02-18;Plata
2175;aarón vilca sanabria;M;1959-01-14;Cusco;Cusco;2024-02-18;No afiliado
2176;Pablo Escobar Benavides;M;1993-05-06;Los Olivos;Lima;2024-02-18;Plata
2177;VERÓNICA AGUIRRE ROJAS;F;1963-03-26;Santiago de Surco;Lima;2024-02-18;Bronce
2178;Eugenia Sanabria Muñiz;F;1979-05-10;Jesús María;Lima;2024-02-18;No afiliado
2179;Rubén Calderón Rocha;M;1947-10-22;Nauta;Loreto;2024-02-18;No afiliado
2180;esther chacón jara;F;1955-05-02;Comas;Lima;2024-02-18;Bronce
2181;Eustaquio Ramírez Rodríguez;M;1980-09-20;Chiclayo;Lambayeque;2024-02-18;Bronce
2182;Benjamín Velásquez Serna;M;1995-05-29;Los Olivos;Lima;2024-02-18;Oro
2183;VIRGINIA SOTO GUERRERO;F;1976-09-20;Cerro Colorado;Arequipa;2024-02-18;Bronce
2184;Fortunato Villafuerte Aguirre;M;2004-11-02;El Porvenir;La Libertad;2024-02-18;Bronce
2185;Arantxa Chávez Bustos;F;1981-02-24;San Martín de Porres;Lima;2024-02-18;Bronce
2186;salud gálvez velásquez;F;1983-02-08;Trujillo;La Libertad;2024-02-18;No afiliado
2187;teodora valverde mejía;F;1982-04-01;Iquitos;Loreto;2024-02-18;No afiliado
2188;Federico Tejada Del Carpio;M;1967-01-09;Santiago de Surco;Lima;2024-02-18;No afiliado
2189;Mario Rosales Del Carpio;M;1981-10-25;San Juan de Lurigancho;Lima;2024-02-18;No afiliado
2190;eloy chambi trejo;M;2003-09-17;San Juan de Lurigancho;Lima;2024-02-18;Bronce
2191;BALBINA ARROYO CAMPOS;F;1957-02-21;Comas;Lima;2024-02-18;Bronce
2192;eutiquio reyna hurtado;M;2007-07-21;Santiago de Surco;Lima;2024-02-18;No afiliado
2193;Sofía Riveros Palacios;F;1997-04-24;Punchana;Loreto;2024-02-18;No afiliado
2194;Horacio Pacheco López;M;1976-07-20;Piura;Piura;2024-02-18;Bronce
2195;salustiano vilca garcía;M;1967-02-04;San Jerónimo;Cusco;2024-02-18;Bronce
2196;Eusebia Tejada Del Carpio;F;1992-04-09;Cerro Colorado;Arequipa;2024-02-18;No afiliado
2197;Vicente Cruz Vásquez;M;1993-06-28;Iquitos;Loreto;2024-02-18;No afiliado
2198;Lucio Campos Valenzuela;M;1989-06-05;Trujillo;La Libertad;2024-02-18;Plata
2199;María Navarrete Allcca;F;1931-02-24;Castilla;Piura;2024-02-18;Bronce
2200;Restituto Dávila Del Carpio;M;1981-09-09;Huancán;Junín;2024-02-18;No afiliado
2201;Braulio Salazar Cruz;M;1964-09-23;Lambayeque;Lambayeque;2024-02-18;Oro
2202;Zenón Estrella Mendoza;M;1988-08-16;San Sebastián;Cusco;2024-02-18;Bronce
2203;Micaela Vásquez Amaya;F;1994-06-20;Chiclayo;Lambayeque;2024-02-18;No afiliado
2204;Roberto Dávila Calderón;M;1979-12-16;Yurimaguas;Loreto;2024-02-18;No afiliado
2205;candelaria santos zambrano;F;1984-03-09;José Luis Bustamante y Rivero;Arequipa;2024-02-18;No afiliado
2206;Adriana Tejada Ríos;F;1999-02-18;Cusco;Cusco;2024-02-19;Bronce
2207;EUTIQUIO DELGADO MALDONADO;M;1977-06-10;Paita;Piura;2024-02-19;No afiliado
2208;mario villafuerte benavides;M;1953-11-02;San Juan de Lurigancho;Lima;2024-02-19;Bronce
2209;Rafael Benites Rodríguez;M;1949-03-22;San Juan de Lurigancho;Lima;2024-02-19;No afiliado
2210;Blanca Arango Quispe;F;1929-01-14;San Martín de Porres;Lima;2024-02-19;No afiliado
2211;erik gallo trejo;M;1998-01-02;Piura;Piura;2024-02-19;No afiliado
2212;Serafín Sanabria Serna;M;1956-02-17;Requena;Loreto;2024-02-19;Bronce
2213;Heriberto Pizarro Jara;M;1952-08-22;Cerro Colorado;Arequipa;2024-02-19;Plata
2214;Javier Llerena Escalante;M;2006-06-22;Yurimaguas;Loreto;2024-02-19;Plata
2215;Laura Ríos Aguirre;F;1982-03-05;El Tambo;Junín;2024-02-19;Bronce
2216;LUZ VELÁSQUEZ MALDONADO;F;1999-12-19;Florencia de Mora;La Libertad;2024-02-19;No afiliado
2217;Francisco Zavala Padilla;M;1973-06-01;Chiclayo;Lambayeque;2024-02-19;No afiliado
2218;héctor navarrete hurtado;M;1946-11-03;Sullana;Piura;2024-02-19;No afiliado
2219;Lorena Reyna Calle;F;1958-01-10;Cerro Colorado;Arequipa;2024-02-19;Bronce
2220;Jesús García Ramírez;M;1979-11-10;Catacaos;Piura;2024-02-19;Plata
2221;Isidoro Domínguez Torres;M;1997-07-13;San Juan de Lurigancho;Lima;2024-02-19;Oro
2222;Sabina Domínguez Mendoza;F;1986-12-26;Trujillo;La Libertad;2024-02-19;No afiliado
2223;Florencio Montes Araujo;M;1979-09-12;El Porvenir;La Libertad;2024-02-19;No afiliado
2224;Darío Santos Vásquez;M;1953-12-28;El Porvenir;La Libertad;2024-02-19;Bronce
2225;TEOFILA MONTALVO ARROYO;F;1964-02-20;Iquitos;Loreto;2024-02-19;Bronce
2226;Edmundo Fuentes Yupanqui;M;2006-09-18;Villa El Salvador;Lima;2024-02-19;Bronce
2227;Evaristo Chambi Cruz;M;1989-10-01;San Juan de Lurigancho;Lima;2024-02-19;Bronce
2228;Magdalena Arroyo Meneses;F;1991-06-06;San Martín de Porres;Lima;2024-02-19;Oro
2229;Angustias Trejo Solano;F;1980-02-09;Santiago de Surco;Lima;2024-02-19;No afiliado
2230;LUCIO MARTÍNEZ UGARTE;M;1969-04-07;Cerro Colorado;Arequipa;2024-02-19;Oro
2231;esperanza amaya velásquez;F;1998-09-12;Paita;Piura;2024-02-19;Bronce
2232;Evaristo Jara Rivera;M;1997-03-30;Lima;Lima;2024-02-19;No afiliado
2233;marisol mendieta hurtado;F;2006-05-14;Santiago;Cusco;2024-02-19;Bronce
2234;matías chávez macedo;M;1948-05-10;San Juan Bautista;Loreto;2024-02-19;No afiliado
2235;Felipe Torres Tejada;M;1997-07-24;San Juan de Lurigancho;Lima;2024-02-19;Bronce
2236;Rafael Velásquez Llerena;M;1951-05-22;Wanchaq;Cusco;2024-02-19;Bronce
2237;URSULA MONTES PORTILLA;F;2001-04-20;Villa El Salvador;Lima;2024-02-19;No afiliado
2238;Susana Rojas Cruz;F;1998-11-14;Pueblo Libre;Lima;2024-02-19;Bronce
2239;Salud Vilchez Mora;F;1979-07-03;La Victoria;Lambayeque;2024-02-19;No afiliado
2240;Eloísa Gallo Pérez;F;2004-01-18;Catacaos;Piura;2024-02-19;No afiliado
2241;Raúl Gálvez Chávez;M;1981-05-02;Pariñas;Piura;2024-02-19;Oro
2242;Paz Amaya Bustos;F;2005-04-19;Paita;Piura;2024-02-19;Plata
2243;Fidela García Dávila;F;1991-12-25;Lima;Lima;2024-02-19;Bronce
2244;CRISTIAN LOZANO VIDAL;M;1983-10-17;Chilca;Junín;2024-02-19;No afiliado
2245;juan velásquez trejo;M;2007-05-20;Requena;Loreto;2024-02-19;No afiliado
2246;Sergio López Villanueva;M;1973-05-23;Santiago de Surco;Lima;2024-02-19;No afiliado
2247;Clodomiro Santos Sierra;M;1996-05-15;Santiago de Surco;Lima;2024-02-19;Bronce
2248;Agustín Arango Cruz;M;2005-05-03;Ate;Lima;2024-02-19;Plata
2249;blanca villalobos chávez;F;1989-12-02;Ate;Lima;2024-02-19;Bronce
2250;NICOLÁS ALVARADO DELGADO;M;1966-10-17;Punchana;Loreto;2024-02-19;No afiliado
2251;pastora benites soto;F;1998-06-20;El Porvenir;La Libertad;2024-02-20;No afiliado
2252;Tomasa Macedo Solano;F;1977-03-26;El Porvenir;La Libertad;2024-02-20;No afiliado
2253;Celeste Sanabria Arce;F;1988-03-12;Ate;Lima;2024-02-20;Bronce
2254;Luisa Del Carpio Chávez;F;1992-03-23;La Victoria;Lambayeque;2024-02-20;No afiliado
2255;Bárbara Vargas Trujillo;F;1955-11-29;Cerro Colorado;Arequipa;2024-02-20;Bronce
2256;Raúl Valle Sierra;M;1967-05-28;El Porvenir;La Libertad;2024-02-20;No afiliado
2257;GUSTAVO RIVERA LOZANO;M;1945-05-13;Sullana;Piura;2024-02-20;Bronce
2258;Moisés Domínguez Hurtado;M;1987-05-11;El Porvenir;La Libertad;2024-02-20;Bronce
2259;Rodrigo Manrique Torres;M;1973-12-22;Sullana;Piura;2024-02-20;No afiliado
2260;Vicenta Machuca Galarza;F;1956-07-23;Catacaos;Piura;2024-02-20;No afiliado
2261;HERMINIO MUÑIZ SERNA;M;1989-04-03;San Martín de Porres;Lima;2024-02-20;Bronce
2262;ubaldo callirgos cruz;M;1976-01-16;Veintiséis de Octubre;Piura;2024-02-20;Bronce
2263;Verónica Muñoz Tejada;F;2000-01-26;Piura;Piura;2024-02-20;Plata
2264;Consuelo Quispe García;F;2006-07-12;Pimentel;Lambayeque;2024-02-20;Bronce
2265;Erika Zapata Pizarro;F;1945-07-07;Piura;Piura;2024-02-20;Bronce
2266;Rosa Meneses Solano;F;1991-12-30;Ate;Lima;2024-02-20;Bronce
2267;ADELA ROJAS ULLOA;F;1979-03-29;Chiclayo;Lambayeque;2024-02-20;Bronce
2268;gisela allcca gálvez;F;2003-04-12;San Borja;Lima;2024-02-20;Oro
2269;Remedios Sierra Santos;F;1995-08-21;San Martín de Porres;Lima;2024-02-20;No afiliado
2270;Isidora Chávez Ordoñez;F;1968-08-29;Iquitos;Loreto;2024-02-20;Bronce
2271;francisco hurtado chambi;M;2004-03-13;La Esperanza;La Libertad;2024-02-20;No afiliado
2272;Raúl Bustos Chávez;M;1981-08-20;Monsefú;Lambayeque;2024-02-20;Oro
2273;Esteban Gallo Peralta;M;1945-12-12;Los Olivos;Lima;2024-02-20;No afiliado
2274;Sandra Ulloa Villanueva;F;1999-06-22;Cayma;Arequipa;2024-02-20;Bronce
2275;Mario Palomino Martínez;M;1999-10-26;El Porvenir;La Libertad;2024-02-20;Plata
2276;Oihana Lozano Rodríguez;F;2000-07-21;Iquitos;Loreto;2024-02-20;No afiliado
2277;Leonor Zambrano Cruz;F;1982-02-26;Santiago;Cusco;2024-02-20;Plata
2278;Sol Pacheco Llanos;F;1970-08-12;San Juan de Lurigancho;Lima;2024-02-20;No afiliado
2279;Josefa Santos Gallo;F;1969-04-30;La Esperanza;La Libertad;2024-02-20;No afiliado
2280;Clodomiro Hurtado Maldonado;M;1945-07-23;Ate;Lima;2024-02-20;Plata
2281;Ventura Campos Rojas;M;2000-06-17;San Juan de Lurigancho;Lima;2024-02-20;Bronce
2282;Isidoro Navarrete Villanueva;M;1981-07-25;Trujillo;La Libertad;2024-02-20;Bronce
2283;Cristian Carranza Maldonado;M;1988-03-14;La Victoria;Lambayeque;2024-02-20;No afiliado
2284;Alejandrina Sánchez Rojas;F;1988-01-19;El Tambo;Junín;2024-02-20;Plata
2285;gustavo rocha padilla;M;1979-03-22;Ate;Lima;2024-02-20;No afiliado
2286;Emmanuel Velásquez Nieto;M;1998-12-07;Iquitos;Loreto;2024-02-20;No afiliado
2287;milagros villafuerte sierra;F;1991-04-04;Cusco;Cusco;2024-02-20;Bronce
2288;EVA SIERRA CHÁVEZ;F;2007-12-28;Cerro Colorado;Arequipa;2024-02-20;Plata
2289;VEGA PAREDES ZAMBRANO;F;1999-04-03;Catacaos;Piura;2024-02-20;No afiliado
2290;Marisa Reyna Galarza;F;1973-08-14;Cerro Colorado;Arequipa;2024-02-20;Oro
2291;florencio mendieta ramírez;M;1981-09-08;El Porvenir;La Libertad;2024-02-20;Oro
2292;Susana Villafuerte Torres;F;1971-06-19;Los Olivos;Lima;2024-02-20;Bronce
2293;celsa reyna gálvez;F;1982-04-20;San Miguel;Lima;2024-02-20;Bronce
2294;MARCIANO JARA MARTÍNEZ;M;1985-03-22;San Juan de Lurigancho;Lima;2024-02-20;Oro
2295;Romualdo Manrique Sánchez;M;1982-05-29;Chilca;Junín;2024-02-20;Bronce
2296;Elsa Cabello Gallo;F;2005-07-04;Los Olivos;Lima;2024-02-21;No afiliado
2297;Celina Galarza Domínguez;F;1992-08-25;Los Olivos;Lima;2024-02-21;Oro
2298;Moisés Cruz Soto;M;2004-05-11;San Miguel;Lima;2024-02-21;No afiliado
2299;Alonso Aguilar Loayza;M;1990-05-06;Piura;Piura;2024-02-21;No afiliado
2300;FELICIDAD ZAPATA MONTOYA;F;1974-07-20;El Tambo;Junín;2024-02-21;No afiliado
2301;amparo farro benites;F;1953-08-24;La Esperanza;La Libertad;2024-02-21;Bronce
2302;tristán tello sanabria;M;1973-03-19;Ate;Lima;2024-02-21;No afiliado
2303;florencio serna montes;M;1936-06-30;Piura;Piura;2024-02-21;Plata
2304;BIANCA GARCÍA RIVERA;F;1999-11-13;Miraflores;Lima;2024-02-21;No afiliado
2305;CÉSAR CAMPOS NIETO;M;1958-02-14;Catacaos;Piura;2024-02-21;Plata
2306;Eloy Del Carpio Medina;M;1982-03-07;San Juan de Lurigancho;Lima;2024-02-21;Bronce
2307;Tomás Valverde Domínguez;M;1987-06-05;San Juan de Lurigancho;Lima;2024-02-21;Bronce
2308;Victoria Velásquez Chávez;F;1995-12-31;San Juan de Lurigancho;Lima;2024-02-21;Bronce
2309;DARÍO DOMÍNGUEZ ZAMBRANO;M;1980-02-03;Trujillo;La Libertad;2024-02-21;Plata
2310;Soraya Gálvez Portilla;F;1951-07-11;San Agustín;Junín;2024-02-21;No afiliado
2311;Romana Luna Reyna;F;1979-08-20;San Sebastián;Cusco;2024-02-21;Bronce
2312;sara quijano rocha;F;1984-08-19;El Tambo;Junín;2024-02-21;No afiliado
2313;Candelaria Dávila Lozano;F;1956-08-26;El Porvenir;La Libertad;2024-02-21;Bronce
2314;leonor chávez gómez;F;1987-08-23;Sullana;Piura;2024-02-21;No afiliado
2315;Laureano Pizarro Medina;M;2005-12-08;Comas;Lima;2024-02-21;Plata
2316;federico portilla dávila;M;1964-11-21;Wanchaq;Cusco;2024-02-21;No afiliado
2317;Eustaquio Serna Chacón;M;1946-03-17;Socabaya;Arequipa;2024-02-21;No afiliado
2318;Sergio Peralta Maldonado;M;1984-10-19;Huanchaco;La Libertad;2024-02-21;No afiliado
2319;VENTURA ALLCCA VELÁSQUEZ;M;1992-11-13;Chilca;Junín;2024-02-21;Plata
2320;Albina Manrique Riveros;F;2003-06-24;La Esperanza;La Libertad;2024-02-21;Plata
2321;NAPOLEÓN AGUILAR SANTOS;M;1994-05-07;José Leonardo Ortiz;Lambayeque;2024-02-21;No afiliado
2322;HÉCTOR GARCÍA LLANOS;M;1988-10-04;El Porvenir;La Libertad;2024-02-21;No afiliado
2323;EUSEBIA RAMÍREZ MALDONADO;F;1978-11-21;San Borja;Lima;2024-02-21;Bronce
2324;Álvaro Sánchez López;M;1960-08-14;San Martín de Porres;Lima;2024-02-21;Plata
2325;Moisés Avendaño Hurtado;M;1975-08-13;Cerro Colorado;Arequipa;2024-02-21;Bronce
2326;Isidora Vargas Manrique;F;1971-03-23;San Martín de Porres;Lima;2024-02-21;No afiliado
2327;Victoria Vega Gálvez;F;1978-12-28;Castilla;Piura;2024-02-21;Bronce
2328;Celeste Matías Reyna;F;2002-07-20;Cerro Colorado;Arequipa;2024-02-21;Bronce
2329;ASUNCIÓN CHÁVEZ CHÁVEZ;F;1957-09-04;Veintiséis de Octubre;Piura;2024-02-21;Bronce
2330;VIOLETA VALENZUELA DEL CARPIO;F;2002-10-28;Santiago de Surco;Lima;2024-02-21;Oro
2331;Leonor Cabello Villafuerte;F;1972-03-03;La Esperanza;La Libertad;2024-02-21;No afiliado
2332;Lorenzo Ramírez Rosales;M;1971-11-11;Sullana;Piura;2024-02-21;Plata
2333;Javier Moreno Benavides;M;1994-07-10;Ate;Lima;2024-02-21;Oro
2334;Ángel Matías Velásquez;M;2003-05-17;Santiago de Surco;Lima;2024-02-21;No afiliado
2335;Martín Ordóñez Vega;M;1988-09-29;Chiclayo;Lambayeque;2024-02-21;Plata
2336;FÁTIMA BENAVIDES MORENO;F;1981-02-25;Moche;La Libertad;2024-02-21;No afiliado
2337;samara pizarro navarrete;F;1967-04-04;El Porvenir;La Libertad;2024-02-21;Bronce
2338;Mauricio Valverde Solano;M;1956-03-06;Piura;Piura;2024-02-21;Bronce
2339;MARCIANO CORNEJO ORTEGA;M;1990-10-08;Yurimaguas;Loreto;2024-02-21;Bronce
2340;Moisés Torres Aguirre;M;2004-08-24;Comas;Lima;2024-02-21;Bronce
2341;Trinidad Ríos Quijano;F;1979-11-16;Sapallanga;Junín;2024-02-22;No afiliado
2342;Teofila Carranza Palacios;F;1993-01-18;Ate;Lima;2024-02-22;Plata
2343;Anastasio Chávez Aguirre;M;1967-11-19;Pimentel;Lambayeque;2024-02-22;Plata
2344;Héctor Benites Macedo;M;1992-10-01;Huancayo;Junín;2024-02-22;No afiliado
2345;Clodomiro Campos Estrella;M;1939-12-25;Los Olivos;Lima;2024-02-22;Bronce
2346;sergio solano zapata;M;1947-02-12;Villa El Salvador;Lima;2024-02-22;No afiliado
2347;Soraya Portilla Montes;F;1998-07-12;Ate;Lima;2024-02-22;Plata
2348;EDMUNDO MATÍAS MALDONADO;M;1949-04-20;José Leonardo Ortiz;Lambayeque;2024-02-22;No afiliado
2349;SILVIA GALLO ARAUJO;F;1970-04-26;Cerro Colorado;Arequipa;2024-02-22;Bronce
2350;Sergio Requejo Serna;M;1967-11-09;La Victoria;Lambayeque;2024-02-22;No afiliado
2351;Fortunato Serna Gómez;M;1981-01-12;Ate;Lima;2024-02-22;Bronce
2352;Josefa Santos Rivera;F;2007-09-05;La Esperanza;La Libertad;2024-02-22;No afiliado
2353;Jesús Palacios Cáceres;M;1997-11-21;Iquitos;Loreto;2024-02-22;Plata
2354;NEREA LLERENA PADILLA;F;1961-11-18;Castilla;Piura;2024-02-22;Bronce
2355;Casimiro Velásquez Valverde;M;1978-11-19;Comas;Lima;2024-02-22;Plata
2356;Apolonio Valenzuela Maldonado;M;1973-11-29;La Victoria;Lambayeque;2024-02-22;Plata
2357;Luis Mora Zúñiga;M;1961-01-25;San Juan de Lurigancho;Lima;2024-02-22;Bronce
2358;Gisela Zúñiga Tello;F;1996-02-24;Trujillo;La Libertad;2024-02-22;Oro
2359;Martín Portilla Rivera;M;1954-08-06;Chilca;Junín;2024-02-22;Bronce
2360;blas sanabria aguirre;M;2006-10-11;San Jerónimo;Cusco;2024-02-22;Plata
2361;Leonor Mendoza Villalba;F;1969-03-01;Cerro Colorado;Arequipa;2024-02-22;Bronce
2362;Albina Llanos Sánchez;F;1992-09-10;Paita;Piura;2024-02-22;Plata
2363;pilar gamarra gamarra;F;2005-06-18;San Juan de Lurigancho;Lima;2024-02-22;Bronce
2364;Aureliano Soto Tejada;M;1958-02-01;Sullana;Piura;2024-02-22;No afiliado
2365;Verónica Sánchez Delgado;F;1972-05-12;Belén;Loreto;2024-02-22;Oro
2366;Nepomuceno Farro Vargas;M;1977-10-26;Villa El Salvador;Lima;2024-02-22;Bronce
2367;susana rojas valenzuela;F;1983-05-19;Pariñas;Piura;2024-02-22;Bronce
2368;Felipe Rosales Valverde;M;1966-11-07;Miraflores;Lima;2024-02-22;No afiliado
2369;Erik Domínguez Cáceres;M;1983-03-27;Víctor Larco Herrera;La Libertad;2024-02-22;No afiliado
2370;LETICIA HURTADO PALACIOS;F;1956-04-17;San Juan Bautista;Loreto;2024-02-22;No afiliado
2371;Tomás Martínez Cruz;M;1978-04-09;Cusco;Cusco;2024-02-22;Bronce
2372;Ainhoa Gallo Reyna;F;1929-07-18;Trujillo;La Libertad;2024-02-22;Plata
2373;Brayan Vidal Obando;M;1933-06-03;Castilla;Piura;2024-02-22;Bronce
2374;Carlos Rivera Arango;M;1971-06-01;Arequipa;Arequipa;2024-02-22;Bronce
2375;Aniceto Cruz Chávez;M;1986-06-23;San Jerónimo;Cusco;2024-02-22;No afiliado
2376;salustiano valenzuela gálvez;M;1997-07-20;Huanchaco;La Libertad;2024-02-22;No afiliado
2377;Rubén Cruz Rivera;M;2000-03-04;Pariñas;Piura;2024-02-22;Plata
2378;Ruperto Serna Rojas;M;1993-10-29;Veintiséis de Octubre;Piura;2024-02-22;No afiliado
2379;Martín Vargas Sánchez;M;1974-12-28;Miraflores;Lima;2024-02-22;Plata
2380;Rafaela Palacios Coronado;F;1956-01-10;San Juan Bautista;Loreto;2024-02-22;Bronce
2381;Gloria Ulloa Pacheco;F;1954-05-09;San Sebastián;Cusco;2024-02-22;Bronce
2382;Pedro Aguilar Maldonado;M;1959-01-28;Catacaos;Piura;2024-02-22;Plata
2383;Raquel Mora Montes;F;1957-02-02;San Juan de Lurigancho;Lima;2024-02-22;Plata
2384;Ruperto Tejada Zambrano;M;1999-01-20;Iquitos;Loreto;2024-02-22;No afiliado
2385;BERNARDA VILLALOBOS ARROYO;F;1990-08-19;Pariñas;Piura;2024-02-22;No afiliado
2386;Valentín Arango Vilchez;M;2003-12-03;Cusco;Cusco;2024-02-23;No afiliado
2387;ATANASIO SIERRA AVENDAÑO;M;1977-07-11;Los Olivos;Lima;2024-02-23;Bronce
2388;GRACIA DÁVILA MENDOZA;F;1965-10-03;La Esperanza;La Libertad;2024-02-23;No afiliado
2389;Remedios Reyna Mejía;F;1977-12-28;Ate;Lima;2024-02-23;No afiliado
2390;Luisa Montes Paz;F;1961-11-05;Huancayo;Junín;2024-02-23;Bronce
2391;Aarón Muñoz Tejada;M;1936-03-05;Castilla;Piura;2024-02-23;Bronce
2392;Celso Muñiz Montes;M;1953-07-14;San Martín de Porres;Lima;2024-02-23;No afiliado
2393;Alba Dávila Ulloa;F;1954-12-19;Villa El Salvador;Lima;2024-02-23;No afiliado
2394;Celia Cabello Quijano;F;1966-12-31;Sullana;Piura;2024-02-23;No afiliado
2395;CAMILO CHÁVEZ CRUZ;M;1942-05-07;El Porvenir;La Libertad;2024-02-23;No afiliado
2396;ROMUALDO OJEDA LUNA;M;2008-01-01;La Esperanza;La Libertad;2024-02-23;No afiliado
2397;darío torrico jara;M;1951-06-02;Ate;Lima;2024-02-23;No afiliado
2398;Aureliano Palacios Rivera;M;1981-12-24;Socabaya;Arequipa;2024-02-23;Bronce
2399;Rafael Zambrano Rivera;M;1994-08-21;San Miguel;Lima;2024-02-23;Plata
2400;Concepción Rivera Fuentes;F;2003-02-12;San Juan de Lurigancho;Lima;2024-02-23;Plata
2401;Hugo Valle Domínguez;M;2000-09-01;Yurimaguas;Loreto;2024-02-23;Bronce
2402;Teofila Manrique Muñiz;F;1965-06-06;Santiago;Cusco;2024-02-23;No afiliado
2403;Esteban Ugarte Portilla;M;1983-09-02;Yurimaguas;Loreto;2024-02-23;No afiliado
2404;Zenón Nieto Macedo;M;1981-02-09;Moche;La Libertad;2024-02-23;Bronce
2405;Brayan Villafuerte Zambrano;M;1983-08-17;El Tambo;Junín;2024-02-23;Oro
2406;CAMILO ARROYO RAMÍREZ;M;1997-05-19;José Luis Bustamante y Rivero;Arequipa;2024-02-23;Bronce
2407;Patricia Bravo Solano;F;1944-05-15;Punchana;Loreto;2024-02-23;Plata
2408;Erasmo Ramírez Sánchez;M;1967-04-20;El Tambo;Junín;2024-02-23;Bronce
2409;Dorotea Del Carpio Portilla;F;1990-12-21;El Porvenir;La Libertad;2024-02-23;Bronce
2410;Micaela Medina Escobar;F;1999-12-20;Piura;Piura;2024-02-23;Bronce
2411;isaac garcía velásquez;M;1945-07-02;La Esperanza;La Libertad;2024-02-23;Plata
2412;Néstor Ugarte Amaya;M;1960-10-03;Ate;Lima;2024-02-23;Bronce
2413;Isaac Muñiz Campos;M;1986-09-06;Florencia de Mora;La Libertad;2024-02-23;Bronce
2414;VENTURA ARANGO MONTES;M;1944-04-27;Pariñas;Piura;2024-02-23;Bronce
2415;Anastasia Ramírez Zapata;F;1959-07-19;San Juan de Lurigancho;Lima;2024-02-23;Bronce
2416;Laura Rosales Chávez;F;2005-03-03;Belén;Loreto;2024-02-23;Bronce
2417;CLARA JIMÉNEZ RIVERA;F;2000-08-21;Lambayeque;Lambayeque;2024-02-23;Bronce
2418;SERGIO ORTEGA ROSALES;M;2003-04-06;José Luis Bustamante y Rivero;Arequipa;2024-02-23;Plata
2419;Fortunato Vega Salgado;M;1953-07-05;Cusco;Cusco;2024-02-23;Plata
2420;Guido Gutiérrez Hernández;M;1985-06-02;Punchana;Loreto;2024-02-23;Bronce
2421;Eva Valenzuela Ortega;F;1952-11-08;Santiago de Surco;Lima;2024-02-23;No afiliado
2422;Héctor Matías Gálvez;M;1978-08-26;Cusco;Cusco;2024-02-23;Plata
2423;Fabián Figueroa Ortega;M;1980-02-09;Wanchaq;Cusco;2024-02-23;No afiliado
2424;Maximiliano Quispe Gómez;M;2002-09-06;Comas;Lima;2024-02-23;No afiliado
2425;Emmanuel Paz Cornejo;M;2001-12-27;Sullana;Piura;2024-02-23;Bronce
2426;Sara Serna Zambrano;F;1962-02-07;Paita;Piura;2024-02-23;Bronce
2427;Clara Guerrero González;F;2000-02-06;Huanchaco;La Libertad;2024-02-23;Bronce
2428;Sergio Carranza Zambrano;M;1997-02-05;San Martín de Porres;Lima;2024-02-23;Bronce
2429;CELSO SANTOS VALLE;M;1928-10-03;El Porvenir;La Libertad;2024-02-23;Plata
2430;Amparo García Vásquez;F;1974-01-20;Piura;Piura;2024-02-23;Oro
2431;Efraín Del Carpio Yupanqui;M;1964-11-10;La Esperanza;La Libertad;2024-02-24;Bronce
2432;Elsa Mejía Arias;F;1978-04-24;San Juan de Lurigancho;Lima;2024-02-24;Oro
2433;Ainhoa Santos Carranza;F;1954-04-30;San Juan de Lurigancho;Lima;2024-02-24;Oro
2434;dante farro villanueva;M;1998-03-25;Los Olivos;Lima;2024-02-24;Bronce
2435;bernardo padilla aguirre;M;1963-11-01;Florencia de Mora;La Libertad;2024-02-24;No afiliado
2436;Leonor Zambrano López;F;1962-03-28;Chiclayo;Lambayeque;2024-02-24;No afiliado
2437;Fátima Pérez Medina;F;1950-06-13;Chilca;Junín;2024-02-24;Bronce
2438;Rocío Moreno Vásquez;F;1977-12-26;José Luis Bustamante y Rivero;Arequipa;2024-02-24;No afiliado
2439;José Sierra Ordoñez;M;1991-09-05;Cerro Colorado;Arequipa;2024-02-24;Bronce
2440;María Palacios Ugarte;F;1971-02-11;Chiclayo;Lambayeque;2024-02-24;No afiliado
2441;teodora nieto pacheco;F;1982-02-08;José Leonardo Ortiz;Lambayeque;2024-02-24;Plata
2442;Sara Chávez Campos;F;1985-10-20;El Porvenir;La Libertad;2024-02-24;No afiliado
2443;Carlos Carranza Maldonado;M;1996-10-18;Veintiséis de Octubre;Piura;2024-02-24;Oro
2444;FÁTIMA ZAMBRANO VELÁSQUEZ;F;1952-11-16;Moche;La Libertad;2024-02-24;No afiliado
2445;Federico Machuca Acuña;M;1961-07-14;San Juan Bautista;Loreto;2024-02-24;Bronce
2446;Laura Valenzuela Santos;F;1960-07-02;Punchana;Loreto;2024-02-24;Bronce
2447;Soraya Rojas Cruz;F;1988-10-04;San Martín de Porres;Lima;2024-02-24;Plata
2448;César Zúñiga Rojas;M;2005-05-29;Miraflores;Lima;2024-02-24;Plata
2449;Laura Nieto Reyna;F;1987-09-09;Trujillo;La Libertad;2024-02-24;Bronce
2450;Adela Suárez Zapata;F;1971-07-20;Comas;Lima;2024-02-24;Oro
2451;Asunción Domínguez Velásquez;F;2005-04-17;Chiclayo;Lambayeque;2024-02-24;Oro
2452;Feliciana Vega Ugarte;F;1956-01-10;Trujillo;La Libertad;2024-02-24;Bronce
2453;Avelino Vásquez Cruz;M;1997-02-02;Los Olivos;Lima;2024-02-24;No afiliado
2454;TRINIDAD UGARTE ESTRELLA;F;1990-02-24;San Juan de Lurigancho;Lima;2024-02-24;No afiliado
2455;herminia trujillo torres;F;1956-06-09;Sullana;Piura;2024-02-24;No afiliado
2456;ESTEFANÍA ESCOBAR SERNA;F;1964-01-25;Comas;Lima;2024-02-24;Bronce
2457;lourdes montes chávez;F;1998-03-29;José Leonardo Ortiz;Lambayeque;2024-02-24;Oro
2458;Filiberto Estrella Campos;M;1977-06-30;Castilla;Piura;2024-02-24;No afiliado
2459;NATALIA JIMÉNEZ MALDONADO;F;1994-10-30;Huanchaco;La Libertad;2024-02-24;Bronce
2460;URSULA GUERRERO SÁNCHEZ;F;1989-06-26;San Martín de Porres;Lima;2024-02-24;Plata
2461;Fabián Portilla Mejía;M;2007-05-11;Piura;Piura;2024-02-24;Bronce
2462;Teodora Del Carpio Reyna;F;1976-06-20;Moche;La Libertad;2024-02-24;Plata
2463;Eduardo Montoya Ordóñez;M;1977-02-08;Sullana;Piura;2024-02-24;Bronce
2464;alcides tejada benites;M;2003-09-17;Santiago de Surco;Lima;2024-02-24;No afiliado
2465;bernardo manrique muñoz;M;1994-08-18;Huanchaco;La Libertad;2024-02-24;No afiliado
2466;Pancho Chávez Cruz;M;2006-08-14;Ate;Lima;2024-02-24;Bronce
2467;GISELA CONDE MIRANDA;F;2006-05-25;Trujillo;La Libertad;2024-02-24;Oro
2468;Natalia Llerena Gómez;F;2002-02-18;Punchana;Loreto;2024-02-24;Bronce
2469;arturo domínguez chávez;M;1977-12-21;San Juan de Lurigancho;Lima;2024-02-24;No afiliado
2470;Rosario Trejo Mejía;F;1993-01-25;Los Olivos;Lima;2024-02-24;Bronce
2471;Eugenia Rivera Palomino;F;1962-04-22;El Tambo;Junín;2024-02-24;Oro
2472;INMACULADA VIDAL CONDE;F;1977-07-03;San Juan de Lurigancho;Lima;2024-02-24;Bronce
2473;Victoria Estrella Estrella;F;1996-06-06;Villa El Salvador;Lima;2024-02-24;Bronce
2474;Carmen Arias Chávez;F;1976-08-22;Víctor Larco Herrera;La Libertad;2024-02-24;No afiliado
2475;Marciano Tejada Sánchez;M;1987-04-21;Santiago de Surco;Lima;2024-02-24;No afiliado
2476;Clara Vargas Maldonado;F;1958-12-25;La Victoria;Lambayeque;2024-02-25;No afiliado
2477;Restituto Manrique García;M;1948-11-22;Arequipa;Arequipa;2024-02-25;Plata
2478;Remedios Lozano Zambrano;F;2002-03-29;Veintiséis de Octubre;Piura;2024-02-25;Bronce
2479;Brayan Villalba Valenzuela;M;1983-11-16;Belén;Loreto;2024-02-25;No afiliado
2480;agustín cruz quispe;M;1988-11-30;San Juan de Lurigancho;Lima;2024-02-25;Bronce
2481;ERIKA SOLANO UGARTE;F;1965-06-25;José Leonardo Ortiz;Lambayeque;2024-02-25;No afiliado
2482;Mario Gálvez Sánchez;M;1965-07-07;San Juan de Lurigancho;Lima;2024-02-25;Plata
2483;Marciano Portilla Torrico;M;1957-06-07;San Juan de Lurigancho;Lima;2024-02-25;No afiliado
2484;Luz Chávez Jara;F;1964-08-24;Huanchaco;La Libertad;2024-02-25;Plata
2485;Camilo Arce Miranda;M;2004-04-15;Santiago;Cusco;2024-02-25;Plata
2486;Álvaro Arroyo Rocha;M;1957-11-07;San Martín de Porres;Lima;2024-02-25;Oro
2487;Martín Ramírez Mora;M;1987-03-11;Cusco;Cusco;2024-02-25;Bronce
2488;Belén Campos Medina;F;1978-06-27;Lima;Lima;2024-02-25;No afiliado
2489;Fidel Lozano Villafuerte;M;2001-05-18;Trujillo;La Libertad;2024-02-25;Oro
2490;LEOCADIA RIVEROS SERNA;F;2003-06-03;Requena;Loreto;2024-02-25;Bronce
2491;Vicenta Figueroa Padilla;F;1997-06-20;Yurimaguas;Loreto;2024-02-25;No afiliado
2492;Felicidad Cabello Escobar;F;1952-09-11;Piura;Piura;2024-02-25;No afiliado
2493;matías villafuerte arce;M;1991-12-06;Castilla;Piura;2024-02-25;Plata
2494;Avelino Rivera Llerena;M;1967-09-24;Huanchaco;La Libertad;2024-02-25;Bronce
2495;SERAFÍN VILLALBA HURTADO;M;2003-10-12;Chiclayo;Lambayeque;2024-02-25;Bronce
2496;Amparo Villegas Portilla;F;1953-07-23;Poroy;Cusco;2024-02-25;Bronce
2497;MERCEDES NIETO GARCÍA;F;1988-01-21;Cerro Colorado;Arequipa;2024-02-25;Bronce
2498;Hugo Campos Sanabria;M;1968-01-03;Ate;Lima;2024-02-25;Bronce
2499;Blanca Araujo Tejada;F;1959-05-03;San Juan de Lurigancho;Lima;2024-02-25;No afiliado
2500;eutiquio garcía cornejo;M;1952-06-06;Piura;Piura;2024-02-25;Plata
2501;Consuelo Navarrete Sierra;F;1991-09-19;Trujillo;La Libertad;2024-02-25;Bronce
2502;Ariadna Valenzuela Maldonado;F;1986-08-06;San Sebastián;Cusco;2024-02-25;Plata
2503;Esteban Manrique Palacios;M;1964-12-31;José Luis Bustamante y Rivero;Arequipa;2024-02-25;Bronce
2504;julio dávila rivera;M;1927-10-05;Lima;Lima;2024-02-25;Bronce
2505;Aníbal Cornejo Maldonado;M;1958-07-05;San Juan de Lurigancho;Lima;2024-02-25;No afiliado
2506;NOELIA ESTRELLA VILLALBA;F;1997-06-30;San Sebastián;Cusco;2024-02-25;Oro
2507;Erika Gallo Domínguez;F;1981-09-29;San Jerónimo;Cusco;2024-02-25;Bronce
2508;Herminia Ojeda Gallo;F;1986-04-07;Trujillo;La Libertad;2024-02-25;No afiliado
2509;Esther Zúñiga Callirgos;F;1991-01-21;Huancayo;Junín;2024-02-25;Bronce
2510;Abel Arango Torres;M;1979-03-20;Cusco;Cusco;2024-02-25;Bronce
2511;Emmanuel Llerena Fuentes;M;2005-07-26;Trujillo;La Libertad;2024-02-25;Bronce
2512;Silvano Guerrero Rojas;M;1957-02-28;San Juan de Lurigancho;Lima;2024-02-25;No afiliado
2513;Monserrat Gallo Sánchez;F;1985-06-09;Paucarpata;Arequipa;2024-02-25;No afiliado
2514;josefa zambrano portilla;F;1988-11-26;Trujillo;La Libertad;2024-02-25;Plata
2515;francisco valverde vargas;M;1936-03-15;José Luis Bustamante y Rivero;Arequipa;2024-02-25;Oro
2516;Marisa Nieto Araujo;F;1993-06-06;Sullana;Piura;2024-02-25;No afiliado
2517;Teodosia Palomino Pacheco;F;1963-01-10;Yanahuara;Arequipa;2024-02-25;No afiliado
2518;Romualdo Allcca Meneses;M;2000-06-14;Chilca;Junín;2024-02-25;Bronce
2519;Bernarda Sanabria Palacios;F;1981-09-04;La Esperanza;La Libertad;2024-02-25;Plata
2520;elisa gutiérrez valle;F;2002-05-30;Ate;Lima;2024-02-25;Bronce
2521;María Chávez Rivera;F;1947-01-20;Santiago de Surco;Lima;2024-02-26;No afiliado
2522;Elena Ulloa Meneses;F;1969-05-29;Piura;Piura;2024-02-26;No afiliado
2523;HUGO CHÁVEZ DEL CARPIO;M;1991-12-05;Ate;Lima;2024-02-26;No afiliado
2524;Reme Matías Serna;F;1987-03-12;Trujillo;La Libertad;2024-02-26;Oro
2525;RESTITUTO AVENDAÑO HURTADO;M;1986-02-01;Ate;Lima;2024-02-26;Bronce
2526;Balbina Estrella Arango;F;2005-01-15;San Sebastián;Cusco;2024-02-26;Bronce
2527;HÉCTOR PALACIOS ARANGO;M;1962-06-02;Villa El Salvador;Lima;2024-02-26;Plata
2528;inmaculada torres mejía;F;1986-05-11;Villa El Salvador;Lima;2024-02-26;Bronce
2529;MOISÉS SANTOS PAREDES;M;1986-05-24;Ate;Lima;2024-02-26;Bronce
2530;Albina Tello Galarza;F;1957-01-07;José Leonardo Ortiz;Lambayeque;2024-02-26;Plata
2531;bernarda valverde vilca;F;1994-07-12;Los Olivos;Lima;2024-02-26;Bronce
2532;JOSEFA ROCHA PAREDES;F;2000-09-15;Chiclayo;Lambayeque;2024-02-26;No afiliado
2533;Gloria Benites Escobar;F;1971-07-15;Pariñas;Piura;2024-02-26;Bronce
2534;Albina Dávila Sánchez;F;1990-01-22;Miraflores;Lima;2024-02-26;No afiliado
2535;Catalina Valenzuela Aguirre;F;2006-09-04;El Porvenir;La Libertad;2024-02-26;No afiliado
2536;julio rocha carranza;M;1983-11-01;Comas;Lima;2024-02-26;Plata
2537;lorena callirgos nieto;F;1992-12-08;Veintiséis de Octubre;Piura;2024-02-26;Bronce
2538;Teresa Rosales Nieto;F;1994-05-02;Cayma;Arequipa;2024-02-26;Plata
2539;Justo Vilchez Callirgos;M;1950-07-10;Veintiséis de Octubre;Piura;2024-02-26;Plata
2540;Lucas Pérez Chávez;M;1957-04-30;Comas;Lima;2024-02-26;Bronce
2541;Clara Cruz Maldonado;F;1983-08-23;Cerro Colorado;Arequipa;2024-02-26;Plata
2542;ALFONSO ALLCCA MARTÍNEZ;M;1952-01-24;Iquitos;Loreto;2024-02-26;No afiliado
2543;Ariadna Ponce Valenzuela;F;1994-08-29;Chiclayo;Lambayeque;2024-02-26;Bronce
2544;Elisa Riveros Gallo;F;1991-09-23;Santiago;Cusco;2024-02-26;No afiliado
2545;Anabel Cruz Velásquez;F;1986-07-21;Piura;Piura;2024-02-26;Plata
2546;Asunción Macedo Riveros;F;1988-02-26;El Porvenir;La Libertad;2024-02-26;Plata
2547;Teodosia Gamarra Mejía;F;1955-05-31;Huanchaco;La Libertad;2024-02-26;Oro
2548;ursula cruz delgado;F;1973-07-26;San Juan Bautista;Loreto;2024-02-26;Bronce
2549;gabriela villafuerte matías;F;2004-01-15;Lambayeque;Lambayeque;2024-02-26;Bronce
2550;Alejandro Rojas Manrique;M;1985-01-12;San Juan Bautista;Loreto;2024-02-26;Bronce
2551;Concepción Vásquez Paz;F;2000-05-24;Yanahuara;Arequipa;2024-02-26;Bronce
2552;CORNELIO SERNA MONTALVO;M;1947-11-11;La Esperanza;La Libertad;2024-02-26;No afiliado
2553;Violeta Palacios Santos;F;1963-06-23;Yurimaguas;Loreto;2024-02-26;Bronce
2554;Emilia Zambrano Chávez;F;1926-06-20;Sullana;Piura;2024-02-26;Plata
2555;Inmaculada Ríos Farro;F;1998-12-27;Catacaos;Piura;2024-02-26;No afiliado
2556;Moisés Pizarro Gómez;M;1951-06-14;Lima;Lima;2024-02-26;Bronce
2557;Isidora Montes Rojas;F;2001-10-25;Reque;Lambayeque;2024-02-26;No afiliado
2558;Ricardo Muñoz Chambi;M;2001-10-21;Lima;Lima;2024-02-26;Plata
2559;Federico Campos Montes;M;2002-08-03;San Martín de Porres;Lima;2024-02-26;Plata
2560;Adriana Sánchez Escobar;F;2007-09-12;José Luis Bustamante y Rivero;Arequipa;2024-02-26;No afiliado
2561;Bárbara Benites Salazar;F;2003-12-04;Sullana;Piura;2024-02-26;Plata
2562;Susana Montoya Velásquez;F;2005-09-11;Yurimaguas;Loreto;2024-02-26;Plata
2563;Teodosia Riveros Valle;F;1985-02-05;Trujillo;La Libertad;2024-02-26;No afiliado
2564;Olga Navarrete Moreno;F;1999-10-04;Punchana;Loreto;2024-02-26;Bronce
2565;Candelaria Vilca Merino;F;1980-04-07;Paucarpata;Arequipa;2024-02-26;No afiliado
2566;Dante Torrico Medina;M;1997-12-03;Villa El Salvador;Lima;2024-02-27;Bronce
2567;Encarnación Vega Matías;F;1992-01-18;Trujillo;La Libertad;2024-02-27;Bronce
2568;Atilio Estrella Merino;M;1960-03-31;Cerro Colorado;Arequipa;2024-02-27;Plata
2569;Leocadia Cornejo Dávila;F;1985-06-10;Huancayo;Junín;2024-02-27;No afiliado
2570;Victoria Rivera Palacios;F;1987-12-04;Sapallanga;Junín;2024-02-27;No afiliado
2571;Susana Vásquez Del Carpio;F;1963-07-01;Víctor Larco Herrera;La Libertad;2024-02-27;Plata
2572;Guillermo Manrique Mora;M;1993-11-10;Socabaya;Arequipa;2024-02-27;Plata
2573;Vicente Arce Quispe;M;2007-03-18;Trujillo;La Libertad;2024-02-27;Bronce
2574;candelaria lozano gallo;F;1990-08-25;Villa El Salvador;Lima;2024-02-27;No afiliado
2575;Martina Pérez Villanueva;F;1990-08-06;Yurimaguas;Loreto;2024-02-27;Bronce
2576;Olga Ponce Campos;F;1998-01-21;San Sebastián;Cusco;2024-02-27;No afiliado
2577;Ceferino Cruz Dávila;M;1952-07-12;Chiclayo;Lambayeque;2024-02-27;Bronce
2578;MICAELA AMAYA PORTILLA;F;1990-10-13;Cerro Colorado;Arequipa;2024-02-27;No afiliado
2579;Gisela Chávez Llanos;F;1977-10-28;Florencia de Mora;La Libertad;2024-02-27;No afiliado
2580;Marciano Riveros Benites;M;2004-07-23;Chilca;Junín;2024-02-27;Bronce
2581;Ariadna Gallo López;F;1994-11-18;Sullana;Piura;2024-02-27;Bronce
2582;Lucía Navarrete Campos;F;1997-10-27;Reque;Lambayeque;2024-02-27;Plata
2583;Victoria Montes Avendaño;F;1980-05-28;Punchana;Loreto;2024-02-27;Bronce
2584;Nerea Figueroa Arroyo;F;1989-01-12;Los Olivos;Lima;2024-02-27;No afiliado
2585;Camilo Villalba Benites;M;1987-11-25;San Juan de Lurigancho;Lima;2024-02-27;Oro
2586;gustavo martínez rodríguez;M;2002-01-13;Paucarpata;Arequipa;2024-02-27;No afiliado
2587;Darío Arango Matías;M;1978-05-13;San Martín de Porres;Lima;2024-02-27;No afiliado
2588;Romualdo Villalobos Martínez;M;2006-06-30;Ate;Lima;2024-02-27;Bronce
2589;Lorena Hurtado Sánchez;F;1977-08-02;Los Olivos;Lima;2024-02-27;No afiliado
2590;Darío Benites Campos;M;1962-04-29;Yurimaguas;Loreto;2024-02-27;Plata
2591;Marcial Cruz Escobar;M;1956-02-04;San Martín de Porres;Lima;2024-02-27;No afiliado
2592;erik bello rivera;M;1970-12-31;San Martín de Porres;Lima;2024-02-27;No afiliado
2593;Oihane Martínez Ordoñez;F;1999-05-19;Veintiséis de Octubre;Piura;2024-02-27;Bronce
2594;josefa avendaño valverde;F;1966-05-05;San Juan de Lurigancho;Lima;2024-02-27;No afiliado
2595;Silvano Arroyo Villalobos;M;1994-09-06;La Esperanza;La Libertad;2024-02-27;Plata
2596;GUIDO GONZÁLEZ SIERRA;M;1997-06-30;La Esperanza;La Libertad;2024-02-27;Bronce
2597;Carmen Ugarte Meneses;F;1946-03-23;El Porvenir;La Libertad;2024-02-27;No afiliado
2598;María García Trejo;F;1956-10-29;Paucarpata;Arequipa;2024-02-27;Bronce
2599;Virginia Ríos Pizarro;F;1981-06-05;José Leonardo Ortiz;Lambayeque;2024-02-27;Bronce
2600;Lorena Montalvo Montoya;F;1976-04-20;San Jerónimo;Cusco;2024-02-27;Oro
2601;Jacobo Domínguez Vidal;M;1988-07-26;San Martín de Porres;Lima;2024-02-27;No afiliado
2602;casimiro portilla campos;M;2005-07-03;San Juan de Lurigancho;Lima;2024-02-27;Plata
2603;Eustaquio Rodríguez Sanabria;M;1975-01-05;Comas;Lima;2024-02-27;No afiliado
2604;romualdo araujo montes;M;1999-04-16;Paucarpata;Arequipa;2024-02-27;Bronce
2605;Margarita Rojas Santos;F;2001-03-30;Socabaya;Arequipa;2024-02-27;Plata
2606;salvador amaya dávila;M;1983-01-23;Trujillo;La Libertad;2024-02-27;Bronce
2607;Pancho Torres Aguilar;M;1964-11-12;San Sebastián;Cusco;2024-02-27;Bronce
2608;Tobías Del Carpio Trejo;M;1971-03-07;Catacaos;Piura;2024-02-27;No afiliado
2609;serafín soto merino;M;1985-06-14;Los Olivos;Lima;2024-02-27;Bronce
2610;TADEO ROJAS VÁSQUEZ;M;1981-10-19;Piura;Piura;2024-02-27;Plata
2611;Tamara Velarde Trejo;F;1949-10-03;Paita;Piura;2024-02-28;No afiliado
2612;Celina Campos Llerena;F;1981-04-20;Iquitos;Loreto;2024-02-28;Bronce
2613;Sinforoso Acuña Hurtado;M;2002-06-19;Monsefú;Lambayeque;2024-02-28;Plata
2614;amparo cruz nieto;F;2007-12-23;Arequipa;Arequipa;2024-02-28;Bronce
2615;raúl vásquez reyna;M;1982-05-11;Villa El Salvador;Lima;2024-02-28;Oro
2616;Francisco García Villalba;M;1985-05-08;Pimentel;Lambayeque;2024-02-28;Bronce
2617;MARISOL ORDOÑEZ DOMÍNGUEZ;F;1994-06-19;Yurimaguas;Loreto;2024-02-28;Oro
2618;Tobías Ponce Villalba;M;1985-11-20;Nauta;Loreto;2024-02-28;Bronce
2619;Sara Gallo Montes;F;1998-05-25;Cerro Colorado;Arequipa;2024-02-28;Bronce
2620;Marcial Vásquez Chávez;M;1997-06-04;San Juan de Lurigancho;Lima;2024-02-28;No afiliado
2621;Héctor Trejo Gálvez;M;1994-01-15;Sullana;Piura;2024-02-28;Bronce
2622;Victoria Campos Santos;F;1984-08-25;San Juan de Lurigancho;Lima;2024-02-28;No afiliado
2623;BERNARDA CABELLO LLERENA;F;2004-09-09;Arequipa;Arequipa;2024-02-28;Plata
2624;cecilia garcía meneses;F;1950-04-09;San Juan Bautista;Loreto;2024-02-28;Oro
2625;Herminia Montoya Zambrano;F;1963-08-21;Villa El Salvador;Lima;2024-02-28;Bronce
2626;Asunción Arroyo Moreno;F;1960-08-29;San Juan de Lurigancho;Lima;2024-02-28;Bronce
2627;Josefa Vega Villalba;F;1951-08-24;Chilca;Junín;2024-02-28;No afiliado
2628;CEFERINO SIERRA PAZ;M;1989-10-21;San Borja;Lima;2024-02-28;No afiliado
2629;Leonor Tejada Villalba;F;1996-04-15;Cerro Colorado;Arequipa;2024-02-28;No afiliado
2630;Luis Velásquez Hurtado;M;1988-04-04;San Sebastián;Cusco;2024-02-28;No afiliado
2631;Monserrat Muñoz Escobar;F;1952-02-02;El Porvenir;La Libertad;2024-02-28;Bronce
2632;ARANTXA ORDOÑEZ CHÁVEZ;F;1976-10-27;Chilca;Junín;2024-02-28;Bronce
2633;gloria domínguez solano;F;1928-01-13;Trujillo;La Libertad;2024-02-28;Bronce
2634;Monserrat Villalba Arroyo;F;1976-05-20;Trujillo;La Libertad;2024-02-28;No afiliado
2635;carmen montes zambrano;F;2005-11-02;Sullana;Piura;2024-02-28;Plata
2636;herminia chávez zapata;F;1988-09-19;José Leonardo Ortiz;Lambayeque;2024-02-28;Bronce
2637;Elisa Chávez Matías;F;1997-01-01;Villa El Salvador;Lima;2024-02-28;Oro
2638;eustaquio loayza quijano;M;2006-10-03;Florencia de Mora;La Libertad;2024-02-28;Bronce
2639;marcos rodríguez garcía;M;1951-09-14;Villa El Salvador;Lima;2024-02-28;Bronce
2640;fátima bustos galarza;F;1989-10-20;Cayma;Arequipa;2024-02-28;Bronce
2641;Crispina Mendoza Jiménez;F;1999-07-13;San Martín de Porres;Lima;2024-02-28;Bronce
2642;Gisela Valverde Peralta;F;1973-12-27;Cerro Colorado;Arequipa;2024-02-28;Oro
2643;Fátima Rojas Bello;F;1990-07-16;Sullana;Piura;2024-02-28;Bronce
2644;alba valle vilchez;F;1997-01-11;San Juan de Lurigancho;Lima;2024-02-28;Bronce
2645;Gisela Sánchez Portilla;F;2001-12-02;El Tambo;Junín;2024-02-28;Plata
2646;Benjamín Arango Reyna;M;1980-12-12;Huanchaco;La Libertad;2024-02-28;Bronce
2647;raúl muñoz ponce;M;1968-07-17;Castilla;Piura;2024-02-28;Bronce
2648;Aarón Ramírez Arango;M;1987-08-15;San Juan de Lurigancho;Lima;2024-02-28;Plata
2649;Federico Sánchez Ponce;M;1960-05-18;Lima;Lima;2024-02-28;No afiliado
2650;Gema Carranza Lozano;F;1962-04-21;José Leonardo Ortiz;Lambayeque;2024-02-28;Plata
2651;Joaquín Zúñiga Torres;M;1990-11-14;Castilla;Piura;2024-02-28;No afiliado
2652;Tobías Valle Farro;M;1992-02-10;Pariñas;Piura;2024-02-28;Bronce
2653;Estela Carranza Chacón;F;1956-04-30;Huanchaco;La Libertad;2024-02-28;Bronce
2654;Soraya Farro Gamarra;F;1997-08-25;Moche;La Libertad;2024-02-28;No afiliado
2655;Filomena Bravo Chambi;F;1953-02-23;Sullana;Piura;2024-02-28;Bronce
2656;Ariadna Muñiz Ortega;F;1983-01-09;Pariñas;Piura;2024-02-29;Plata
2657;Asunción Reyna Rojas;F;1977-12-06;Veintiséis de Octubre;Piura;2024-02-29;Bronce
2658;Sofía Torres Rivera;F;1981-08-08;Castilla;Piura;2024-02-29;Bronce
2659;Patricia Aguirre Valenzuela;F;1964-01-18;Socabaya;Arequipa;2024-02-29;Bronce
2660;Pancho Arango Domínguez;M;1978-07-31;El Porvenir;La Libertad;2024-02-29;Bronce
2661;Sol Villanueva Vásquez;F;1983-03-24;Chiclayo;Lambayeque;2024-02-29;Oro
2662;Tomasa Valenzuela Valverde;F;1996-10-05;Santiago de Surco;Lima;2024-02-29;No afiliado
2663;Raúl Cornejo Montoya;M;1961-05-29;Cayma;Arequipa;2024-02-29;No afiliado
2664;Eutiquio Portilla Portilla;M;1957-05-27;Saylla;Cusco;2024-02-29;Bronce
2665;Julio Maldonado Gallo;M;1990-12-06;Catacaos;Piura;2024-02-29;Bronce
2666;Catalina Ramírez Navarrete;F;1955-03-28;San Juan Bautista;Loreto;2024-02-29;Oro
2667;LUIS FARRO GALLO;M;1991-11-11;Pariñas;Piura;2024-02-29;Bronce
2668;paulina estrella llanos;F;2001-08-04;San Borja;Lima;2024-02-29;No afiliado
2669;Ildefonsa García Tejada;F;1992-09-22;San Sebastián;Cusco;2024-02-29;Bronce
2670;Santiago Gálvez Villalba;M;1949-05-31;San Borja;Lima;2024-02-29;Plata
2671;Fidela Rojas Solano;F;1977-04-28;Jesús María;Lima;2024-02-29;Plata
2672;adrián ojeda vásquez;M;1978-09-26;Paucarpata;Arequipa;2024-02-29;Plata
2673;héctor medina vilchez;M;1994-08-31;La Esperanza;La Libertad;2024-02-29;Bronce
2674;MELITÓN CORONADO ZÚÑIGA;M;1987-07-10;Socabaya;Arequipa;2024-02-29;Bronce
2675;DARÍO PAZ GARCÍA;M;1956-09-18;San Juan Bautista;Loreto;2024-02-29;Bronce
2676;Isidoro Solano Cáceres;M;1949-01-05;Ate;Lima;2024-02-29;Bronce
2677;OLGA VARGAS MALDONADO;F;2005-08-09;Comas;Lima;2024-02-29;Plata
2678;Ireneo Galarza Medina;M;1960-02-10;San Juan de Lurigancho;Lima;2024-02-29;Bronce
2679;Feliciana Medina Muñoz;F;1988-11-11;El Porvenir;La Libertad;2024-02-29;Plata
2680;angustias chávez benavides;F;1981-05-12;Lima;Lima;2024-02-29;Bronce
2681;Abel Hernández Cruz;M;1945-03-02;San Martín de Porres;Lima;2024-02-29;Bronce
2682;edmundo acuña yañez;M;1978-02-08;Villa El Salvador;Lima;2024-02-29;Bronce
2683;Ruperto Vidal Santos;M;1971-02-06;San Juan Bautista;Loreto;2024-02-29;No afiliado
2684;héctor velásquez valenzuela;M;2001-10-14;Piura;Piura;2024-02-29;Bronce
2685;Luz Portilla Chávez;F;1984-07-17;Huanchaco;La Libertad;2024-02-29;No afiliado
2686;Tamara Moreno Cruz;F;1956-12-16;Moche;La Libertad;2024-02-29;No afiliado
2687;Salud Solano Rojas;F;1995-03-14;La Victoria;Lambayeque;2024-02-29;Bronce
2688;Marcos Carranza Cruz;M;2004-05-12;José Leonardo Ortiz;Lambayeque;2024-02-29;Bronce
2689;Rosario Zapata Lozano;F;1988-03-08;Villa El Salvador;Lima;2024-02-29;Plata
2690;evaristo conde cruz;M;1992-04-03;Villa El Salvador;Lima;2024-02-29;Oro
2691;Inmaculada Ulloa Lozano;F;1981-09-24;San Martín de Porres;Lima;2024-02-29;No afiliado
2692;matías zeballos llerena;M;2001-08-29;Los Olivos;Lima;2024-02-29;Oro
2693;MICAELA VILLEGAS ESCOBAR;F;1993-12-24;San Juan de Lurigancho;Lima;2024-02-29;Bronce
2694;Rubén Rivera Paredes;M;1971-12-18;San Juan de Lurigancho;Lima;2024-02-29;No afiliado
2695;tomasa llanos nieto;F;1966-02-25;Belén;Loreto;2024-02-29;Oro
2696;MAXIMILIANO CRUZ ARROYO;M;2006-08-25;Chiclayo;Lambayeque;2024-02-29;No afiliado
2697;Teodora Ojeda Valverde;F;1984-09-28;José Leonardo Ortiz;Lambayeque;2024-02-29;Bronce
2698;GUIDO ESCOBAR MEDINA;M;1990-06-15;Huanchaco;La Libertad;2024-02-29;Bronce
2699;Eloísa Velásquez Padilla;F;1997-05-09;Los Olivos;Lima;2024-02-29;Oro
2700;Onésimo Arias Gallo;M;1995-05-08;Santiago;Cusco;2024-02-29;Bronce
2701;bianca villalobos trejo;F;2004-02-08;Santiago;Cusco;2024-03-01;Bronce
2702;Homero Portilla Hernández;M;1972-08-17;Lambayeque;Lambayeque;2024-03-01;Bronce
2703;Paulina Zúñiga Hurtado;F;1953-04-09;Chiclayo;Lambayeque;2024-03-01;No afiliado
2704;EVARISTO CHÁVEZ VELÁSQUEZ;M;2005-05-12;Trujillo;La Libertad;2024-03-01;Bronce
2705;Esperanza Jara Domínguez;F;2004-09-10;Yanahuara;Arequipa;2024-03-01;No afiliado
2706;Federico Serna Bustos;M;2001-05-20;Yurimaguas;Loreto;2024-03-01;Bronce
2707;Damián Villafuerte Trujillo;M;1998-08-30;La Esperanza;La Libertad;2024-03-01;Bronce
2708;Laura Meneses Velásquez;F;1989-12-03;Veintiséis de Octubre;Piura;2024-03-01;No afiliado
2709;Francisco Medina Palacios;M;1996-11-24;Cerro Colorado;Arequipa;2024-03-01;Plata
2710;FABIOLA CHÁVEZ ORDOÑEZ;F;1989-10-08;Cerro Colorado;Arequipa;2024-03-01;Plata
2711;Romana Loayza Rivera;F;2002-12-11;San Jerónimo;Cusco;2024-03-01;No afiliado
2712;Laura Ugarte Suárez;F;1978-02-23;San Juan de Lurigancho;Lima;2024-03-01;Plata
2713;DARÍO ULLOA CRUZ;M;2006-04-26;San Juan de Lurigancho;Lima;2024-03-01;No afiliado
2714;Amparo Hurtado Matías;F;2006-10-18;José Luis Bustamante y Rivero;Arequipa;2024-03-01;Plata
2715;Ruperto Tejada Ramírez;M;1966-08-14;San Sebastián;Cusco;2024-03-01;No afiliado
2716;Luis Estrella Montoya;M;1981-01-25;Arequipa;Arequipa;2024-03-01;No afiliado
2717;ÁNGEL TELLO GALLO;M;1946-10-19;Sullana;Piura;2024-03-01;Bronce
2718;Eufemia Carranza Mejía;F;1973-06-02;Comas;Lima;2024-03-01;Bronce
2719;CELSO GALLO DÁVILA;M;1999-06-13;Socabaya;Arequipa;2024-03-01;No afiliado
2720;Catalina Villalobos Palomino;F;2000-10-11;Los Olivos;Lima;2024-03-01;No afiliado
2721;ATANASIO REYNA GÁLVEZ;M;2002-10-27;Punchana;Loreto;2024-03-01;Bronce
2722;Lucrecia Amaya Paredes;F;1989-06-28;San Juan de Lurigancho;Lima;2024-03-01;Plata
2723;Vega Lozano Allcca;F;1954-03-01;Paita;Piura;2024-03-01;Bronce
2724;VERÓNICA TEJADA REYNA;F;1984-10-09;Víctor Larco Herrera;La Libertad;2024-03-01;Plata
2725;Martín Solano Delgado;M;1988-07-29;José Luis Bustamante y Rivero;Arequipa;2024-03-01;No afiliado
2726;sinforoso martínez cruz;M;1986-10-18;El Tambo;Junín;2024-03-01;No afiliado
2727;Álvaro Valle Ortega;M;1990-05-07;Cerro Colorado;Arequipa;2024-03-01;Bronce
2728;SAMUEL MENESES SÁNCHEZ;M;1969-05-02;Pimentel;Lambayeque;2024-03-01;No afiliado
2729;Salud Benites Aguilar;F;2004-01-24;Sullana;Piura;2024-03-01;Bronce
2730;Ubaldo Matías Farro;M;1985-09-12;Yurimaguas;Loreto;2024-03-01;Bronce
2731;Berta Serna Ríos;F;1987-03-27;Yanahuara;Arequipa;2024-03-01;No afiliado
2732;josé araujo rocha;M;1998-03-05;Yurimaguas;Loreto;2024-03-01;Bronce
2733;Guillermo Gálvez Solano;M;1994-12-06;San Martín de Porres;Lima;2024-03-01;No afiliado
2734;Roberto Gallo Ortega;M;1993-08-14;Piura;Piura;2024-03-01;No afiliado
2735;RODRIGO LOAYZA CHACÓN;M;1978-12-05;San Martín de Porres;Lima;2024-03-01;No afiliado
2736;efraín domínguez farro;M;1999-01-10;San Juan de Lurigancho;Lima;2024-03-01;No afiliado
2737;Gloria Medina Conde;F;1957-06-28;San Juan de Lurigancho;Lima;2024-03-01;Bronce
2738;Fátima Vargas Matías;F;1934-10-01;Veintiséis de Octubre;Piura;2024-03-01;No afiliado
2739;Eduardo Ordóñez Tejada;M;1997-11-25;San Martín de Porres;Lima;2024-03-01;No afiliado
2740;Apolonio Llerena Pizarro;M;1951-03-27;Cusco;Cusco;2024-03-01;Plata
2741;SALUD SIERRA CRUZ;F;1977-01-07;San Martín de Porres;Lima;2024-03-01;No afiliado
2742;Pancho Serna González;M;2005-09-04;Piura;Piura;2024-03-01;Bronce
2743;Joel Rocha Paredes;M;1996-04-14;Trujillo;La Libertad;2024-03-01;Plata
2744;Samuel Ortega Escalante;M;1947-05-22;Cayma;Arequipa;2024-03-01;Plata
2745;Blanca Sánchez Delgado;F;1992-01-17;Villa El Salvador;Lima;2024-03-01;Bronce
2746;ONÉSIMO DÁVILA AVENDAÑO;M;1999-08-07;San Martín de Porres;Lima;2024-03-02;Bronce
2747;Ventura Campos Acuña;M;2005-10-06;Catacaos;Piura;2024-03-02;Bronce
2748;Reme Manrique Acuña;F;2004-11-12;Chiclayo;Lambayeque;2024-03-02;Bronce
2749;ADELA MENDOZA QUIJANO;F;1951-05-21;Santiago de Surco;Lima;2024-03-02;No afiliado
2750;Marisa Benites Torres;F;1983-02-17;Pariñas;Piura;2024-03-02;Plata
2751;Lorenzo Ramírez González;M;1948-08-04;Castilla;Piura;2024-03-02;Plata
2752;Lorena Sanabria Gálvez;F;1967-08-06;Castilla;Piura;2024-03-02;No afiliado
2753;Gisela Vásquez Jiménez;F;1971-09-20;San Martín de Porres;Lima;2024-03-02;Bronce
2754;Fortunato Cornejo Cruz;M;1967-08-19;Yurimaguas;Loreto;2024-03-02;Plata
2755;Marcial Hurtado Montes;M;2002-09-25;Comas;Lima;2024-03-02;No afiliado
2756;Javier Farro Montoya;M;1982-12-10;Castilla;Piura;2024-03-02;Bronce
2757;Romualdo Ugarte Delgado;M;2003-05-29;Cusco;Cusco;2024-03-02;Bronce
2758;Marcial Vargas Montero;M;1995-12-31;Huanchaco;La Libertad;2024-03-02;No afiliado
2759;Héctor Velásquez Ramírez;M;1991-01-04;Miraflores;Lima;2024-03-02;Plata
2760;Oihana Pacheco Arias;F;2004-04-25;Paucarpata;Arequipa;2024-03-02;Bronce
2761;Froilán Montero Mejía;M;1952-05-05;Huancayo;Junín;2024-03-02;Bronce
2762;Carmen Portilla Villalobos;F;1989-09-29;Veintiséis de Octubre;Piura;2024-03-02;No afiliado
2763;SALUD SIERRA PAREDES;F;1946-05-25;Santiago de Surco;Lima;2024-03-02;Bronce
2764;sara lozano mejía;F;1999-07-18;Chiclayo;Lambayeque;2024-03-02;Oro
2765;faustino arias alvarado;M;1994-11-14;Chiclayo;Lambayeque;2024-03-02;Oro
2766;Elisa Velásquez Rivera;F;1969-04-12;Santiago de Surco;Lima;2024-03-02;No afiliado
2767;Raúl Ruiz Rivera;M;1980-12-23;Víctor Larco Herrera;La Libertad;2024-03-02;No afiliado
2768;VICTORIA SOTO PIZARRO;F;2001-03-18;Santiago de Surco;Lima;2024-03-02;Bronce
2769;Fidela Montero Ojeda;F;1983-12-30;San Martín de Porres;Lima;2024-03-02;Bronce
2770;guillermo ugarte delgado;M;1997-08-29;Castilla;Piura;2024-03-02;Plata
2771;Silvano Montoya Salgado;M;1966-10-07;El Porvenir;La Libertad;2024-03-02;Bronce
2772;Amparo Farro Palomino;F;1945-04-04;San Jerónimo;Cusco;2024-03-02;Bronce
2773;fortunato rojas velásquez;M;1988-02-27;Víctor Larco Herrera;La Libertad;2024-03-02;No afiliado
2774;Fátima Benavides Montes;F;1946-12-23;San Jerónimo;Cusco;2024-03-02;No afiliado
2775;Pastora Aguirre Gálvez;F;1988-03-11;Saylla;Cusco;2024-03-02;No afiliado
2776;Vicente Dávila Chávez;M;1973-04-22;Comas;Lima;2024-03-02;Plata
2777;benjamín lópez hurtado;M;2001-02-18;Piura;Piura;2024-03-02;No afiliado
2778;Laura Matías Calderón;F;2005-11-21;Socabaya;Arequipa;2024-03-02;No afiliado
2779;Leonor Zambrano Cruz;F;2006-12-23;Wanchaq;Cusco;2024-03-02;No afiliado
2780;Samuel Sánchez Montalvo;M;1945-06-04;Punchana;Loreto;2024-03-02;Bronce
2781;Adrián Ugarte Zambrano;M;1945-01-13;La Esperanza;La Libertad;2024-03-02;No afiliado
2782;Bautista Figueroa Domínguez;M;1982-03-30;San Juan de Lurigancho;Lima;2024-03-02;Plata
2783;Oihana Sanabria Valenzuela;F;1982-05-24;San Borja;Lima;2024-03-02;No afiliado
2784;Lorena Santos Benavides;F;1994-08-17;Comas;Lima;2024-03-02;No afiliado
2785;Wilfredo Villalobos Rosales;M;1997-04-08;Trujillo;La Libertad;2024-03-02;No afiliado
2786;Boris Maldonado Conde;M;2005-08-11;Paucarpata;Arequipa;2024-03-02;No afiliado
2787;Dorotea Vega Valenzuela;F;1990-02-22;Paucarpata;Arequipa;2024-03-02;Bronce
2788;Verónica Benavides Bustos;F;1980-11-26;La Esperanza;La Libertad;2024-03-02;No afiliado
2789;Leticia Arango Conde;F;1984-04-11;Comas;Lima;2024-03-02;Bronce
2790;Trinidad Delgado Maldonado;F;1989-08-09;Veintiséis de Octubre;Piura;2024-03-02;Bronce
2791;emilia paredes arango;F;1978-02-04;Veintiséis de Octubre;Piura;2024-03-03;No afiliado
2792;INMACULADA GÓMEZ CONDE;F;2004-09-24;Villa El Salvador;Lima;2024-03-03;Bronce
2793;Leticia Vargas Salazar;F;1963-09-05;Cerro Colorado;Arequipa;2024-03-03;No afiliado
2794;Celsa Del Carpio Matías;F;1999-02-25;Los Olivos;Lima;2024-03-03;Plata
2795;Balbina Arce Carranza;F;1990-07-30;Santiago;Cusco;2024-03-03;No afiliado
2796;Javier Pacheco Villalobos;M;1928-06-16;Chiclayo;Lambayeque;2024-03-03;Bronce
2797;Martín Villafuerte Maldonado;M;1938-06-19;Cerro Colorado;Arequipa;2024-03-03;Bronce
2798;MICAELA ARCE VARGAS;F;1989-03-25;Cayma;Arequipa;2024-03-03;No afiliado
2799;Inmaculada Serna Reyna;F;1956-10-11;Cusco;Cusco;2024-03-03;No afiliado
2800;agustín matías trejo;M;1988-06-25;Iquitos;Loreto;2024-03-03;Oro
2801;héctor salgado machuca;M;1974-05-01;El Porvenir;La Libertad;2024-03-03;Bronce
2802;Emilia Delgado Cruz;F;1981-12-10;San Jerónimo;Cusco;2024-03-03;Bronce
2803;Rubén Llerena Zapata;M;1962-05-11;Santiago;Cusco;2024-03-03;Bronce
2804;sofía maldonado villafuerte;F;1962-05-07;Cayma;Arequipa;2024-03-03;No afiliado
2805;Gracia Mendoza Matías;F;2003-05-06;Trujillo;La Libertad;2024-03-03;Oro
2806;Sol Velarde Pizarro;F;1991-02-02;Socabaya;Arequipa;2024-03-03;Bronce
2807;Mario Zúñiga Villafuerte;M;1983-12-06;Castilla;Piura;2024-03-03;Bronce
2808;Ireneo Gómez Campos;M;1967-08-03;San Juan de Lurigancho;Lima;2024-03-03;No afiliado
2809;Raúl Paredes Arias;M;1963-11-15;Ate;Lima;2024-03-03;Oro
2810;inmaculada padilla rodríguez;F;1983-06-29;Cerro Colorado;Arequipa;2024-03-03;No afiliado
2811;Marisol Ordoñez Torres;F;1985-05-18;Santiago;Cusco;2024-03-03;Plata
2812;salvador villanueva galarza;M;2003-03-22;Cerro Colorado;Arequipa;2024-03-03;No afiliado
2813;César Cruz Sanabria;M;1984-07-18;San Juan Bautista;Loreto;2024-03-03;Plata
2814;Ceferino Llanos Valverde;M;1985-09-08;Castilla;Piura;2024-03-03;Bronce
2815;Julia Vargas Quispe;F;2004-03-13;Cerro Colorado;Arequipa;2024-03-03;Bronce
2816;LETICIA ESTRELLA RODRÍGUEZ;F;1967-02-12;Comas;Lima;2024-03-03;Bronce
2817;Moisés Villalobos García;M;1997-04-05;José Luis Bustamante y Rivero;Arequipa;2024-03-03;Plata
2818;Emmanuel Merino Medina;M;1968-06-30;Veintiséis de Octubre;Piura;2024-03-03;No afiliado
2819;Erasmo García Lozano;M;1989-01-06;Pariñas;Piura;2024-03-03;No afiliado
2820;Mauricio Gálvez Rojas;M;1978-03-08;Yurimaguas;Loreto;2024-03-03;Bronce
2821;Prudencia Martínez Rojas;F;1998-02-08;San Jerónimo;Cusco;2024-03-03;Plata
2822;Alba Zapata Cruz;F;1971-04-30;José Leonardo Ortiz;Lambayeque;2024-03-03;Oro
2823;Abel Campos Matías;M;1957-06-02;Iquitos;Loreto;2024-03-03;Bronce
2824;Aarón Domínguez Santos;M;1991-10-25;Pimentel;Lambayeque;2024-03-03;Plata
2825;Concepción Campos García;F;1971-05-07;San Juan de Lurigancho;Lima;2024-03-03;Plata
2826;Gregorio Martínez Mora;M;1970-06-03;José Leonardo Ortiz;Lambayeque;2024-03-03;Bronce
2827;Teodosia Valenzuela Campos;F;1977-09-19;Santiago;Cusco;2024-03-03;Bronce
2828;Amparo Reyna Cruz;F;1997-08-02;Ate;Lima;2024-03-03;Bronce
2829;Lucía Trejo Hurtado;F;1956-07-31;Cerro Colorado;Arequipa;2024-03-03;Bronce
2830;Tomasa Villalobos Montoya;F;1996-12-22;San Sebastián;Cusco;2024-03-03;Bronce
2831;HOMERO SANABRIA SALGADO;M;1991-03-31;Paita;Piura;2024-03-03;Bronce
2832;Amelia Del Carpio Riveros;F;1998-08-02;Ate;Lima;2024-03-03;Bronce
2833;Tomasa Palacios Peralta;F;2001-06-21;Iquitos;Loreto;2024-03-03;Bronce
2834;Virginia Amaya Gálvez;F;1966-03-25;Arequipa;Arequipa;2024-03-03;No afiliado
2835;Ponciano Sánchez Sierra;M;1987-10-10;Castilla;Piura;2024-03-03;Bronce
2836;HERMINIO MERINO ESCOBAR;M;1997-06-04;Piura;Piura;2024-03-04;No afiliado
2837;Gumersindo Zúñiga Zapata;M;1964-08-04;Paucarpata;Arequipa;2024-03-04;Plata
2838;dolores tello gálvez;F;1991-07-11;Veintiséis de Octubre;Piura;2024-03-04;No afiliado
2839;Pancho Muñiz Reyna;M;1984-12-03;San Juan de Lurigancho;Lima;2024-03-04;Oro
2840;Blanca Villalobos Navarrete;F;2003-01-12;Socabaya;Arequipa;2024-03-04;No afiliado
2841;esteban vega chávez;M;1978-07-25;Piura;Piura;2024-03-04;No afiliado
2842;Luis Galarza Montes;M;1974-03-03;Jesús María;Lima;2024-03-04;No afiliado
2843;Paulina Moreno Valenzuela;F;1996-02-08;San Martín de Porres;Lima;2024-03-04;Bronce
2844;Cecilia Palomino Cruz;F;1953-06-18;Cusco;Cusco;2024-03-04;Plata
2845;Verónica Cruz Zapata;F;2002-01-24;Paucarpata;Arequipa;2024-03-04;No afiliado
2846;Sergio Estrella Llanos;M;1972-12-01;San Martín de Porres;Lima;2024-03-04;Plata
2847;César Rivera Arroyo;M;1984-08-15;Villa El Salvador;Lima;2024-03-04;Bronce
2848;EUSTAQUIO AVENDAÑO VILLAFUERTE;M;1990-08-06;Ate;Lima;2024-03-04;Plata
2849;TORIBIO SANTOS TEJADA;M;1996-11-03;Santiago;Cusco;2024-03-04;Plata
2850;Orestes Chávez Padilla;M;2004-11-15;El Porvenir;La Libertad;2024-03-04;Bronce
2851;Nepomuceno Manrique Torres;M;1996-03-02;La Esperanza;La Libertad;2024-03-04;Bronce
2852;Cornelio Montes Vargas;M;1950-09-04;Pariñas;Piura;2024-03-04;Oro
2853;basilisa villafuerte escobar;F;1967-08-02;Santiago de Surco;Lima;2024-03-04;Bronce
2854;Gabriela Vargas Trejo;F;1996-07-09;Cayma;Arequipa;2024-03-04;Bronce
2855;Benjamín González Guerrero;M;1982-04-14;La Esperanza;La Libertad;2024-03-04;Plata
2856;Darío Rojas Torres;M;1980-12-01;San Miguel;Lima;2024-03-04;Bronce
2857;HERMINIA CRUZ CRUZ;F;1991-08-29;Huanchaco;La Libertad;2024-03-04;No afiliado
2858;Eugenia Yañez Valverde;F;1948-09-11;Yanahuara;Arequipa;2024-03-04;Plata
2859;Sara Hernández Paredes;F;1999-01-23;Santiago de Surco;Lima;2024-03-04;Bronce
2860;tobías vargas velásquez;M;2005-04-24;Villa El Salvador;Lima;2024-03-04;No afiliado
2861;Nerea Acuña Rocha;F;1961-12-31;Cerro Colorado;Arequipa;2024-03-04;Plata
2862;Mario Ojeda Domínguez;M;1970-01-17;El Porvenir;La Libertad;2024-03-04;No afiliado
2863;Feliciana Quijano Vargas;F;2006-09-30;Wanchaq;Cusco;2024-03-04;Bronce
2864;Rosa Delgado Pacheco;F;1978-04-29;Pimentel;Lambayeque;2024-03-04;Oro
2865;Rodrigo Villalobos Rojas;M;1980-04-09;San Martín de Porres;Lima;2024-03-04;Plata
2866;Josefa Domínguez Serna;F;1965-01-31;Paucarpata;Arequipa;2024-03-04;No afiliado
2867;BLANCA VARGAS ROCHA;F;1988-05-01;Catacaos;Piura;2024-03-04;Plata
2868;LUCIO ACUÑA LUNA;M;1952-10-06;Ate;Lima;2024-03-04;No afiliado
2869;Rafael Domínguez Gálvez;M;1986-05-08;Piura;Piura;2024-03-04;Plata
2870;Darío Solano Santos;M;1962-05-07;Wanchaq;Cusco;2024-03-04;No afiliado
2871;Sinforoso Martínez Suárez;M;1997-02-01;Cerro Colorado;Arequipa;2024-03-04;No afiliado
2872;LAUREANO VILLALOBOS VEGA;M;1994-02-04;Comas;Lima;2024-03-04;Plata
2873;ROMANA ROCHA CARRANZA;F;1946-06-22;El Tambo;Junín;2024-03-04;Plata
2874;María Solano Conde;F;1968-09-19;San Martín de Porres;Lima;2024-03-04;Oro
2875;Paulina Padilla Montes;F;2004-03-31;San Miguel;Lima;2024-03-04;Oro
2876;Emmanuel Pizarro Del Carpio;M;1956-09-09;Sullana;Piura;2024-03-04;Bronce
2877;maximiliano rivera sierra;M;2002-01-23;Punchana;Loreto;2024-03-04;Plata
2878;Otilia Zeballos Santos;F;1970-07-06;Villa El Salvador;Lima;2024-03-04;Bronce
2879;Braulio Requejo Velásquez;M;1982-01-29;Trujillo;La Libertad;2024-03-04;Plata
2880;Clodomiro Gálvez Santos;M;1988-08-20;El Porvenir;La Libertad;2024-03-04;No afiliado
2881;Gumersindo Navarrete Calderón;M;1981-12-03;San Juan de Lurigancho;Lima;2024-03-05;Bronce
2882;AGUSTÍN CHÁVEZ CRUZ;M;2007-05-18;Trujillo;La Libertad;2024-03-05;Bronce
2883;Jesús Gálvez Chávez;M;1930-07-11;Víctor Larco Herrera;La Libertad;2024-03-05;Bronce
2884;Esteban Cruz Gutiérrez;M;1990-10-31;Arequipa;Arequipa;2024-03-05;Bronce
2885;Silvano Vega Ruiz;M;1985-09-04;San Juan de Lurigancho;Lima;2024-03-05;Bronce
2886;Restituto Sánchez Obando;M;1987-11-02;Florencia de Mora;La Libertad;2024-03-05;Bronce
2887;Nerea Aguirre Campos;F;1993-04-17;Chiclayo;Lambayeque;2024-03-05;Bronce
2888;Agustín Coronado Villalobos;M;1990-05-20;Paita;Piura;2024-03-05;Bronce
2889;Concepción Chávez Ugarte;F;1938-05-18;Cerro Colorado;Arequipa;2024-03-05;Bronce
2890;Darío Rojas García;M;1994-05-30;José Luis Bustamante y Rivero;Arequipa;2024-03-05;No afiliado
2891;Catalina Hurtado Chávez;F;1947-10-26;Cayma;Arequipa;2024-03-05;No afiliado
2892;Silvano Rocha Domínguez;M;1977-06-10;Yurimaguas;Loreto;2024-03-05;Bronce
2893;FELICIDAD AGUILAR MATÍAS;F;1949-10-31;Trujillo;La Libertad;2024-03-05;Bronce
2894;Samara Zambrano Maldonado;F;1945-08-03;Cerro Colorado;Arequipa;2024-03-05;Bronce
2895;bianca maldonado coronado;F;1976-04-18;Víctor Larco Herrera;La Libertad;2024-03-05;Bronce
2896;Ubaldo Villalba Reyna;M;1966-05-17;Los Olivos;Lima;2024-03-05;Bronce
2897;darío portilla valle;M;1966-08-04;Moche;La Libertad;2024-03-05;No afiliado
2898;Arantxa Tejada García;F;1992-07-23;San Martín de Porres;Lima;2024-03-05;Bronce
2899;Gisela Pacheco Santos;F;1994-09-14;Ate;Lima;2024-03-05;No afiliado
2900;SALUSTIANO SOTO CALLIRGOS;M;1964-03-09;Huancán;Junín;2024-03-05;Bronce
2901;CÉSAR SOLANO VELARDE;M;1983-09-30;Cayma;Arequipa;2024-03-05;No afiliado
2902;Ignacio Vargas Zambrano;M;1996-12-30;La Victoria;Lambayeque;2024-03-05;Bronce
2903;Martín Velásquez Ugarte;M;1977-10-15;Piura;Piura;2024-03-05;No afiliado
2904;AURORA SÁNCHEZ ESTRELLA;F;2006-06-29;San Juan de Lurigancho;Lima;2024-03-05;No afiliado
2905;Verónica Chambi Cruz;F;1976-06-12;Trujillo;La Libertad;2024-03-05;Bronce
2906;damián solano gálvez;M;1949-06-01;Punchana;Loreto;2024-03-05;Plata
2907;Marciano Vargas Pizarro;M;1981-12-24;San Sebastián;Cusco;2024-03-05;Plata
2908;Aarón Rodríguez Valenzuela;M;1983-01-02;José Luis Bustamante y Rivero;Arequipa;2024-03-05;Bronce
2909;Juan Montes Benavides;M;1994-08-15;Iquitos;Loreto;2024-03-05;No afiliado
2910;Marisa Reyna Valenzuela;F;2004-01-07;San Juan de Lurigancho;Lima;2024-03-05;Bronce
2911;teofila cabello rojas;F;1962-05-29;La Victoria;Lambayeque;2024-03-05;Bronce
2912;Efraín Meneses Rivera;M;1979-07-24;Trujillo;La Libertad;2024-03-05;Bronce
2913;Silvano Alvarado Mora;M;1993-07-12;Sapallanga;Junín;2024-03-05;Plata
2914;lorenzo maldonado rocha;M;1954-06-19;Pueblo Libre;Lima;2024-03-05;Bronce
2915;Ariadna Llerena Cruz;F;1995-05-14;Los Olivos;Lima;2024-03-05;Bronce
2916;Ursula Sánchez Portilla;F;1979-11-15;José Luis Bustamante y Rivero;Arequipa;2024-03-05;Bronce
2917;Feliciana Riveros Rojas;F;1979-06-28;San Miguel;Lima;2024-03-05;No afiliado
2918;Ainhoa Machuca Valverde;F;2007-09-30;Chilca;Junín;2024-03-05;Plata
2919;PANCHO VELÁSQUEZ CRUZ;M;1986-05-17;Sullana;Piura;2024-03-05;Oro
2920;Verónica Montoya Trejo;F;1962-10-24;San Juan de Lurigancho;Lima;2024-03-05;No afiliado
2921;Mar Velásquez Mendoza;F;1952-09-15;La Esperanza;La Libertad;2024-03-05;Oro
2922;Jesús Ponce Rojas;M;2003-10-31;Santiago de Surco;Lima;2024-03-05;Oro
2923;Valentín Rivera Pizarro;M;2000-11-14;Cerro Colorado;Arequipa;2024-03-05;Bronce
2924;Teofila Tejada Villegas;F;1967-06-26;Paucarpata;Arequipa;2024-03-05;No afiliado
2925;Benjamín Yupanqui Galarza;M;1930-01-29;San Martín de Porres;Lima;2024-03-05;Plata
2926;eustaquio matías cruz;M;1945-10-31;San Martín de Porres;Lima;2024-03-06;No afiliado
2927;Gisela Gamarra Ramírez;F;1951-02-19;Ate;Lima;2024-03-06;Plata
2928;Amparo Gallo Valverde;F;1965-08-23;Sapallanga;Junín;2024-03-06;No afiliado
2929;Marcelo Lozano Gálvez;M;1987-09-05;José Leonardo Ortiz;Lambayeque;2024-03-06;No afiliado
2930;María Villafuerte Santos;F;2001-10-13;Socabaya;Arequipa;2024-03-06;Bronce
2931;SALVADOR ZAPATA ROCHA;M;1982-11-28;Trujillo;La Libertad;2024-03-06;Bronce
2932;Geremías Meneses Montes;M;1994-03-27;Paita;Piura;2024-03-06;Bronce
2933;Encarnación Loayza Lozano;F;1998-12-27;San Martín de Porres;Lima;2024-03-06;No afiliado
2934;Emmanuel Reyna Trejo;M;2005-02-12;Comas;Lima;2024-03-06;No afiliado
2935;Guido Carranza Rojas;M;1985-03-28;El Porvenir;La Libertad;2024-03-06;No afiliado
2936;FROILÁN CRUZ VALENZUELA;M;2004-11-10;Cayma;Arequipa;2024-03-06;No afiliado
2937;Heriberto Velásquez Tejada;M;1990-10-30;San Juan Bautista;Loreto;2024-03-06;Plata
2938;BRAYAN MACEDO VALVERDE;M;1981-07-14;Jesús María;Lima;2024-03-06;Plata
2939;Clodomiro Chacón García;M;1946-01-02;San Isidro;Lima;2024-03-06;Bronce
2940;josefa palomino solano;F;1960-09-07;San Martín de Porres;Lima;2024-03-06;Bronce
2941;patricio zúñiga navarrete;M;1971-06-01;Chiclayo;Lambayeque;2024-03-06;Plata
2942;Monserrat Moreno Moreno;F;1983-08-03;San Martín de Porres;Lima;2024-03-06;No afiliado
2943;Esteban Ugarte Sánchez;M;1981-01-12;Piura;Piura;2024-03-06;No afiliado
2944;Belén Soto Sánchez;F;2001-11-24;San Martín de Porres;Lima;2024-03-06;Bronce
2945;Eufemia Salazar Llerena;F;2006-11-11;Punchana;Loreto;2024-03-06;Bronce
2946;esteban rojas ugarte;M;1976-06-07;La Esperanza;La Libertad;2024-03-06;Bronce
2947;Anabel Ramírez Arango;F;1981-08-22;Víctor Larco Herrera;La Libertad;2024-03-06;Bronce
2948;MARISA ARIAS BRAVO;F;2003-05-28;San Juan Bautista;Loreto;2024-03-06;Oro
2949;Cornelio Torrico Fuentes;M;1953-11-09;Pueblo Libre;Lima;2024-03-06;Bronce
2950;Brayan Ortega Fuentes;M;1979-09-27;Cerro Colorado;Arequipa;2024-03-06;No afiliado
2951;Alejandro Rocha Navarrete;M;1946-12-24;Los Olivos;Lima;2024-03-06;Bronce
2952;Laura Muñoz Domínguez;F;1953-11-16;Trujillo;La Libertad;2024-03-06;Bronce
2953;EDMUNDO SÁNCHEZ VILLALOBOS;M;1988-12-02;Santiago;Cusco;2024-03-06;Plata
2954;Dante Lozano Jiménez;M;1977-01-09;San Juan de Lurigancho;Lima;2024-03-06;Bronce
2955;Clara Galarza Zambrano;F;1996-02-08;Cayma;Arequipa;2024-03-06;Oro
2956;Camilo Jiménez Paredes;M;1965-11-17;Piura;Piura;2024-03-06;Oro
2957;esteban del carpio campos;M;1978-11-13;San Juan de Lurigancho;Lima;2024-03-06;Bronce
2958;martín valverde requejo;M;1989-07-17;El Porvenir;La Libertad;2024-03-06;Bronce
2959;Fortunato Estrella Gallo;M;1984-06-05;La Esperanza;La Libertad;2024-03-06;No afiliado
2960;María Valle Cruz;F;1997-02-07;Los Olivos;Lima;2024-03-06;Bronce
2961;Catalina Machuca Valverde;F;1983-05-27;Santiago;Cusco;2024-03-06;Bronce
2962;Pancho Merino Dávila;M;1969-08-07;San Sebastián;Cusco;2024-03-06;Bronce
2963;Bernarda Escalante Conde;F;1955-04-29;Santiago;Cusco;2024-03-06;No afiliado
2964;Onésimo Reyna Aguilar;M;1940-05-22;Socabaya;Arequipa;2024-03-06;Oro
2965;CELSO VILLALOBOS MANRIQUE;M;1986-10-20;San Juan de Lurigancho;Lima;2024-03-06;No afiliado
2966;césar cornejo rosales;M;1947-11-29;Chiclayo;Lambayeque;2024-03-06;No afiliado
2967;Joaquín Torrico Reyna;M;2007-01-28;Yanahuara;Arequipa;2024-03-06;Bronce
2968;AMELIA PAREDES VELÁSQUEZ;F;2000-01-23;José Leonardo Ortiz;Lambayeque;2024-03-06;Bronce
2969;Avelino Sierra Moreno;M;2006-06-27;Sullana;Piura;2024-03-06;Oro
2970;Elisa Rodríguez Manrique;F;1982-07-16;Trujillo;La Libertad;2024-03-06;No afiliado
2971;Inmaculada Valle Arias;F;1987-02-03;Wanchaq;Cusco;2024-03-07;Bronce
2972;Héctor García Valle;M;1951-04-03;San Miguel;Lima;2024-03-07;Plata
2973;GALILEO ORDOÑEZ CHÁVEZ;M;2007-10-01;Chilca;Junín;2024-03-07;Bronce
2974;JOAQUÍN GUTIÉRREZ ROJAS;M;1980-10-30;Huancayo;Junín;2024-03-07;No afiliado
2975;GABRIELA AMAYA PÉREZ;F;2002-05-10;Chiclayo;Lambayeque;2024-03-07;Plata
2976;Eva Montes Figueroa;F;1955-09-06;San Juan Bautista;Loreto;2024-03-07;No afiliado
2977;MARIO ARROYO VILLAFUERTE;M;1993-12-23;La Victoria;Lambayeque;2024-03-07;Oro
2978;Herminio Medina Pizarro;M;1980-02-24;Trujillo;La Libertad;2024-03-07;Bronce
2979;Aarón Medina Carranza;M;1960-12-24;Cayma;Arequipa;2024-03-07;Oro
2980;Fátima Montalvo Arce;F;1994-08-12;Socabaya;Arequipa;2024-03-07;Plata
2981;ADRIANA VILCHEZ TEJADA;F;1988-03-07;Chiclayo;Lambayeque;2024-03-07;No afiliado
2982;Onésimo Riveros Vargas;M;1984-11-12;Cusco;Cusco;2024-03-07;No afiliado
2983;Lucrecia Gamarra Hurtado;F;2002-05-21;Paita;Piura;2024-03-07;No afiliado
2984;leticia villalba quijano;F;1947-12-28;San Martín de Porres;Lima;2024-03-07;Plata
2985;Teodosia Chávez Valverde;F;2006-06-20;Lima;Lima;2024-03-07;Plata
2986;Olga Pizarro Chávez;F;1965-10-20;Punchana;Loreto;2024-03-07;Oro
2987;Fortunato Cruz Reyna;M;1957-10-06;Cayma;Arequipa;2024-03-07;No afiliado
2988;ANASTASIO SALAZAR SÁNCHEZ;M;1946-11-27;La Esperanza;La Libertad;2024-03-07;Bronce
2989;ESTEBAN SERNA NAVARRETE;M;2003-05-17;Belén;Loreto;2024-03-07;Oro
2990;NÉSTOR CORNEJO MONTES;M;2004-11-30;Yurimaguas;Loreto;2024-03-07;Bronce
2991;Brayan Martínez Velásquez;M;2004-06-17;Castilla;Piura;2024-03-07;No afiliado
2992;ROCÍO SERNA CARRANZA;F;1947-10-09;Moche;La Libertad;2024-03-07;Plata
2993;Felicidad Figueroa Santos;F;1974-12-27;Lima;Lima;2024-03-07;No afiliado
2994;silvano velásquez torres;M;2004-05-25;La Victoria;Lambayeque;2024-03-07;No afiliado
2995;Martina Llerena Mendoza;F;1974-11-24;San Juan de Lurigancho;Lima;2024-03-07;No afiliado
2996;lucía estrella solano;F;2007-10-11;Los Olivos;Lima;2024-03-07;No afiliado
2997;Celso Montes Escobar;M;1969-09-04;San Juan de Lurigancho;Lima;2024-03-07;No afiliado
2998;demóstenes aguirre rivera;M;1996-12-02;San Agustín;Junín;2024-03-07;Plata
2999;FRANCISCO SUÁREZ VILLAFUERTE;M;1976-04-05;Trujillo;La Libertad;2024-03-07;Bronce
3000;Esther Villafuerte Campos;F;2003-08-15;Paucarpata;Arequipa;2024-03-07;Bronce
3001;Homero Ordóñez Salazar;M;2007-09-18;Belén;Loreto;2024-03-07;Plata
3002;encarnación luna cruz;F;2003-02-12;Sullana;Piura;2024-03-07;No afiliado
3003;FORTUNATO ESCOBAR PERALTA;M;1983-10-15;Chilca;Junín;2024-03-07;No afiliado
3004;Isaac Zeballos Arango;M;1948-05-02;José Luis Bustamante y Rivero;Arequipa;2024-03-07;No afiliado
3005;Oihana Maldonado Santos;F;1996-09-09;Iquitos;Loreto;2024-03-07;Bronce
3006;Roberto Benites Arango;M;1965-02-11;Iquitos;Loreto;2024-03-07;No afiliado
3007;trinidad lozano cabello;F;1997-06-06;Veintiséis de Octubre;Piura;2024-03-07;Bronce
3008;evaristo bello montes;M;1997-11-19;El Porvenir;La Libertad;2024-03-07;Bronce
3009;LAURA GALARZA MEDINA;F;1969-03-14;Belén;Loreto;2024-03-07;Bronce
3010;restituto chávez velásquez;M;1959-05-27;Cerro Colorado;Arequipa;2024-03-07;Plata
3011;Elena Zambrano Meneses;F;1989-08-25;Ate;Lima;2024-03-07;Plata
3012;Samuel Cruz Salazar;M;1986-07-14;Yurimaguas;Loreto;2024-03-07;Bronce
3013;Eutiquio Hernández Gálvez;M;2000-08-07;Cayma;Arequipa;2024-03-07;No afiliado
3014;laura estrella vásquez;F;1979-12-05;Piura;Piura;2024-03-07;Bronce
3015;nicéforo valenzuela delgado;M;2006-01-14;Sullana;Piura;2024-03-07;Bronce
3016;Leandro Ramírez Maldonado;M;1983-02-27;Lima;Lima;2024-03-08;Bronce
3017;FRANCISCA MONTES CAMPOS;F;1947-03-09;Nauta;Loreto;2024-03-08;Plata
3018;Oscar Velarde González;M;1963-10-15;Villa El Salvador;Lima;2024-03-08;Bronce
3019;tomás escobar rocha;M;1978-09-23;El Tambo;Junín;2024-03-08;No afiliado
3020;Arantxa Mora González;F;1980-08-22;San Martín de Porres;Lima;2024-03-08;Bronce
3021;Anabel Cabello Manrique;F;1997-09-15;Jesús María;Lima;2024-03-08;Bronce
3022;Fabián Tejada Delgado;M;1996-04-29;Huanchaco;La Libertad;2024-03-08;Bronce
3023;CARLOS ZEBALLOS SOTO;M;1956-01-22;Yurimaguas;Loreto;2024-03-08;Bronce
3024;Ainhoa Rojas Vega;F;2006-09-18;Trujillo;La Libertad;2024-03-08;No afiliado
3025;Lorena Escalante Llerena;F;1938-12-17;Lambayeque;Lambayeque;2024-03-08;Bronce
3026;sara ruiz avendaño;F;1951-12-03;Santiago;Cusco;2024-03-08;No afiliado
3027;Salud Rojas Fuentes;F;1992-12-04;Trujillo;La Libertad;2024-03-08;Bronce
3028;BELÉN SIERRA DELGADO;F;1982-04-07;Yurimaguas;Loreto;2024-03-08;Bronce
3029;Gabriela Estrella Calle;F;2006-05-20;San Juan de Lurigancho;Lima;2024-03-08;No afiliado
3030;María Lozano Vásquez;F;1962-03-17;Chiclayo;Lambayeque;2024-03-08;No afiliado
3031;Ubaldo Valenzuela Gálvez;M;1971-06-02;Comas;Lima;2024-03-08;Plata
3032;apolonio mendieta cruz;M;1952-05-08;El Porvenir;La Libertad;2024-03-08;Plata
3033;HERMINIO RIVEROS CRUZ;M;2003-05-15;Ate;Lima;2024-03-08;Plata
3034;Filiberto Martínez Hurtado;M;1990-12-10;Ate;Lima;2024-03-08;Oro
3035;HERIBERTO MEJÍA SOTO;M;1976-08-15;Veintiséis de Octubre;Piura;2024-03-08;Oro
3036;ALBINA ROJAS RIVERA;F;1987-07-06;Socabaya;Arequipa;2024-03-08;No afiliado
3037;Federico Rivera Farro;M;2004-07-01;Castilla;Piura;2024-03-08;No afiliado
3038;FILEMÓN RUIZ ESCALANTE;M;1996-01-31;Villa El Salvador;Lima;2024-03-08;Bronce
3039;Elsa Rivera Luna;F;2000-08-28;Trujillo;La Libertad;2024-03-08;Bronce
3040;Rafael Mora Tejada;M;1991-01-24;Iquitos;Loreto;2024-03-08;Plata
3041;Crispina Bravo Llerena;F;1994-04-17;Villa El Salvador;Lima;2024-03-08;Bronce
3042;Lorena Villanueva Valenzuela;F;1971-11-28;San Juan de Lurigancho;Lima;2024-03-08;No afiliado
3043;Alejandrina Serna Gómez;F;1999-02-13;Paita;Piura;2024-03-08;No afiliado
3044;Federico Sierra Fuentes;M;2000-07-04;Ate;Lima;2024-03-08;Plata
3045;gabriela carranza salgado;F;1992-02-24;Trujillo;La Libertad;2024-03-08;No afiliado
3046;SORAYA DOMÍNGUEZ MONTES;F;1994-02-21;Yurimaguas;Loreto;2024-03-08;No afiliado
3047;Héctor Villafuerte Villalobos;M;1971-02-20;Lambayeque;Lambayeque;2024-03-08;Bronce
3048;Crispina Vargas Arroyo;F;1989-06-27;Miraflores;Lima;2024-03-08;Plata
3049;Laura Conde Matías;F;1992-04-15;Comas;Lima;2024-03-08;No afiliado
3050;Berta Tejada Cruz;F;2007-10-22;Cerro Colorado;Arequipa;2024-03-08;Plata
3051;ISAAC GALLO GALLO;M;1957-12-11;San Miguel;Lima;2024-03-08;No afiliado
3052;Isidora Vásquez Montes;F;1962-06-07;La Esperanza;La Libertad;2024-03-08;Bronce
3053;Mercedes Pérez Valle;F;1970-08-07;San Martín de Porres;Lima;2024-03-08;Plata
3054;Ventura Cáceres Loayza;M;1982-05-06;Huanchaco;La Libertad;2024-03-08;Bronce
3055;Romualdo Salazar Vega;M;1977-12-08;Villa El Salvador;Lima;2024-03-08;Bronce
3056;Bernarda Maldonado Ortega;F;1988-12-23;San Sebastián;Cusco;2024-03-08;No afiliado
3057;Luisa Muñoz Guerrero;F;1981-09-23;Ate;Lima;2024-03-08;Plata
3058;EVA AGUIRRE VILLALOBOS;F;1979-05-06;Villa El Salvador;Lima;2024-03-08;Plata
3059;hugo ramírez palomino;M;1974-08-20;Villa El Salvador;Lima;2024-03-08;Oro
3060;Filomena Portilla Matías;F;2007-12-05;Veintiséis de Octubre;Piura;2024-03-08;Bronce
3061;teodosia reyna medina;F;1958-05-29;San Juan Bautista;Loreto;2024-03-09;No afiliado
3062;Bartolomé Miranda Ugarte;M;2000-03-23;Chiclayo;Lambayeque;2024-03-09;Bronce
3063;CORNELIO PAREDES PIZARRO;M;1981-05-09;Los Olivos;Lima;2024-03-09;Bronce
3064;Celia Reyna Manrique;F;1983-03-03;Paita;Piura;2024-03-09;Bronce
3065;SALVADOR MONTES DELGADO;M;1978-02-10;Lima;Lima;2024-03-09;Bronce
3066;roberto llanos villegas;M;1978-08-17;Yurimaguas;Loreto;2024-03-09;Oro
3067;Rubén Lozano Villalobos;M;2002-10-29;Punchana;Loreto;2024-03-09;Plata
3068;CONCEPCIÓN BELLO CAMPOS;F;2001-05-02;Cayma;Arequipa;2024-03-09;No afiliado
3069;raúl araujo medina;M;1934-09-17;Wanchaq;Cusco;2024-03-09;Bronce
3070;Gracia Aguirre Velásquez;F;2007-06-02;Santiago;Cusco;2024-03-09;Bronce
3071;Asunción Reyna Sanabria;F;2005-05-25;Pilcomayo;Junín;2024-03-09;No afiliado
3072;aarón arango zúñiga;M;2002-04-19;Cerro Colorado;Arequipa;2024-03-09;Plata
3073;SARA VILLAFUERTE PORTILLA;F;1996-12-23;San Martín de Porres;Lima;2024-03-09;Bronce
3074;Salustiano Montalvo Nieto;M;1993-09-19;Villa El Salvador;Lima;2024-03-09;No afiliado
3075;Alba Yupanqui Riveros;F;1988-07-22;Iquitos;Loreto;2024-03-09;Bronce
3076;PAULINA MACHUCA CARRANZA;F;2003-01-20;Catacaos;Piura;2024-03-09;Oro
3077;Alcides Villafuerte Amaya;M;2003-10-09;Ate;Lima;2024-03-09;No afiliado
3078;Jesús Gallo Valenzuela;M;1998-02-24;Cerro Colorado;Arequipa;2024-03-09;Bronce
3079;Sara Chávez Amaya;F;1954-05-19;Sullana;Piura;2024-03-09;No afiliado
3080;Diego Vilchez Villafuerte;M;1949-01-10;Cerro Colorado;Arequipa;2024-03-09;No afiliado
3081;Jesús Serna Rocha;M;1990-05-05;Moche;La Libertad;2024-03-09;Bronce
3082;Marciano Dávila Lozano;M;2003-04-27;San Juan de Lurigancho;Lima;2024-03-09;No afiliado
3083;Fátima Cornejo Matías;F;1998-02-05;Jesús María;Lima;2024-03-09;Bronce
3084;leandro tejada arroyo;M;1976-07-17;Comas;Lima;2024-03-09;Oro
3085;Samara Benavides Rojas;F;1987-02-14;Santiago de Surco;Lima;2024-03-09;Plata
3086;Avelino Vilca Rojas;M;1991-11-17;Iquitos;Loreto;2024-03-09;Plata
3087;maría macedo salgado;F;1990-05-27;Wanchaq;Cusco;2024-03-09;Plata
3088;Celina Rosales Cruz;F;1988-04-19;Huanchaco;La Libertad;2024-03-09;Bronce
3089;Casimiro Montoya Ramírez;M;2007-02-19;Cusco;Cusco;2024-03-09;Bronce
3090;Guido Ortega Quijano;M;1948-11-10;Los Olivos;Lima;2024-03-09;Bronce
3091;Raúl Llerena Campos;M;1946-02-04;Pariñas;Piura;2024-03-09;No afiliado
3092;Filomena Cruz Estrella;F;1995-10-03;Trujillo;La Libertad;2024-03-09;No afiliado
3093;Salustiano Fuentes Jiménez;M;1990-09-12;Los Olivos;Lima;2024-03-09;No afiliado
3094;SABINA LOZANO RIVEROS;F;1946-03-29;Ate;Lima;2024-03-09;Bronce
3095;Dorotea Arroyo Escobar;F;1957-08-02;San Juan de Lurigancho;Lima;2024-03-09;Bronce
3096;MARTÍN GUERRERO AGUILAR;M;2003-06-26;Cusco;Cusco;2024-03-09;Plata
3097;claudia ugarte vilca;F;1963-03-07;Ate;Lima;2024-03-09;No afiliado
3098;EUFEMIA OBANDO MONTOYA;F;1976-05-20;La Esperanza;La Libertad;2024-03-09;Bronce
3099;Aarón Campos Arroyo;M;1986-07-12;Chilca;Junín;2024-03-09;Bronce
3100;Pilar Zambrano Meneses;F;1992-10-20;Cusco;Cusco;2024-03-09;Bronce
3101;TEODOSIA AMAYA LOZANO;F;1946-09-25;Lima;Lima;2024-03-09;No afiliado
3102;Tomasa Arango Ordóñez;F;1993-01-23;San Juan Bautista;Loreto;2024-03-09;No afiliado
3103;Abel Trejo Tello;M;1971-05-21;Pimentel;Lambayeque;2024-03-09;Oro
3104;Avelino Escobar Vargas;M;1993-01-30;Wanchaq;Cusco;2024-03-09;No afiliado
3105;eufemia pizarro valverde;F;1988-09-05;San Juan Bautista;Loreto;2024-03-09;Bronce
3106;Marisa Sierra Chávez;F;1999-11-24;Castilla;Piura;2024-03-10;Plata
3107;Erik Macedo Trejo;M;1992-06-30;Chiclayo;Lambayeque;2024-03-10;No afiliado
3108;prudencia valenzuela ulloa;F;1979-12-30;San Juan Bautista;Loreto;2024-03-10;Plata
3109;REMEDIOS VILLAFUERTE DELGADO;F;1989-01-04;Paita;Piura;2024-03-10;No afiliado
3110;Gisela Reyna Sierra;F;1988-08-26;El Tambo;Junín;2024-03-10;Bronce
3111;EUFEMIA TEJADA MORENO;F;1947-11-18;José Luis Bustamante y Rivero;Arequipa;2024-03-10;Plata
3112;Silvia Macedo Villalobos;F;1960-08-08;Piura;Piura;2024-03-10;Bronce
3113;baltasar loayza pizarro;M;1971-10-16;Socabaya;Arequipa;2024-03-10;Bronce
3114;Rosario Montalvo Cruz;F;1987-05-17;Los Olivos;Lima;2024-03-10;No afiliado
3115;Silvia Chambi Gallo;F;2004-07-12;San Borja;Lima;2024-03-10;No afiliado
3116;concepción sánchez padilla;F;1998-11-15;Los Olivos;Lima;2024-03-10;Bronce
3117;Lucrecia Alvarado Ríos;F;1943-09-24;San Martín de Porres;Lima;2024-03-10;No afiliado
3118;Ursula Domínguez Ponce;F;1973-11-23;San Martín de Porres;Lima;2024-03-10;Bronce
3119;fidela merino garcía;F;1994-05-16;San Martín de Porres;Lima;2024-03-10;No afiliado
3120;Bárbara Domínguez Conde;F;1983-10-03;San Martín de Porres;Lima;2024-03-10;Oro
3121;Francisco Conde Paredes;M;1989-10-15;Catacaos;Piura;2024-03-10;Plata
3122;Eutiquio Villafuerte Gamarra;M;1994-06-19;Punchana;Loreto;2024-03-10;No afiliado
3123;Sara Zúñiga Gómez;F;1999-05-15;El Tambo;Junín;2024-03-10;Bronce
3124;Trinidad Sierra Delgado;F;1999-07-07;Huancayo;Junín;2024-03-10;No afiliado
3125;anabel paredes quijano;F;2002-06-29;Iquitos;Loreto;2024-03-10;Plata
3126;AURELIANO VELÁSQUEZ SANTOS;M;1986-06-21;El Porvenir;La Libertad;2024-03-10;No afiliado
3127;encarnación gallo bravo;F;1980-01-21;San Juan de Lurigancho;Lima;2024-03-10;Bronce
3128;Ignacio Martínez Ojeda;M;1993-03-07;San Juan de Lurigancho;Lima;2024-03-10;Plata
3129;Balbina Rivera Pacheco;F;2006-10-05;Wanchaq;Cusco;2024-03-10;Plata
3130;Clodomiro Gallo Tello;M;1994-12-21;San Martín de Porres;Lima;2024-03-10;Oro
3131;Remedios Mendieta Velásquez;F;2001-04-01;Pueblo Libre;Lima;2024-03-10;Plata
3132;Tamara Montes Delgado;F;1971-08-30;Cerro Colorado;Arequipa;2024-03-10;Bronce
3133;Remedios Cruz Arias;F;2006-12-27;Cerro Colorado;Arequipa;2024-03-10;Bronce
3134;Encarnación Gálvez Rosales;F;2002-08-30;José Luis Bustamante y Rivero;Arequipa;2024-03-10;Bronce
3135;Federico Palacios Cruz;M;1990-04-30;Ate;Lima;2024-03-10;Plata
3136;LUCÍA PAREDES HURTADO;F;1976-05-28;Trujillo;La Libertad;2024-03-10;Bronce
3137;Oihana Dávila Rocha;F;2005-12-26;Monsefú;Lambayeque;2024-03-10;No afiliado
3138;Catalina Cruz Villalobos;F;1946-10-07;Castilla;Piura;2024-03-10;No afiliado
3139;Filiberto Sanabria Zúñiga;M;1983-11-18;Piura;Piura;2024-03-10;Bronce
3140;Pancho Tejada Arce;M;2005-03-29;Arequipa;Arequipa;2024-03-10;Plata
3141;samara padilla cruz;F;1996-07-26;Castilla;Piura;2024-03-10;Plata
3142;Ventura Padilla Ulloa;M;1982-09-26;Trujillo;La Libertad;2024-03-10;No afiliado
3143;Gabriela Calle Galarza;F;1987-07-31;Wanchaq;Cusco;2024-03-10;Plata
3144;Ariadna Muñiz Reyna;F;1996-09-07;Trujillo;La Libertad;2024-03-10;Oro
3145;Encarnación Ordoñez Amaya;F;2005-09-03;Piura;Piura;2024-03-10;Bronce
3146;Ariadna Ugarte Amaya;F;2000-05-13;Cusco;Cusco;2024-03-10;Plata
3147;Sara Acuña Matías;F;1981-04-15;Piura;Piura;2024-03-10;No afiliado
3148;Romualdo Palacios Manrique;M;2007-01-30;Santiago de Surco;Lima;2024-03-10;No afiliado
3149;Eusebia Bravo Villafuerte;F;1974-01-02;Trujillo;La Libertad;2024-03-10;Bronce
3150;Balbina Pacheco González;F;1969-06-12;San Martín de Porres;Lima;2024-03-10;No afiliado
3151;PONCIANO MALDONADO SANTOS;M;1978-01-09;Paita;Piura;2024-03-11;Bronce
3152;Eustaquio Llerena Rojas;M;1987-09-22;San Sebastián;Cusco;2024-03-11;Bronce
3153;RUBÉN REYNA ZAVALA;M;1983-07-29;Veintiséis de Octubre;Piura;2024-03-11;Bronce
3154;Gisela Llerena Nieto;F;1958-11-03;Nauta;Loreto;2024-03-11;Bronce
3155;ERIKA VARGAS AGUILAR;F;1999-07-11;Sullana;Piura;2024-03-11;No afiliado
3156;BIANCA GARCÍA AVENDAÑO;F;1997-02-07;Huancayo;Junín;2024-03-11;Bronce
3157;Mercedes Ulloa Rivera;F;1974-12-29;La Esperanza;La Libertad;2024-03-11;Bronce
3158;Elsa Reyna Mora;F;1959-02-11;Arequipa;Arequipa;2024-03-11;Plata
3159;Gracia Amaya Ramírez;F;1960-07-11;Punchana;Loreto;2024-03-11;Bronce
3160;Agustín Moreno Rojas;M;1996-11-19;Paita;Piura;2024-03-11;Bronce
3161;Aarón Gallo Gálvez;M;1970-03-25;Santiago de Surco;Lima;2024-03-11;Bronce
3162;Vicenta Sánchez Ortega;F;1979-07-22;El Tambo;Junín;2024-03-11;No afiliado
3163;EMMANUEL RAMÍREZ VIDAL;M;2005-07-31;La Esperanza;La Libertad;2024-03-11;Oro
3164;Eustaquio Carranza Domínguez;M;2007-05-02;San Jerónimo;Cusco;2024-03-11;Plata
3165;Concepción Maldonado Zúñiga;F;1984-09-15;San Juan de Lurigancho;Lima;2024-03-11;Bronce
3166;Evaristo Mendieta Carranza;M;1964-04-21;Sullana;Piura;2024-03-11;Plata
3167;Raquel Chávez Del Carpio;F;1983-09-26;El Porvenir;La Libertad;2024-03-11;No afiliado
3168;Héctor Padilla Rivera;M;1983-07-17;Huanchaco;La Libertad;2024-03-11;No afiliado
3169;Ursula Maldonado Matías;F;1971-09-01;El Porvenir;La Libertad;2024-03-11;Bronce
3170;Nepomuceno Pacheco Trejo;M;1956-06-05;Chiclayo;Lambayeque;2024-03-11;No afiliado
3171;Ángel Fuentes Zambrano;M;1978-09-15;Poroy;Cusco;2024-03-11;No afiliado
3172;ALBINA RODRÍGUEZ PADILLA;F;1997-09-26;Ate;Lima;2024-03-11;Plata
3173;gracia rojas vargas;F;1958-07-16;Socabaya;Arequipa;2024-03-11;Bronce
3174;Teodosia Portilla Zúñiga;F;2006-05-31;San Jerónimo;Cusco;2024-03-11;Plata
3175;Sol Portilla Dávila;F;1978-11-18;San Juan de Lurigancho;Lima;2024-03-11;Plata
3176;Pedro Villafuerte Maldonado;M;2007-12-12;La Esperanza;La Libertad;2024-03-11;Bronce
3177;BRAULIO QUIJANO BELLO;M;1994-12-09;José Luis Bustamante y Rivero;Arequipa;2024-03-11;No afiliado
3178;Tomasa Rocha Valenzuela;F;1974-10-15;Chiclayo;Lambayeque;2024-03-11;No afiliado
3179;Emmanuel Tejada Peralta;M;1986-12-31;Pueblo Libre;Lima;2024-03-11;No afiliado
3180;Alonso Dávila Reyna;M;1997-02-20;Cayma;Arequipa;2024-03-11;Bronce
3181;Erik Callirgos Martínez;M;1985-01-08;Veintiséis de Octubre;Piura;2024-03-11;Bronce
3182;Amelia Cruz Cáceres;F;1979-08-22;Comas;Lima;2024-03-11;Plata
3183;Ventura Martínez Velásquez;M;1956-11-14;Pimentel;Lambayeque;2024-03-11;Bronce
3184;HUGO ORDOÑEZ GÓMEZ;M;2001-11-22;Trujillo;La Libertad;2024-03-11;Plata
3185;Atanasio Velásquez Calderón;M;2001-07-01;Catacaos;Piura;2024-03-11;Plata
3186;Susana Campos Pizarro;F;1964-07-15;Paucarpata;Arequipa;2024-03-11;Plata
3187;Moisés Rodríguez Rivera;M;1999-09-05;Trujillo;La Libertad;2024-03-11;No afiliado
3188;Ainhoa Amaya Conde;F;2001-09-21;Comas;Lima;2024-03-11;Oro
3189;alba gamarra cruz;F;2004-04-25;Los Olivos;Lima;2024-03-11;Bronce
3190;Virginia Obando Chávez;F;1985-05-26;San Juan de Lurigancho;Lima;2024-03-11;No afiliado
3191;Gisela Rivera Gallo;F;1997-06-05;Castilla;Piura;2024-03-11;Bronce
3192;Olegario Villafuerte García;M;2006-07-19;Ate;Lima;2024-03-11;No afiliado
3193;nepomuceno santos palacios;M;2007-12-03;La Esperanza;La Libertad;2024-03-11;No afiliado
3194;Marciano Del Carpio Montes;M;1991-09-07;Sullana;Piura;2024-03-11;Bronce
3195;Carlos Chambi Rojas;M;1965-03-20;Belén;Loreto;2024-03-11;No afiliado
3196;Blanca Sánchez Valverde;F;1986-06-22;San Juan de Lurigancho;Lima;2024-03-12;Bronce
3197;BASILISA GALLO MEJÍA;F;1963-04-29;San Martín de Porres;Lima;2024-03-12;Bronce
3198;Rodolfo Matías Martínez;M;1992-08-28;Ate;Lima;2024-03-12;No afiliado
3199;Aarón Ortega Muñiz;M;1980-03-20;San Juan de Lurigancho;Lima;2024-03-12;No afiliado
3200;Lucas Bello Alvarado;M;2006-02-05;Moche;La Libertad;2024-03-12;Plata
3201;Leandro García Pacheco;M;1958-02-24;Paucarpata;Arequipa;2024-03-12;No afiliado
3202;Laura Bello Medina;F;1984-07-12;Trujillo;La Libertad;2024-03-12;Bronce
3203;rodrigo cáceres dávila;M;1972-10-25;José Leonardo Ortiz;Lambayeque;2024-03-12;No afiliado
3204;Bernarda Allcca Navarrete;F;1987-11-15;Trujillo;La Libertad;2024-03-12;Bronce
3205;Adriana Padilla Zambrano;F;2005-04-15;Los Olivos;Lima;2024-03-12;No afiliado
3206;Pastora Arango Valverde;F;1979-05-30;Trujillo;La Libertad;2024-03-12;Bronce
3207;paulina miranda vásquez;F;1965-07-15;Santiago;Cusco;2024-03-12;Bronce
3208;genoveva conde villalba;F;2007-09-23;Iquitos;Loreto;2024-03-12;Bronce
3209;Eloísa Rosales Torres;F;2003-12-14;Sullana;Piura;2024-03-12;Plata
3210;Tomasa Meneses Pacheco;F;1966-11-03;Pariñas;Piura;2024-03-12;Bronce
3211;Fabián Lozano Salazar;M;1985-09-19;Santiago;Cusco;2024-03-12;Bronce
3212;JESÚS RAMÍREZ RUIZ;M;1990-11-03;Víctor Larco Herrera;La Libertad;2024-03-12;Oro
3213;Bárbara Tello Santos;F;1956-07-25;La Esperanza;La Libertad;2024-03-12;Bronce
3214;César Palacios Requejo;M;1956-08-12;La Esperanza;La Libertad;2024-03-12;Bronce
3215;CELSA VÁSQUEZ FARRO;F;2007-10-06;San Miguel;Lima;2024-03-12;No afiliado
3216;lucio padilla solano;M;1977-08-07;La Esperanza;La Libertad;2024-03-12;Bronce
3217;tamara aguirre lozano;F;1980-01-02;Sullana;Piura;2024-03-12;No afiliado
3218;Marisa Ramírez Villanueva;F;1958-06-26;La Victoria;Lambayeque;2024-03-12;No afiliado
3219;Aarón Villalobos Medina;M;2007-03-16;San Miguel;Lima;2024-03-12;Plata
3220;víctor calle allcca;M;1977-04-01;Los Olivos;Lima;2024-03-12;No afiliado
3221;Lucía Rojas Rojas;F;1964-06-05;Monsefú;Lambayeque;2024-03-12;No afiliado
3222;Rocío Escobar Gálvez;F;1949-04-29;Sullana;Piura;2024-03-12;No afiliado
3223;Fortunato García Gálvez;M;1964-10-02;Chiclayo;Lambayeque;2024-03-12;Bronce
3224;Paz Gallo Villanueva;F;1946-01-22;Piura;Piura;2024-03-12;Bronce
3225;CELINA PALOMINO ARANGO;F;1960-05-29;Ate;Lima;2024-03-12;No afiliado
3226;elisa amaya gutiérrez;F;1973-07-08;Belén;Loreto;2024-03-12;Plata
3227;herminio requejo campos;M;1976-07-21;El Porvenir;La Libertad;2024-03-12;No afiliado
3228;Eloy Rivera Campos;M;1998-10-26;Ate;Lima;2024-03-12;Plata
3229;Patricio Ordóñez Mendieta;M;1997-01-08;Wanchaq;Cusco;2024-03-12;No afiliado
3230;Edmundo Valverde Merino;M;1962-10-08;San Juan Bautista;Loreto;2024-03-12;Bronce
3231;Sinforoso Rivera Rivera;M;1997-03-31;San Isidro;Lima;2024-03-12;Bronce
3232;matías garcía gallo;M;1956-08-06;Chiclayo;Lambayeque;2024-03-12;Plata
3233;ESTELA MONTES SANTOS;F;1976-09-20;Comas;Lima;2024-03-12;Bronce
3234;Silvano Santos Macedo;M;1978-09-30;Jesús María;Lima;2024-03-12;No afiliado
3235;adela miranda villalba;F;1977-08-22;Chilca;Junín;2024-03-12;No afiliado
3236;DOROTEA MATÍAS SOLANO;F;1976-01-14;La Esperanza;La Libertad;2024-03-12;Bronce
3237;Darío Ortega Martínez;M;1994-08-02;Castilla;Piura;2024-03-12;Plata
3238;Sol Nieto Cruz;F;1971-01-30;Piura;Piura;2024-03-12;No afiliado
3239;Trinidad Rojas Rivera;F;1982-05-28;Cayma;Arequipa;2024-03-12;No afiliado
3240;Raúl Torres Vilca;M;2007-03-13;Ate;Lima;2024-03-12;Plata
3241;César Villalobos Serna;M;1996-03-01;Paucarpata;Arequipa;2024-03-13;Plata
3242;Sara Palacios Sánchez;F;1954-11-03;Villa El Salvador;Lima;2024-03-13;Bronce
3243;Alejandrina Zambrano Cruz;F;1983-05-16;Trujillo;La Libertad;2024-03-13;No afiliado
3244;GISELA OBANDO GONZÁLEZ;F;1945-10-04;San Juan de Lurigancho;Lima;2024-03-13;Oro
3245;Artemio Gallo Ordoñez;M;1997-10-15;Lima;Lima;2024-03-13;No afiliado
3246;SINFOROSO LLERENA SOLANO;M;1956-11-05;El Tambo;Junín;2024-03-13;Bronce
3247;Mercedes Valenzuela Matías;F;1985-04-25;José Luis Bustamante y Rivero;Arequipa;2024-03-13;No afiliado
3248;Adela Callirgos Obando;F;2001-03-28;San Martín de Porres;Lima;2024-03-13;Bronce
3249;Asunción Aguirre Medina;F;2005-06-25;Trujillo;La Libertad;2024-03-13;Bronce
3250;Gema Benavides Del Carpio;F;1927-09-23;San Juan de Lurigancho;Lima;2024-03-13;Plata
3251;Concepción Mejía Chambi;F;1982-11-14;Florencia de Mora;La Libertad;2024-03-13;No afiliado
3252;Sol Vargas Matías;F;1992-07-09;La Esperanza;La Libertad;2024-03-13;Bronce
3253;atanasio gamarra gálvez;M;2007-06-16;Ate;Lima;2024-03-13;No afiliado
3254;margarita meneses coronado;F;1959-08-23;Socabaya;Arequipa;2024-03-13;Bronce
3255;benjamín benites hurtado;M;1986-06-10;Yurimaguas;Loreto;2024-03-13;Oro
3256;ESTEBAN ROCHA AVENDAÑO;M;1950-01-04;Paucarpata;Arequipa;2024-03-13;Bronce
3257;Paulina Calle Farro;F;1974-01-28;Los Olivos;Lima;2024-03-13;Bronce
3258;FÁTIMA MATÍAS JARA;F;1990-05-19;San Juan de Lurigancho;Lima;2024-03-13;Plata
3259;Gisela Lozano Chávez;F;2007-06-03;Catacaos;Piura;2024-03-13;Bronce
3260;erik villalobos delgado;M;1995-05-17;El Porvenir;La Libertad;2024-03-13;Bronce
3261;Emilia Ponce Gálvez;F;1996-12-15;El Porvenir;La Libertad;2024-03-13;Plata
3262;catalina benites jiménez;F;2001-04-02;San Martín de Porres;Lima;2024-03-13;No afiliado
3263;Julio Tello Chávez;M;1991-08-18;San Martín de Porres;Lima;2024-03-13;Bronce
3264;Aarón Santos Sánchez;M;2002-06-22;San Martín de Porres;Lima;2024-03-13;Plata
3265;Brayan Navarrete Velarde;M;1953-12-05;El Tambo;Junín;2024-03-13;Bronce
3266;Javier Villalobos Cruz;M;1983-03-08;Paucarpata;Arequipa;2024-03-13;No afiliado
3267;Claudia Lozano Ríos;F;2003-06-08;Cerro Colorado;Arequipa;2024-03-13;Bronce
3268;Artemio Villalba Callirgos;M;2006-04-17;Castilla;Piura;2024-03-13;Bronce
3269;Tomás Vásquez Portilla;M;1996-07-25;San Isidro;Lima;2024-03-13;Bronce
3270;anabel villegas galarza;F;1976-07-19;La Esperanza;La Libertad;2024-03-13;No afiliado
3271;Ildefonsa Zambrano Sánchez;F;1955-02-26;Piura;Piura;2024-03-13;Bronce
3272;Marcial Carranza Villafuerte;M;1997-06-01;Chiclayo;Lambayeque;2024-03-13;Bronce
3273;Álvaro Villalba Araujo;M;1958-10-30;Comas;Lima;2024-03-13;Bronce
3274;OLIVIA VELÁSQUEZ ARIAS;F;2004-01-01;Cerro Colorado;Arequipa;2024-03-13;No afiliado
3275;Rodrigo Ugarte Quijano;M;1984-08-25;Yurimaguas;Loreto;2024-03-13;No afiliado
3276;Epifanio Merino Portilla;M;1974-01-08;Pariñas;Piura;2024-03-13;Bronce
3277;Gumersindo Escalante Santos;M;1982-11-14;San Juan de Lurigancho;Lima;2024-03-13;Plata
3278;Leonor Reyna Serna;F;1987-01-07;Trujillo;La Libertad;2024-03-13;No afiliado
3279;Néstor Muñiz Riveros;M;1975-09-17;Trujillo;La Libertad;2024-03-13;Bronce
3280;Soraya Chávez Solano;F;1996-08-05;Punchana;Loreto;2024-03-13;No afiliado
3281;Alcides Santos Alvarado;M;1984-03-15;Iquitos;Loreto;2024-03-13;No afiliado
3282;Ainhoa Muñoz Sierra;F;1979-07-15;Pueblo Libre;Lima;2024-03-13;No afiliado
3283;Florencio Bello Valenzuela;M;1982-03-19;Lima;Lima;2024-03-13;No afiliado
3284;Atilio Muñiz Maldonado;M;1981-08-15;Huanchaco;La Libertad;2024-03-13;No afiliado
3285;Roberto Pacheco Dávila;M;1997-10-28;Piura;Piura;2024-03-13;Plata
3286;claudia cruz rojas;F;1995-01-30;Trujillo;La Libertad;2024-03-14;No afiliado
3287;ALBINA DELGADO CALLIRGOS;F;1994-02-01;San Juan de Lurigancho;Lima;2024-03-14;Plata
3288;Eufemia Torrico Vilchez;F;1976-12-22;Cerro Colorado;Arequipa;2024-03-14;No afiliado
3289;felipe maldonado sanabria;M;1954-07-29;San Juan Bautista;Loreto;2024-03-14;Bronce
3290;Salvador Trujillo Dávila;M;2007-01-04;San Juan Bautista;Loreto;2024-03-14;No afiliado
3291;fátima palacios amaya;F;1980-11-02;Castilla;Piura;2024-03-14;No afiliado
3292;Laura Valverde Palomino;F;1949-06-23;Comas;Lima;2024-03-14;No afiliado
3293;Gisela Pizarro Solano;F;1993-03-31;Cayma;Arequipa;2024-03-14;Bronce
3294;Paz Cruz Vásquez;F;2002-02-22;San Martín de Porres;Lima;2024-03-14;No afiliado
3295;boris delgado bello;M;1983-12-05;San Juan de Lurigancho;Lima;2024-03-14;Bronce
3296;PAULINA VALVERDE ORDÓÑEZ;F;1964-02-04;Pariñas;Piura;2024-03-14;Bronce
3297;Pilar Montalvo Campos;F;1999-11-25;Catacaos;Piura;2024-03-14;Bronce
3298;Tomasa Alvarado Tejada;F;1982-02-22;Trujillo;La Libertad;2024-03-14;Oro
3299;Ariadna Arango Escobar;F;1982-07-09;San Martín de Porres;Lima;2024-03-14;Bronce
3300;Martín Villafuerte Montes;M;1983-06-04;San Borja;Lima;2024-03-14;Bronce
3301;Esteban García Arias;M;1951-12-30;San Jerónimo;Cusco;2024-03-14;No afiliado
3302;FELICIDAD JIMÉNEZ TORRES;F;1991-12-16;El Porvenir;La Libertad;2024-03-14;Bronce
3303;arantxa ojeda arango;F;1989-12-23;San Martín de Porres;Lima;2024-03-14;Bronce
3304;MARIO CHÁVEZ GUERRERO;M;1995-08-21;Piura;Piura;2024-03-14;No afiliado
3305;Rodolfo Allcca Rocha;M;1982-09-27;La Esperanza;La Libertad;2024-03-14;Bronce
3306;Ursula Zapata Domínguez;F;2005-07-21;El Porvenir;La Libertad;2024-03-14;Bronce
3307;FABIÁN RIVERA HERNÁNDEZ;M;2007-06-19;Cusco;Cusco;2024-03-14;Oro
3308;Marciano Ortega Ordoñez;M;2003-09-07;San Juan de Lurigancho;Lima;2024-03-14;Bronce
3309;Ruperto Escobar Ramírez;M;2003-03-24;San Juan de Lurigancho;Lima;2024-03-14;Bronce
3310;Encarnación Santos Mora;F;2001-09-28;La Esperanza;La Libertad;2024-03-14;No afiliado
3311;Laura Miranda Tejada;F;1950-11-15;San Martín de Porres;Lima;2024-03-14;Bronce
3312;CANDELARIA GÁLVEZ ESCOBAR;F;1955-04-05;San Juan de Lurigancho;Lima;2024-03-14;No afiliado
3313;Asunción Montalvo Cruz;F;2007-10-08;Yurimaguas;Loreto;2024-03-14;Bronce
3314;ISAAC AGUILAR JIMÉNEZ;M;2004-08-05;Arequipa;Arequipa;2024-03-14;Bronce
3315;Gisela Ortega Santos;F;1993-05-20;La Esperanza;La Libertad;2024-03-14;No afiliado
3316;Hugo Zavala Gálvez;M;1954-05-13;San Miguel;Lima;2024-03-14;No afiliado
3317;Baltasar Delgado Domínguez;M;1992-04-19;Veintiséis de Octubre;Piura;2024-03-14;No afiliado
3318;gisela avendaño santos;F;1978-05-10;José Leonardo Ortiz;Lambayeque;2024-03-14;No afiliado
3319;salud avendaño sierra;F;2005-05-28;Sullana;Piura;2024-03-14;Bronce
3320;ROBERTO ROJAS MANRIQUE;M;1948-10-19;Arequipa;Arequipa;2024-03-14;No afiliado
3321;Trinidad Valenzuela Yañez;F;1985-03-03;Pimentel;Lambayeque;2024-03-14;Bronce
3322;Emilio Rojas Gallo;M;1972-12-27;San Sebastián;Cusco;2024-03-14;Plata
3323;Bartolomé Palacios Montes;M;1981-08-23;Paucarpata;Arequipa;2024-03-14;Bronce
3324;Anabel Aguirre Serna;F;1959-04-08;Cerro Colorado;Arequipa;2024-03-14;Bronce
3325;MARÍA ROSALES ESCALANTE;F;1988-10-05;Sullana;Piura;2024-03-14;Plata
3326;Victoria Sanabria Calderón;F;1976-01-12;Víctor Larco Herrera;La Libertad;2024-03-14;Bronce
3327;Toribio Bravo Rocha;M;2002-05-12;Trujillo;La Libertad;2024-03-14;Bronce
3328;César Hernández Villanueva;M;1958-04-21;Cerro Colorado;Arequipa;2024-03-14;No afiliado
3329;álvaro nieto cruz;M;2001-09-29;Belén;Loreto;2024-03-14;Oro
3330;Brayan Montes Villafuerte;M;1980-04-09;San Jerónimo;Cusco;2024-03-14;No afiliado
3331;AMELIA TORRES VALVERDE;F;1991-05-04;Paita;Piura;2024-03-15;Bronce
3332;Álvaro Reyna Campos;M;1949-05-03;Comas;Lima;2024-03-15;Oro
3333;Balbina Campos Vilca;F;1948-11-14;Pariñas;Piura;2024-03-15;Bronce
3334;Casimiro Villalobos Velásquez;M;1985-08-28;Belén;Loreto;2024-03-15;Plata
3335;Feliciana Montalvo Solano;F;1948-07-18;San Juan de Lurigancho;Lima;2024-03-15;No afiliado
3336;Ursula Fuentes Valverde;F;1992-08-07;Catacaos;Piura;2024-03-15;Bronce
3337;Salustiano Cruz Rodríguez;M;1990-07-13;Ate;Lima;2024-03-15;Bronce
3338;Santiago Ugarte Arias;M;2003-02-07;La Esperanza;La Libertad;2024-03-15;No afiliado
3339;OLIVIA SÁNCHEZ CRUZ;F;1977-02-19;Ate;Lima;2024-03-15;Bronce
3340;Leticia Meneses Arias;F;1985-12-18;Pueblo Libre;Lima;2024-03-15;No afiliado
3341;Benjamín Cáceres Galarza;M;1928-05-24;Lima;Lima;2024-03-15;Bronce
3342;Apolonio Palomino Gálvez;M;1997-02-12;Huanchaco;La Libertad;2024-03-15;No afiliado
3343;Magdalena Gálvez Martínez;F;1991-07-27;Saylla;Cusco;2024-03-15;Plata
3344;OIHANA MONTOYA ZAMBRANO;F;1945-11-17;Paucarpata;Arequipa;2024-03-15;Bronce
3345;agustín rodríguez padilla;M;1948-08-04;Trujillo;La Libertad;2024-03-15;Bronce
3346;Laura Rocha Arroyo;F;1997-12-30;San Martín de Porres;Lima;2024-03-15;Bronce
3347;Francisco Salgado Hurtado;M;1996-06-17;San Martín de Porres;Lima;2024-03-15;No afiliado
3348;Feliciana Villafuerte Reyna;F;2000-08-10;San Borja;Lima;2024-03-15;Bronce
3349;Gabriela Mora Allcca;F;2003-02-25;Víctor Larco Herrera;La Libertad;2024-03-15;Bronce
3350;Rosa Amaya Villalba;F;2000-11-10;Yurimaguas;Loreto;2024-03-15;No afiliado
3351;aureliano medina maldonado;M;1986-04-27;Villa El Salvador;Lima;2024-03-15;Bronce
3352;Sabina Zambrano Zavala;F;1977-04-03;San Juan Bautista;Loreto;2024-03-15;Bronce
3353;Justo Velásquez Del Carpio;M;1973-08-29;Ate;Lima;2024-03-15;No afiliado
3354;gisela ordóñez palacios;F;1995-03-26;San Sebastián;Cusco;2024-03-15;No afiliado
3355;Hugo Chávez Villafuerte;M;1974-05-16;Cusco;Cusco;2024-03-15;Plata
3356;alba pizarro estrella;F;1965-11-02;San Martín de Porres;Lima;2024-03-15;No afiliado
3357;Ignacio Navarrete Santos;M;1992-03-04;San Juan de Lurigancho;Lima;2024-03-15;Bronce
3358;GABRIELA GUERRERO ZAPATA;F;1974-10-30;Los Olivos;Lima;2024-03-15;No afiliado
3359;Prudencia Velásquez Obando;F;2006-01-05;Villa El Salvador;Lima;2024-03-15;Bronce
3360;Guido Delgado Matías;M;1951-06-24;Comas;Lima;2024-03-15;Bronce
3361;Alfonso Sierra Maldonado;M;1995-11-21;Santiago;Cusco;2024-03-15;Oro
3362;alonso campos zambrano;M;1997-05-07;La Esperanza;La Libertad;2024-03-15;Oro
3363;Homero Maldonado Vargas;M;1984-07-18;El Porvenir;La Libertad;2024-03-15;Plata
3364;Leonor Vargas Rojas;F;1995-03-01;Monsefú;Lambayeque;2024-03-15;Oro
3365;TRINIDAD FARRO ESCALANTE;F;1996-08-05;Veintiséis de Octubre;Piura;2024-03-15;Plata
3366;Aurora Macedo Jara;F;2005-05-04;Cayma;Arequipa;2024-03-15;No afiliado
3367;Ventura Rojas Rodríguez;M;1963-11-05;Trujillo;La Libertad;2024-03-15;No afiliado
3368;Laureano Aguirre Manrique;M;1984-12-29;San Juan Bautista;Loreto;2024-03-15;No afiliado
3369;Matías Galarza Riveros;M;1984-06-16;San Sebastián;Cusco;2024-03-15;Bronce
3370;marciano vargas ramírez;M;1988-12-05;Cusco;Cusco;2024-03-15;Plata
3371;Natalia Cruz Velásquez;F;2006-08-18;Chilca;Junín;2024-03-15;No afiliado
3372;Gisela Cruz Arroyo;F;1984-06-26;Castilla;Piura;2024-03-15;No afiliado
3373;Salvador García Ulloa;M;1998-06-28;Santiago de Surco;Lima;2024-03-15;No afiliado
3374;Feliciana Benites Lozano;F;1977-02-18;La Esperanza;La Libertad;2024-03-15;Oro
3375;Homero Benites Figueroa;M;1993-05-04;Chilca;Junín;2024-03-15;Bronce
3376;Consuelo Torrico Ruiz;F;1966-05-28;San Juan de Lurigancho;Lima;2024-03-16;No afiliado
3377;Sinforoso Zavala Martínez;M;2006-03-02;Yanahuara;Arequipa;2024-03-16;Plata
3378;Victoria Macedo Ortega;F;1999-09-20;Requena;Loreto;2024-03-16;Plata
3379;Eva Escalante Matías;F;1946-12-07;Víctor Larco Herrera;La Libertad;2024-03-16;No afiliado
3380;Ulises Peralta Zapata;M;1967-04-10;San Martín de Porres;Lima;2024-03-16;Bronce
3381;Natalia Meneses Rocha;F;2001-08-01;San Sebastián;Cusco;2024-03-16;Bronce
3382;Horacio Callirgos Figueroa;M;1998-12-07;Cusco;Cusco;2024-03-16;Bronce
3383;Salustiano Montes Gálvez;M;1998-03-27;San Martín de Porres;Lima;2024-03-16;No afiliado
3384;Alcides Ramírez Arroyo;M;1987-12-27;Catacaos;Piura;2024-03-16;Oro
3385;Felipe Delgado Vilchez;M;1954-11-05;Trujillo;La Libertad;2024-03-16;Bronce
3386;joaquín gallo sanabria;M;1993-09-30;San Juan de Lurigancho;Lima;2024-03-16;No afiliado
3387;horacio chávez chávez;M;1994-07-24;Iquitos;Loreto;2024-03-16;No afiliado
3388;Moisés Delgado Navarrete;M;1986-02-21;Paita;Piura;2024-03-16;Bronce
3389;Carmen Cruz Maldonado;F;1957-08-29;San Jerónimo;Cusco;2024-03-16;Bronce
3390;Eva Ulloa Gálvez;F;1981-08-27;Veintiséis de Octubre;Piura;2024-03-16;Bronce
3391;emilia valenzuela sánchez;F;1963-07-01;Huancayo;Junín;2024-03-16;No afiliado
3392;Esteban Villalba Sánchez;M;1997-04-20;Piura;Piura;2024-03-16;Bronce
3393;LAUREANO DEL CARPIO UGARTE;M;1945-08-30;Trujillo;La Libertad;2024-03-16;No afiliado
3394;gisela medina galarza;F;1995-04-09;Veintiséis de Octubre;Piura;2024-03-16;Bronce
3395;filemón requejo allcca;M;1994-06-29;José Luis Bustamante y Rivero;Arequipa;2024-03-16;Bronce
3396;mercedes nieto ulloa;F;1998-12-27;Huanchaco;La Libertad;2024-03-16;No afiliado
3397;Rita Suárez Zapata;F;1996-03-14;La Esperanza;La Libertad;2024-03-16;Bronce
3398;Baltasar Valverde Calderón;M;1958-09-26;José Leonardo Ortiz;Lambayeque;2024-03-16;No afiliado
3399;Tomasa Chávez Valverde;F;2006-12-09;Trujillo;La Libertad;2024-03-16;No afiliado
3400;Gloria Cruz Valenzuela;F;1967-06-27;Ate;Lima;2024-03-16;No afiliado
3401;Jesús Farro Chávez;M;2005-07-28;Belén;Loreto;2024-03-16;Plata
3402;herminio santos paredes;M;1992-06-10;Comas;Lima;2024-03-16;Bronce
3403;ANGELA RAMÍREZ RIVERA;F;1978-10-04;San Juan de Lurigancho;Lima;2024-03-16;No afiliado
3404;LOURDES VALLE CÁCERES;F;1983-11-25;Ate;Lima;2024-03-16;Bronce
3405;Anastasia Delgado Valenzuela;F;1985-11-27;Sullana;Piura;2024-03-16;Plata
3406;MAGDALENA PERALTA DÁVILA;F;1975-04-02;Ate;Lima;2024-03-16;Bronce
3407;LUCIO LOZANO VILLALBA;M;1957-10-08;Chiclayo;Lambayeque;2024-03-16;No afiliado
3408;Celina Villalobos Ríos;F;1980-01-11;San Juan de Lurigancho;Lima;2024-03-16;Bronce
3409;Dorotea Montes Dávila;F;1983-12-29;Arequipa;Arequipa;2024-03-16;No afiliado
3410;Lorenzo Amaya Del Carpio;M;1976-01-29;Sullana;Piura;2024-03-16;Plata
3411;Erika Mora Mendoza;F;1983-10-20;Castilla;Piura;2024-03-16;No afiliado
3412;Benjamín Trujillo Ramírez;M;2007-08-02;Punchana;Loreto;2024-03-16;Bronce
3413;Lucía Villafuerte Zapata;F;1998-12-26;Sullana;Piura;2024-03-16;No afiliado
3414;Alfonso Zambrano Benites;M;1984-08-09;Catacaos;Piura;2024-03-16;Bronce
3415;César Loayza Calderón;M;1982-01-27;San Juan de Lurigancho;Lima;2024-03-16;No afiliado
3416;Casimiro Carranza Sánchez;M;1961-08-14;Cayma;Arequipa;2024-03-16;No afiliado
3417;patricio chávez quijano;M;1949-09-29;San Juan de Lurigancho;Lima;2024-03-16;Bronce
3418;Micaela Del Carpio Yañez;F;1945-01-19;San Sebastián;Cusco;2024-03-16;Plata
3419;vicenta arroyo cruz;F;2001-03-20;Requena;Loreto;2024-03-16;Plata
3420;Isaac Valle Fuentes;M;1976-12-16;San Juan de Lurigancho;Lima;2024-03-16;Plata
3421;NOELIA RUIZ TREJO;F;2004-11-18;San Juan Bautista;Loreto;2024-03-17;No afiliado
3422;claudia guerrero villafuerte;F;1951-04-16;Ate;Lima;2024-03-17;No afiliado
3423;AZUCENA MONTALVO SÁNCHEZ;F;1970-04-24;Santiago de Surco;Lima;2024-03-17;No afiliado
3424;MERCEDES ORTEGA CORONADO;F;1989-08-04;Arequipa;Arequipa;2024-03-17;Bronce
3425;Juan Santos Valenzuela;M;1984-08-08;Pariñas;Piura;2024-03-17;Bronce
3426;Mario Solano Vargas;M;2001-12-11;La Esperanza;La Libertad;2024-03-17;Plata
3427;Benjamín Villalobos Gallo;M;2002-12-09;Trujillo;La Libertad;2024-03-17;No afiliado
3428;CATALINA DÁVILA VÁSQUEZ;F;2000-03-16;Huancayo;Junín;2024-03-17;Oro
3429;AZUCENA MALDONADO ESCOBAR;F;1964-03-03;Villa El Salvador;Lima;2024-03-17;Bronce
3430;Ceferino Ortega Maldonado;M;1979-02-10;Ate;Lima;2024-03-17;No afiliado
3431;Herminia Llerena Campos;F;1949-06-11;Veintiséis de Octubre;Piura;2024-03-17;No afiliado
3432;ALBA GÁLVEZ TORRICO;F;1990-06-25;San Juan de Lurigancho;Lima;2024-03-17;Bronce
3433;isidora conde escobar;F;1984-06-10;Chiclayo;Lambayeque;2024-03-17;Plata
3434;serafín chávez allcca;M;1951-09-17;San Juan de Lurigancho;Lima;2024-03-17;Plata
3435;Mauricio Vilchez Fuentes;M;1979-01-06;San Juan de Lurigancho;Lima;2024-03-17;Plata
3436;Erik Maldonado Carranza;M;1954-10-30;San Juan de Lurigancho;Lima;2024-03-17;No afiliado
3437;micaela arias conde;F;1949-11-03;Iquitos;Loreto;2024-03-17;Bronce
3438;Lucas Farro Ordoñez;M;1961-11-21;Arequipa;Arequipa;2024-03-17;Bronce
3439;Dante Hurtado Requejo;M;1953-10-21;San Juan Bautista;Loreto;2024-03-17;Plata
3440;Monserrat Hurtado Amaya;F;1976-03-15;Pariñas;Piura;2024-03-17;No afiliado
3441;Martina Paredes Ponce;F;1991-05-06;Sullana;Piura;2024-03-17;No afiliado
3442;Gloria Ulloa Avendaño;F;1933-02-16;Castilla;Piura;2024-03-17;No afiliado
3443;Dorotea Mendoza Pizarro;F;1986-10-02;Cerro Colorado;Arequipa;2024-03-17;Bronce
3444;VICENTE CHÁVEZ RODRÍGUEZ;M;1979-12-28;Cusco;Cusco;2024-03-17;Bronce
3445;dorotea aguilar valle;F;2005-04-21;La Victoria;Lambayeque;2024-03-17;Bronce
3446;Albina Palacios Reyna;F;1997-05-26;San Sebastián;Cusco;2024-03-17;Bronce
3447;Atanasio Arias Sierra;M;1996-05-05;Chiclayo;Lambayeque;2024-03-17;No afiliado
3448;Fabián García Mendieta;M;1948-09-20;San Juan de Lurigancho;Lima;2024-03-17;No afiliado
3449;Noelia Velásquez Hurtado;F;2001-11-26;Chilca;Junín;2024-03-17;Bronce
3450;Aarón Aguilar Portilla;M;1995-05-22;Piura;Piura;2024-03-17;Bronce
3451;faustino delgado maldonado;M;2001-08-12;Trujillo;La Libertad;2024-03-17;Bronce
3452;Eutiquio Domínguez Montoya;M;1990-08-26;San Juan de Lurigancho;Lima;2024-03-17;No afiliado
3453;trinidad chávez estrella;F;1996-11-07;Paita;Piura;2024-03-17;Bronce
3454;Paulina Villafuerte Valverde;F;1995-01-22;Los Olivos;Lima;2024-03-17;Plata
3455;Núria Bello Sánchez;F;1946-03-26;Catacaos;Piura;2024-03-17;Bronce
3456;Atilio Rosales Chambi;M;1980-09-11;Trujillo;La Libertad;2024-03-17;No afiliado
3457;Sara Sanabria Escobar;F;2006-04-12;Cerro Colorado;Arequipa;2024-03-17;Bronce
3458;filomena ríos quispe;F;1951-03-28;Ate;Lima;2024-03-17;Bronce
3459;marcos velarde valenzuela;M;1961-01-30;San Juan de Lurigancho;Lima;2024-03-17;Bronce
3460;Restituto Machuca Miranda;M;1998-05-29;Huancayo;Junín;2024-03-17;No afiliado
3461;césar villafuerte valle;M;1946-02-25;San Miguel;Lima;2024-03-17;Plata
3462;Aniceto Salgado Soto;M;1952-08-11;Piura;Piura;2024-03-17;Bronce
3463;FAUSTINO MONTALVO VARGAS;M;2002-05-07;Lima;Lima;2024-03-17;Oro
3464;Josefa Velásquez Trejo;F;1990-01-13;San Martín de Porres;Lima;2024-03-17;No afiliado
3465;Remedios Carranza Montalvo;F;1996-07-13;Villa El Salvador;Lima;2024-03-17;Plata
3466;Mauricio Zapata Yañez;M;1994-08-24;Comas;Lima;2024-03-18;No afiliado
3467;Soraya Riveros Montoya;F;1991-10-23;Comas;Lima;2024-03-18;Bronce
3468;TOBÍAS VILCA RIVERA;M;1984-03-24;San Juan de Lurigancho;Lima;2024-03-18;No afiliado
3469;Eva Chávez Manrique;F;2004-05-22;Cayma;Arequipa;2024-03-18;Bronce
3470;diego mejía avendaño;M;1973-10-24;Ate;Lima;2024-03-18;No afiliado
3471;samara del carpio villalba;F;1982-04-07;Ate;Lima;2024-03-18;Bronce
3472;Mar Maldonado Navarrete;F;1950-03-02;Huanchaco;La Libertad;2024-03-18;Bronce
3473;heriberto ramírez ojeda;M;1952-06-15;San Miguel;Lima;2024-03-18;Bronce
3474;LUISA VILLAFUERTE CHÁVEZ;F;1965-06-10;Trujillo;La Libertad;2024-03-18;Oro
3475;Atanasio Zúñiga Matías;M;1941-11-18;Chiclayo;Lambayeque;2024-03-18;Plata
3476;Josefa Torres Paredes;F;1996-10-12;San Juan de Lurigancho;Lima;2024-03-18;Oro
3477;Emilio Torres Vega;M;1979-10-06;Los Olivos;Lima;2024-03-18;No afiliado
3478;arantxa torres requejo;F;1983-10-01;Poroy;Cusco;2024-03-18;Plata
3479;trinidad del carpio portilla;F;1981-06-24;San Martín de Porres;Lima;2024-03-18;Bronce
3480;Avelino Ramírez Reyna;M;1988-09-26;San Juan de Lurigancho;Lima;2024-03-18;Plata
3481;Fabián Palacios Rosales;M;2001-11-30;Castilla;Piura;2024-03-18;Oro
3482;Pedro Rosales Tello;M;1983-10-17;Comas;Lima;2024-03-18;No afiliado
3483;Sandra Carranza Chambi;F;2006-12-25;Trujillo;La Libertad;2024-03-18;No afiliado
3484;CONCEPCIÓN MONTES DÁVILA;F;1999-02-23;San Juan de Lurigancho;Lima;2024-03-18;No afiliado
3485;Natalia Serna Chávez;F;1953-03-24;La Esperanza;La Libertad;2024-03-18;Plata
3486;Clodomiro Ugarte Sánchez;M;2006-04-13;Trujillo;La Libertad;2024-03-18;No afiliado
3487;Encarnación Portilla Bello;F;2006-02-12;Reque;Lambayeque;2024-03-18;Bronce
3488;Prudencia Sánchez Calderón;F;1996-05-25;Monsefú;Lambayeque;2024-03-18;No afiliado
3489;Celina Valle Soto;F;2003-08-22;Arequipa;Arequipa;2024-03-18;No afiliado
3490;Sofía Rodríguez Ugarte;F;1997-10-31;Cusco;Cusco;2024-03-18;Bronce
3491;Marciano Rivera Gálvez;M;1976-10-05;Trujillo;La Libertad;2024-03-18;Plata
3492;Salvador Arias Rivera;M;1981-09-09;Villa El Salvador;Lima;2024-03-18;Bronce
3493;Romualdo Zúñiga Estrella;M;1964-08-01;San Juan de Lurigancho;Lima;2024-03-18;No afiliado
3494;Bianca Cáceres Amaya;F;2006-02-11;El Porvenir;La Libertad;2024-03-18;Plata
3495;Ursula Ordóñez Villalba;F;1961-09-11;San Juan de Lurigancho;Lima;2024-03-18;Oro
3496;Rocío Martínez Ponce;F;1996-06-04;José Luis Bustamante y Rivero;Arequipa;2024-03-18;Bronce
3497;Ventura Rojas Villalba;M;1980-06-30;Comas;Lima;2024-03-18;Bronce
3498;Edmundo Rivera Velásquez;M;1953-12-19;Castilla;Piura;2024-03-18;Plata
3499;Fabián Soto Bravo;M;1981-12-11;Cerro Colorado;Arequipa;2024-03-18;No afiliado
3500;Salustiano Montes Zeballos;M;1994-06-07;Piura;Piura;2024-03-18;Bronce
3501;HÉCTOR VILLALOBOS VILLAFUERTE;M;1965-09-15;Trujillo;La Libertad;2024-03-18;No afiliado
3502;Marciano Zambrano Padilla;M;1994-11-11;Paita;Piura;2024-03-18;No afiliado
3503;Alcides Lozano Lozano;M;1966-02-01;Punchana;Loreto;2024-03-18;Plata
3504;ROBERTO ORDÓÑEZ QUISPE;M;2004-05-25;Cerro Colorado;Arequipa;2024-03-18;Oro
3505;pastora benites maldonado;F;1960-01-07;Chilca;Junín;2024-03-18;No afiliado
3506;mercedes santos estrella;F;1964-03-05;Cayma;Arequipa;2024-03-18;No afiliado
3507;Tadeo Valverde Quijano;M;1970-12-02;El Porvenir;La Libertad;2024-03-18;Plata
3508;Esperanza Yupanqui Tejada;F;1969-04-05;Socabaya;Arequipa;2024-03-18;Bronce
3509;Gabriela Cáceres Villegas;F;1994-03-28;Piura;Piura;2024-03-18;Bronce
3510;Edmundo Fuentes Galarza;M;1995-09-18;Ate;Lima;2024-03-18;Oro
3511;adalberto palacios rosales;M;1965-09-25;Cerro Colorado;Arequipa;2024-03-19;No afiliado
3512;Sergio Maldonado Escalante;M;1978-07-10;El Porvenir;La Libertad;2024-03-19;No afiliado
3513;maría vega vidal;F;1970-08-06;Paucarpata;Arequipa;2024-03-19;Plata
3514;Erik Cruz Valverde;M;1950-08-07;Chiclayo;Lambayeque;2024-03-19;No afiliado
3515;Clodomiro Cruz Benites;M;1975-01-28;Paita;Piura;2024-03-19;No afiliado
3516;Néstor Valverde Maldonado;M;1956-11-28;Santiago de Surco;Lima;2024-03-19;Bronce
3517;Candelaria Sánchez Rosales;F;1997-02-27;Víctor Larco Herrera;La Libertad;2024-03-19;No afiliado
3518;federico ordoñez torres;M;1970-06-16;Ate;Lima;2024-03-19;Bronce
3519;Angustias Medina Cruz;F;1997-09-18;El Porvenir;La Libertad;2024-03-19;Oro
3520;Vega Mendoza Gálvez;F;2005-11-04;Jesús María;Lima;2024-03-19;Plata
3521;Luz Arias Rodríguez;F;1988-05-25;Piura;Piura;2024-03-19;Bronce
3522;MAXIMILIANO SALGADO VILLALOBOS;M;1986-10-10;San Martín de Porres;Lima;2024-03-19;Plata
3523;ORLANDO LLANOS VALLE;M;1981-09-11;Huanchaco;La Libertad;2024-03-19;No afiliado
3524;PRUDENCIA ROSALES TEJADA;F;1990-06-12;Lambayeque;Lambayeque;2024-03-19;No afiliado
3525;Anastasia Valverde Zambrano;F;1972-09-14;Castilla;Piura;2024-03-19;Bronce
3526;AGUSTÍN VIDAL MENDOZA;M;1999-11-03;Huancán;Junín;2024-03-19;Bronce
3527;Carmen Cruz Matías;F;1928-11-08;Lima;Lima;2024-03-19;Bronce
3528;avelino estrella gálvez;M;1991-06-13;La Esperanza;La Libertad;2024-03-19;No afiliado
3529;Aurelio Cáceres Muñoz;M;2004-11-01;Huanchaco;La Libertad;2024-03-19;No afiliado
3530;Eloísa Navarrete Velásquez;F;1993-05-13;Comas;Lima;2024-03-19;No afiliado
3531;Leticia Manrique Solano;F;1956-05-11;Paita;Piura;2024-03-19;Plata
3532;Alonso Portilla Medina;M;1951-12-23;Punchana;Loreto;2024-03-19;Bronce
3533;LEONOR AMAYA TREJO;F;2007-02-02;Chilca;Junín;2024-03-19;No afiliado
3534;Dorotea Chávez Palacios;F;1977-08-06;Poroy;Cusco;2024-03-19;Plata
3535;Concepción Vega Portilla;F;1988-11-07;El Porvenir;La Libertad;2024-03-19;Bronce
3536;Asunción Chávez Sanabria;F;2002-02-27;San Agustín;Junín;2024-03-19;Bronce
3537;Ariadna Rosales Cruz;F;1962-11-01;Veintiséis de Octubre;Piura;2024-03-19;Bronce
3538;SILVIA JIMÉNEZ CALLE;F;2002-11-23;José Leonardo Ortiz;Lambayeque;2024-03-19;Bronce
3539;federico cáceres obando;M;1993-04-03;Comas;Lima;2024-03-19;Plata
3540;Arantxa Padilla Rodríguez;F;2004-11-15;Trujillo;La Libertad;2024-03-19;No afiliado
3541;Eustaquio Chávez Vilca;M;1984-03-15;Ate;Lima;2024-03-19;Bronce
3542;Heriberto Sánchez Matías;M;1966-11-30;San Juan de Lurigancho;Lima;2024-03-19;No afiliado
3543;Eufemia Avendaño Rosales;F;1957-04-02;La Esperanza;La Libertad;2024-03-19;No afiliado
3544;Eloísa Velásquez Pizarro;F;1933-05-27;Chiclayo;Lambayeque;2024-03-19;Bronce
3545;Raúl Sierra Matías;M;1967-06-27;Los Olivos;Lima;2024-03-19;Plata
3546;Filomena Trejo Avendaño;F;1973-03-14;Trujillo;La Libertad;2024-03-19;Plata
3547;Felipe Zavala Meneses;M;2007-10-18;El Porvenir;La Libertad;2024-03-19;Bronce
3548;VICENTE FARRO REYNA;M;1962-08-22;San Juan de Lurigancho;Lima;2024-03-19;No afiliado
3549;Estefanía Campos Soto;F;1988-05-20;El Porvenir;La Libertad;2024-03-19;No afiliado
3550;SABINA NAVARRETE VILLALOBOS;F;2000-12-24;El Porvenir;La Libertad;2024-03-19;No afiliado
3551;belén rojas valle;F;1983-10-27;Comas;Lima;2024-03-19;Bronce
3552;salud araujo soto;F;1972-05-08;Arequipa;Arequipa;2024-03-19;No afiliado
3553;amelia palacios carranza;F;1987-04-01;Santiago de Surco;Lima;2024-03-19;Bronce
3554;ESTELA LOZANO AGUIRRE;F;1978-10-16;Comas;Lima;2024-03-19;Plata
3555;Marcos Cruz Montero;M;2007-01-30;Los Olivos;Lima;2024-03-19;Plata
3556;Salustiano Gálvez Chacón;M;1964-02-20;Cerro Colorado;Arequipa;2024-03-20;Bronce
3557;Erika Llerena Cornejo;F;2003-04-29;Yurimaguas;Loreto;2024-03-20;No afiliado
3558;Eloísa Vidal Mejía;F;1987-04-08;San Martín de Porres;Lima;2024-03-20;Bronce
3559;Gabriela Allcca Araujo;F;1950-05-17;San Juan de Lurigancho;Lima;2024-03-20;Bronce
3560;Emmanuel Zambrano Bravo;M;1988-04-30;La Esperanza;La Libertad;2024-03-20;Bronce
3561;Micaela Valenzuela Conde;F;2003-11-02;San Miguel;Lima;2024-03-20;Oro
3562;Ariadna Paredes Benites;F;1985-02-05;Villa El Salvador;Lima;2024-03-20;Plata
3563;Brayan Dávila Fuentes;M;1992-06-23;Lima;Lima;2024-03-20;Bronce
3564;ASUNCIÓN SANABRIA MONTES;F;1956-06-19;San Juan de Lurigancho;Lima;2024-03-20;No afiliado
3565;Eusebia Maldonado Villalobos;F;1961-04-10;San Juan Bautista;Loreto;2024-03-20;Bronce
3566;Sara Jiménez Chacón;F;1992-09-18;Ate;Lima;2024-03-20;Bronce
3567;Belén Avendaño Paredes;F;1965-04-24;Castilla;Piura;2024-03-20;Plata
3568;Paz Jiménez Callirgos;F;2004-08-02;Castilla;Piura;2024-03-20;Bronce
3569;BELÉN LOAYZA BRAVO;F;2002-04-30;José Luis Bustamante y Rivero;Arequipa;2024-03-20;Oro
3570;darío coronado palomino;M;1948-12-26;Pueblo Libre;Lima;2024-03-20;No afiliado
3571;Anabel Dávila Valenzuela;F;1948-11-18;Trujillo;La Libertad;2024-03-20;Bronce
3572;Elisa Zambrano Villalba;F;2000-11-12;Ate;Lima;2024-03-20;No afiliado
3573;Edmundo Reyna Muñiz;M;1950-05-09;Comas;Lima;2024-03-20;No afiliado
3574;César Arce Soto;M;1936-01-18;Castilla;Piura;2024-03-20;Bronce
3575;micaela rojas delgado;F;2002-08-28;Cerro Colorado;Arequipa;2024-03-20;No afiliado
3576;Concepción Portilla Serna;F;2005-04-23;Castilla;Piura;2024-03-20;Bronce
3577;Marisa Solano García;F;1962-03-18;Sullana;Piura;2024-03-20;Plata
3578;ARIADNA VARGAS TORRES;F;2000-12-19;Yanahuara;Arequipa;2024-03-20;Oro
3579;Esther Chávez Ordoñez;F;2003-08-08;Trujillo;La Libertad;2024-03-20;No afiliado
3580;Angustias Maldonado Zúñiga;F;1989-05-08;San Juan Bautista;Loreto;2024-03-20;No afiliado
3581;lorena alvarado valenzuela;F;1976-03-06;La Esperanza;La Libertad;2024-03-20;No afiliado
3582;Leandro Chávez Ordóñez;M;1986-12-29;La Esperanza;La Libertad;2024-03-20;Bronce
3583;trinidad domínguez arango;F;1994-10-26;Comas;Lima;2024-03-20;No afiliado
3584;martín carranza montes;M;1981-09-05;Castilla;Piura;2024-03-20;No afiliado
3585;Leandro Hernández Paz;M;2006-01-25;Santiago de Surco;Lima;2024-03-20;No afiliado
3586;Bernarda Rojas Estrella;F;1977-07-16;San Juan de Lurigancho;Lima;2024-03-20;Plata
3587;Eva Maldonado Maldonado;F;1980-11-05;Trujillo;La Libertad;2024-03-20;Oro
3588;JOSEFA SIERRA TORRICO;F;1979-05-10;José Luis Bustamante y Rivero;Arequipa;2024-03-20;Plata
3589;Marciano Montes Muñoz;M;2007-08-14;Cerro Colorado;Arequipa;2024-03-20;Oro
3590;Eutiquio Sanabria Villanueva;M;1965-02-11;San Sebastián;Cusco;2024-03-20;Bronce
3591;FORTUNATO VARGAS ARANGO;M;1996-08-22;Huanchaco;La Libertad;2024-03-20;Bronce
3592;Lucas Rivera Zambrano;M;1988-11-21;Ate;Lima;2024-03-20;No afiliado
3593;REMEDIOS RÍOS VELÁSQUEZ;F;2000-11-06;Arequipa;Arequipa;2024-03-20;Bronce
3594;Soraya Portilla Vilchez;F;2004-07-26;Castilla;Piura;2024-03-20;Bronce
3595;Francisco Paz Santos;M;1963-03-15;Moche;La Libertad;2024-03-20;Oro
3596;Napoleón Merino Rivera;M;1970-09-05;Cerro Colorado;Arequipa;2024-03-20;Bronce
3597;erik trujillo jiménez;M;1992-09-24;Castilla;Piura;2024-03-20;Plata
3598;Carlos Martínez Requejo;M;2005-05-28;Catacaos;Piura;2024-03-20;Oro
3599;Ceferino Rivera Vásquez;M;1973-12-21;San Juan de Lurigancho;Lima;2024-03-20;Bronce
3600;ursula soto medina;F;1955-09-20;San Martín de Porres;Lima;2024-03-20;Bronce
3601;Luis Villalba Cruz;M;1987-01-19;La Esperanza;La Libertad;2024-03-21;Bronce
3602;Marcelina Maldonado Maldonado;F;1999-10-29;San Juan de Lurigancho;Lima;2024-03-21;Plata
3603;Pilar Moreno Serna;F;1979-02-21;Nauta;Loreto;2024-03-21;Plata
3604;moisés carranza sierra;M;1976-03-15;Miraflores;Lima;2024-03-21;Oro
3605;Eufemia Arango Estrella;F;2007-03-17;Piura;Piura;2024-03-21;Plata
3606;Hugo Dávila García;M;1998-09-12;San Juan de Lurigancho;Lima;2024-03-21;Bronce
3607;Olivia Gallo Sierra;F;1996-04-06;Cerro Colorado;Arequipa;2024-03-21;Oro
3608;ESTELA DOMÍNGUEZ TORRICO;F;1925-01-02;Castilla;Piura;2024-03-21;Bronce
3609;Anabel Mendoza Gallo;F;2005-01-17;José Leonardo Ortiz;Lambayeque;2024-03-21;Plata
3610;FEDERICO CHAMBI MORA;M;1976-11-17;Piura;Piura;2024-03-21;Plata
3611;ARANTXA VÁSQUEZ VELÁSQUEZ;F;1982-08-05;José Leonardo Ortiz;Lambayeque;2024-03-21;Plata
3612;Gema Mendieta Villalba;F;1986-02-06;Castilla;Piura;2024-03-21;Plata
3613;Alfonso Chávez Montoya;M;1998-01-12;Santiago de Surco;Lima;2024-03-21;No afiliado
3614;MARISOL CARRANZA GÁLVEZ;F;1979-04-09;Castilla;Piura;2024-03-21;Oro
3615;Jesús Benites Benites;M;2005-07-28;Ate;Lima;2024-03-21;Oro
3616;sara carranza villalobos;F;1993-04-21;La Esperanza;La Libertad;2024-03-21;Plata
3617;Estefanía Requejo Sanabria;F;1988-08-07;Los Olivos;Lima;2024-03-21;Bronce
3618;Orestes Dávila Suárez;M;1962-09-27;San Martín de Porres;Lima;2024-03-21;Plata
3619;Santiago Medina Aguirre;M;1974-01-16;Ate;Lima;2024-03-21;Bronce
3620;Noelia Zambrano Jiménez;F;2005-02-02;Moche;La Libertad;2024-03-21;No afiliado
3621;Alcides Llerena Llanos;M;1998-10-14;Comas;Lima;2024-03-21;Bronce
3622;Juan Pacheco Maldonado;M;1952-06-19;Ate;Lima;2024-03-21;No afiliado
3623;CASIMIRO VILLAFUERTE JARA;M;1953-07-23;Villa El Salvador;Lima;2024-03-21;No afiliado
3624;braulio merino villalobos;M;1960-08-02;Ate;Lima;2024-03-21;No afiliado
3625;Felicidad Medina Amaya;F;1997-04-07;Iquitos;Loreto;2024-03-21;Bronce
3626;Alfonso Benavides Cruz;M;1973-03-16;San Martín de Porres;Lima;2024-03-21;Bronce
3627;Ponciano Hurtado Paredes;M;2005-10-18;San Juan Bautista;Loreto;2024-03-21;No afiliado
3628;Rodolfo Villafuerte Vásquez;M;1968-01-07;Cusco;Cusco;2024-03-21;Bronce
3629;Raúl Arias Villalobos;M;1945-11-10;Ate;Lima;2024-03-21;Bronce
3630;Fortunato Gálvez Manrique;M;1937-05-30;Víctor Larco Herrera;La Libertad;2024-03-21;No afiliado
3631;Guillermo Montes Rojas;M;1945-08-02;San Juan de Lurigancho;Lima;2024-03-21;No afiliado
3632;Blas Dávila Sánchez;M;1990-10-23;Cusco;Cusco;2024-03-21;Bronce
3633;Cristian Pacheco Serna;M;1989-07-19;Veintiséis de Octubre;Piura;2024-03-21;No afiliado
3634;Salvador Villafuerte Arias;M;1986-10-14;Sullana;Piura;2024-03-21;No afiliado
3635;Sofía Matías Moreno;F;1981-04-06;San Juan de Lurigancho;Lima;2024-03-21;Bronce
3636;Rodolfo Calle Delgado;M;1995-04-10;Lima;Lima;2024-03-21;Plata
3637;ROMUALDO SERNA OJEDA;M;1995-10-28;Huanchaco;La Libertad;2024-03-21;No afiliado
3638;Luis Reyna Quijano;M;1978-03-11;Castilla;Piura;2024-03-21;Bronce
3639;Julia Santos Velarde;F;2004-07-11;Santiago de Surco;Lima;2024-03-21;Bronce
3640;Moisés Reyna Escobar;M;2002-02-16;José Leonardo Ortiz;Lambayeque;2024-03-21;No afiliado
3641;ILDEFONSA UGARTE DOMÍNGUEZ;F;1971-03-08;Trujillo;La Libertad;2024-03-21;No afiliado
3642;CLARA PORTILLA VELÁSQUEZ;F;1994-04-23;San Martín de Porres;Lima;2024-03-21;Plata
3643;Balbina Obando Gómez;F;1976-11-15;Requena;Loreto;2024-03-21;Oro
3644;lorena arias velásquez;F;1982-11-07;La Esperanza;La Libertad;2024-03-21;Bronce
3645;Sinforoso Nieto Mejía;M;1990-09-03;San Juan Bautista;Loreto;2024-03-21;Bronce
3646;Emmanuel Cornejo Santos;M;1986-01-23;Villa El Salvador;Lima;2024-03-22;No afiliado
3647;Marciano Reyna Torres;M;1984-04-11;San Juan de Lurigancho;Lima;2024-03-22;Bronce
3648;Filomena Lozano Villafuerte;F;2004-04-09;Comas;Lima;2024-03-22;Bronce
3649;Carmen Vásquez Palacios;F;2004-01-22;San Juan de Lurigancho;Lima;2024-03-22;Plata
3650;eva arango salazar;F;1995-01-11;Trujillo;La Libertad;2024-03-22;Bronce
3651;Teresa Valverde Conde;F;1967-11-19;San Juan de Lurigancho;Lima;2024-03-22;Oro
3652;Froilán Sierra Matías;M;2002-08-14;San Martín de Porres;Lima;2024-03-22;Plata
3653;josefa portilla reyna;F;1946-01-31;Villa El Salvador;Lima;2024-03-22;Oro
3654;Fortunato Arce Gallo;M;1998-12-24;Monsefú;Lambayeque;2024-03-22;Bronce
3655;PAULINA MARTÍNEZ VÁSQUEZ;F;2000-01-11;San Juan de Lurigancho;Lima;2024-03-22;Bronce
3656;lucio aguirre suárez;M;1949-02-17;San Juan de Lurigancho;Lima;2024-03-22;Bronce
3657;Francisco Chambi Lozano;M;1965-09-06;El Tambo;Junín;2024-03-22;Bronce
3658;Ceferino Vidal Galarza;M;1985-01-24;El Porvenir;La Libertad;2024-03-22;Plata
3659;restituto arroyo cáceres;M;1956-05-02;Wanchaq;Cusco;2024-03-22;Bronce
3660;Francisca Valverde Conde;F;1991-09-08;Castilla;Piura;2024-03-22;No afiliado
3661;Ariadna Paredes Loayza;F;1975-02-28;La Victoria;Lambayeque;2024-03-22;Plata
3662;Ariadna Vilca Montero;F;1995-07-28;Piura;Piura;2024-03-22;Plata
3663;ELSA ZEBALLOS TEJADA;F;1965-09-16;Cerro Colorado;Arequipa;2024-03-22;Bronce
3664;Zenón Gálvez Valenzuela;M;1989-08-24;Lima;Lima;2024-03-22;Plata
3665;Aarón Amaya García;M;1997-12-22;La Esperanza;La Libertad;2024-03-22;No afiliado
3666;Inmaculada Domínguez Salgado;F;1995-04-25;Cayma;Arequipa;2024-03-22;Bronce
3667;Remedios Bravo Valverde;F;1991-03-05;Paita;Piura;2024-03-22;No afiliado
3668;Federico Zapata Montes;M;1964-02-10;El Porvenir;La Libertad;2024-03-22;No afiliado
3669;adriana domínguez portilla;F;1947-08-06;Lima;Lima;2024-03-22;Plata
3670;aarón vargas meneses;M;1992-01-02;San Borja;Lima;2024-03-22;Plata
3671;Ireneo Arango Paredes;M;1950-01-14;Santiago de Surco;Lima;2024-03-22;No afiliado
3672;Heriberto Peralta Farro;M;1945-05-18;Santiago de Surco;Lima;2024-03-22;Bronce
3673;Fátima García Gamarra;F;1988-08-02;San Juan de Lurigancho;Lima;2024-03-22;Bronce
3674;Ireneo Rivera Araujo;M;1994-06-26;Cerro Colorado;Arequipa;2024-03-22;Bronce
3675;ALFONSO NAVARRETE LOZANO;M;1951-01-14;Trujillo;La Libertad;2024-03-22;Bronce
3676;MATÍAS DOMÍNGUEZ DOMÍNGUEZ;M;1982-04-30;Trujillo;La Libertad;2024-03-22;Bronce
3677;Rafaela Villanueva Palomino;F;1965-03-27;Comas;Lima;2024-03-22;Plata
3678;Rafaela Meneses Cáceres;F;1969-08-16;Huancayo;Junín;2024-03-22;Oro
3679;VENTURA ZAMBRANO PIZARRO;M;1999-02-12;Chiclayo;Lambayeque;2024-03-22;No afiliado
3680;Roberto Benites Serna;M;1997-11-05;Paucarpata;Arequipa;2024-03-22;No afiliado
3681;PILAR REQUEJO RIVERA;F;1979-07-15;San Juan de Lurigancho;Lima;2024-03-22;Oro
3682;Mario Torrico Serna;M;1974-11-03;San Juan de Lurigancho;Lima;2024-03-22;No afiliado
3683;GONZALO LLERENA ROJAS;M;1988-08-10;Veintiséis de Octubre;Piura;2024-03-22;No afiliado
3684;Homero Vargas Torres;M;1972-03-29;Paucarpata;Arequipa;2024-03-22;Bronce
3685;Filemón Gutiérrez Riveros;M;1986-07-10;Punchana;Loreto;2024-03-22;Bronce
3686;Eugenio Avendaño Villalba;M;1934-05-22;José Luis Bustamante y Rivero;Arequipa;2024-03-22;No afiliado
3687;Néstor Requejo López;M;1965-05-16;José Luis Bustamante y Rivero;Arequipa;2024-03-22;Bronce
3688;Filomena Domínguez Montalvo;F;2005-03-08;El Tambo;Junín;2024-03-22;Plata
3689;ventura palomino valenzuela;M;1976-04-27;Comas;Lima;2024-03-22;Bronce
3690;Reme Aguirre Torrico;F;1975-05-01;Socabaya;Arequipa;2024-03-22;No afiliado
3691;Atanasio Muñiz Carranza;M;1994-10-17;San Martín de Porres;Lima;2024-03-23;Bronce
3692;Erik Valverde Solano;M;1934-01-06;Piura;Piura;2024-03-23;Bronce
3693;Cristian Portilla Rojas;M;1951-04-25;Socabaya;Arequipa;2024-03-23;Plata
3694;aarón matías villalobos;M;1960-05-12;Huancayo;Junín;2024-03-23;No afiliado
3695;ALCIDES UGARTE DOMÍNGUEZ;M;1952-06-02;Villa El Salvador;Lima;2024-03-23;No afiliado
3696;Paz Araujo Meneses;F;1947-06-18;Santiago de Surco;Lima;2024-03-23;No afiliado
3697;Isidoro Chávez Sánchez;M;1953-01-11;San Isidro;Lima;2024-03-23;No afiliado
3698;vicenta rojas del carpio;F;1997-06-01;Yurimaguas;Loreto;2024-03-23;Bronce
3699;tamara zavala ugarte;F;1976-12-02;Ate;Lima;2024-03-23;No afiliado
3700;alejandrina riveros valverde;F;1987-08-06;Cusco;Cusco;2024-03-23;Bronce
3701;Fátima Valenzuela Villegas;F;1949-11-08;Iquitos;Loreto;2024-03-23;No afiliado
3702;Gabriela Bravo Arias;F;1973-11-05;San Juan Bautista;Loreto;2024-03-23;Plata
3703;Tatiana Montes Dávila;F;1980-07-17;Ate;Lima;2024-03-23;Bronce
3704;Bautista Carranza Guerrero;M;1992-03-19;Cusco;Cusco;2024-03-23;Bronce
3705;Alejandro Arias Peralta;M;1952-03-08;Wanchaq;Cusco;2024-03-23;Oro
3706;MARGARITA SOLANO MUÑIZ;F;1975-07-29;Requena;Loreto;2024-03-23;Bronce
3707;Javier Torres Chávez;M;1977-12-08;Trujillo;La Libertad;2024-03-23;No afiliado
3708;Sara Valenzuela Ordoñez;F;1994-01-16;Wanchaq;Cusco;2024-03-23;No afiliado
3709;albina sanabria montoya;F;1972-11-21;Víctor Larco Herrera;La Libertad;2024-03-23;Bronce
3710;BASILISA MALDONADO DÁVILA;F;1953-12-23;Trujillo;La Libertad;2024-03-23;No afiliado
3711;Amparo Cruz Cornejo;F;1974-07-13;Ate;Lima;2024-03-23;No afiliado
3712;Eva Zambrano Escobar;F;1983-01-17;Cusco;Cusco;2024-03-23;No afiliado
3713;Hugo Chávez Yupanqui;M;1981-09-01;Yurimaguas;Loreto;2024-03-23;No afiliado
3714;Fortunato Conde Santos;M;1949-04-14;Pueblo Libre;Lima;2024-03-23;No afiliado
3715;Joel Cruz Delgado;M;1995-07-27;José Luis Bustamante y Rivero;Arequipa;2024-03-23;Bronce
3716;Faustino Arango Moreno;M;1981-11-03;Cerro Colorado;Arequipa;2024-03-23;Bronce
3717;Sol Ulloa Rivera;F;1997-05-12;Chiclayo;Lambayeque;2024-03-23;No afiliado
3718;Néstor Del Carpio Guerrero;M;1960-09-18;Cusco;Cusco;2024-03-23;Bronce
3719;Camilo Maldonado Maldonado;M;1997-10-01;Chiclayo;Lambayeque;2024-03-23;No afiliado
3720;ISIDORO VELÁSQUEZ MENDIETA;M;1936-04-26;Pimentel;Lambayeque;2024-03-23;No afiliado
3721;Eusebia Ruiz Rojas;F;2003-10-25;San Juan Bautista;Loreto;2024-03-23;No afiliado
3722;Ulises Manrique Ríos;M;1992-05-23;Lambayeque;Lambayeque;2024-03-23;Plata
3723;Francisco Maldonado Chávez;M;1953-01-12;Cerro Colorado;Arequipa;2024-03-23;No afiliado
3724;Néstor Villafuerte Zambrano;M;1988-04-15;Cayma;Arequipa;2024-03-23;Plata
3725;Celeste Tejada Cruz;F;1973-03-04;San Martín de Porres;Lima;2024-03-23;Plata
3726;Lucía Villegas Chávez;F;1980-06-27;Trujillo;La Libertad;2024-03-23;Plata
3727;Cornelio Rojas Rocha;M;1993-10-23;Veintiséis de Octubre;Piura;2024-03-23;Bronce
3728;Onésimo Rivera Navarrete;M;2004-01-16;Socabaya;Arequipa;2024-03-23;Plata
3729;Fabián Montes Rodríguez;M;1978-09-29;Los Olivos;Lima;2024-03-23;No afiliado
3730;Ángel Macedo Reyna;M;1980-03-03;Huanchaco;La Libertad;2024-03-23;Bronce
3731;Feliciana Calle Santos;F;1962-04-10;Castilla;Piura;2024-03-23;Plata
3732;Marisa Hurtado Reyna;F;1960-08-04;Pariñas;Piura;2024-03-23;No afiliado
3733;Matías García Portilla;M;1995-11-16;San Martín de Porres;Lima;2024-03-23;Bronce
3734;Homero Arias Valverde;M;1975-12-07;El Tambo;Junín;2024-03-23;No afiliado
3735;Emilio Del Carpio Chávez;M;1953-02-28;Santiago;Cusco;2024-03-23;Bronce
3736;Romana Salgado García;F;1974-04-21;El Porvenir;La Libertad;2024-03-24;Bronce
3737;Napoleón Sánchez Reyna;M;2002-12-06;Trujillo;La Libertad;2024-03-24;Plata
3738;Serafín Estrella Ramírez;M;1940-01-20;Yurimaguas;Loreto;2024-03-24;Oro
3739;Francisco Sanabria Sánchez;M;1990-12-14;Villa El Salvador;Lima;2024-03-24;No afiliado
3740;Angustias Chacón Vilca;F;1997-01-31;San Isidro;Lima;2024-03-24;No afiliado
3741;Pablo Aguilar Palacios;M;1980-04-10;Villa El Salvador;Lima;2024-03-24;No afiliado
3742;Trinidad Ortega Portilla;F;2005-03-21;San Borja;Lima;2024-03-24;No afiliado
3743;tomasa cáceres montalvo;F;1985-11-12;Lima;Lima;2024-03-24;Bronce
3744;cornelio ugarte cruz;M;1979-08-27;Trujillo;La Libertad;2024-03-24;Bronce
3745;CORNELIO MATÍAS PAREDES;M;1974-12-11;San Sebastián;Cusco;2024-03-24;Bronce
3746;Rita Serna Valverde;F;1982-02-22;San Juan Bautista;Loreto;2024-03-24;Plata
3747;Anabel Montes Manrique;F;1974-03-05;Nauta;Loreto;2024-03-24;Plata
3748;Marcos Tejada Callirgos;M;1950-08-22;José Leonardo Ortiz;Lambayeque;2024-03-24;Bronce
3749;Josefa Torres Requejo;F;1991-02-20;Belén;Loreto;2024-03-24;Oro
3750;MARTINA ZAMBRANO AGUIRRE;F;2006-09-11;San Juan de Lurigancho;Lima;2024-03-24;Plata
3751;Sara Solano Cruz;F;2006-05-24;Reque;Lambayeque;2024-03-24;Plata
3752;marcial manrique montes;M;1990-04-28;San Martín de Porres;Lima;2024-03-24;Plata
3753;Clodomiro Montes Calderón;M;1980-07-07;San Juan de Lurigancho;Lima;2024-03-24;Oro
3754;ELOY TEJADA GÓMEZ;M;1996-07-25;Cusco;Cusco;2024-03-24;Bronce
3755;Dante Jara Ortega;M;1972-05-10;Los Olivos;Lima;2024-03-24;Bronce
3756;Justo Jiménez Velarde;M;2002-07-15;El Porvenir;La Libertad;2024-03-24;Plata
3757;Fátima Vilca Maldonado;F;1960-05-20;San Martín de Porres;Lima;2024-03-24;Bronce
3758;VICTORIA QUISPE VILLAFUERTE;F;1949-09-11;José Leonardo Ortiz;Lambayeque;2024-03-24;Bronce
3759;EDMUNDO MARTÍNEZ GALLO;M;2003-05-11;La Esperanza;La Libertad;2024-03-24;Plata
3760;Gisela García Villalobos;F;1958-07-28;San Miguel;Lima;2024-03-24;Bronce
3761;Benjamín Delgado Dávila;M;1989-03-05;La Esperanza;La Libertad;2024-03-24;Bronce
3762;Nepomuceno Arce Quispe;M;1970-12-04;Villa El Salvador;Lima;2024-03-24;Bronce
3763;Salvador Ordóñez Vargas;M;1973-09-19;Castilla;Piura;2024-03-24;Plata
3764;Aureliano Cruz Jiménez;M;1953-05-17;Trujillo;La Libertad;2024-03-24;Bronce
3765;JOAQUÍN ARANGO CAMPOS;M;1990-02-15;Socabaya;Arequipa;2024-03-24;No afiliado
3766;Ricardo Tejada Pizarro;M;1992-12-09;San Juan Bautista;Loreto;2024-03-24;No afiliado
3767;EUFRASIA MONTERO QUIJANO;F;1959-04-10;Ate;Lima;2024-03-24;Plata
3768;lucio zapata garcía;M;1951-01-19;Catacaos;Piura;2024-03-24;No afiliado
3769;Edmundo Ugarte Maldonado;M;1985-03-22;Santiago;Cusco;2024-03-24;No afiliado
3770;Gisela Ramírez Delgado;F;2004-05-21;Trujillo;La Libertad;2024-03-24;Bronce
3771;Josefa Delgado Palacios;F;1971-07-21;San Juan de Lurigancho;Lima;2024-03-24;Bronce
3772;Eugenia Maldonado Montero;F;1987-09-07;San Sebastián;Cusco;2024-03-24;Plata
3773;Laureano Escalante Rojas;M;2005-11-28;El Tambo;Junín;2024-03-24;No afiliado
3774;ONÉSIMO TEJADA PORTILLA;M;1980-04-28;Santiago;Cusco;2024-03-24;Bronce
3775;CONCEPCIÓN PORTILLA CHÁVEZ;F;1997-06-18;San Borja;Lima;2024-03-24;Plata
3776;Raquel Matías Ulloa;F;1954-02-27;José Luis Bustamante y Rivero;Arequipa;2024-03-24;Bronce
3777;Sara Sánchez Hurtado;F;2002-10-22;Santiago de Surco;Lima;2024-03-24;Bronce
3778;Rafael Zapata Campos;M;2000-02-24;San Martín de Porres;Lima;2024-03-24;No afiliado
3779;NEREA ZAPATA ARAUJO;F;2004-08-27;Sapallanga;Junín;2024-03-24;Bronce
3780;Adrián Cruz Salazar;M;1991-12-31;El Porvenir;La Libertad;2024-03-24;Oro
3781;ROBERTO LOZANO PAZ;M;1997-10-31;Lambayeque;Lambayeque;2024-03-25;Bronce
3782;Francisco Pérez Tello;M;1971-03-15;Castilla;Piura;2024-03-25;Bronce
3783;ELSA ACUÑA MORA;F;1950-09-14;San Juan Bautista;Loreto;2024-03-25;Plata
3784;Albina Maldonado Mendieta;F;2004-08-21;La Esperanza;La Libertad;2024-03-25;No afiliado
3785;Cornelio Escobar Acuña;M;2004-07-01;La Esperanza;La Libertad;2024-03-25;No afiliado
3786;Concepción Vargas Hurtado;F;1980-07-12;San Juan de Lurigancho;Lima;2024-03-25;No afiliado
3787;ISIDORO BENAVIDES CABELLO;M;2004-06-25;Ate;Lima;2024-03-25;Plata
3788;Raúl Rojas Reyna;M;1996-09-19;Comas;Lima;2024-03-25;Bronce
3789;césar trujillo maldonado;M;1975-02-27;Belén;Loreto;2024-03-25;Bronce
3790;Moisés Valenzuela Chávez;M;1934-10-29;Reque;Lambayeque;2024-03-25;No afiliado
3791;BIANCA TORRES MEJÍA;F;2003-07-22;Catacaos;Piura;2024-03-25;Bronce
3792;Filiberto Villafuerte Villalobos;M;1980-03-21;Cerro Colorado;Arequipa;2024-03-25;Oro
3793;Aarón Vargas Palacios;M;1979-11-30;Villa El Salvador;Lima;2024-03-25;Bronce
3794;Ventura Rojas Portilla;M;1990-10-27;Santiago de Surco;Lima;2024-03-25;Bronce
3795;Alfonso Campos Requejo;M;1952-09-05;San Juan Bautista;Loreto;2024-03-25;Bronce
3796;Encarnación Gallo Valverde;F;1952-04-07;Cerro Colorado;Arequipa;2024-03-25;Bronce
3797;Fidela Sánchez Montoya;F;1977-05-29;Castilla;Piura;2024-03-25;Bronce
3798;Anabel Tejada Riveros;F;1963-08-05;Castilla;Piura;2024-03-25;Plata
3799;César Quijano Rocha;M;1986-12-22;Trujillo;La Libertad;2024-03-25;Plata
3800;Raúl Cruz Vargas;M;1980-08-14;San Juan de Lurigancho;Lima;2024-03-25;No afiliado
3801;bárbara ojeda rojas;F;1982-03-21;Cayma;Arequipa;2024-03-25;Oro
3802;Gregorio Bello Sánchez;M;1987-12-13;Catacaos;Piura;2024-03-25;Bronce
3803;mario montes yañez;M;1960-05-10;San Juan Bautista;Loreto;2024-03-25;Bronce
3804;Leandro Fuentes Bustos;M;1955-05-30;San Sebastián;Cusco;2024-03-25;Plata
3805;Florencio Paredes Aguirre;M;1999-01-19;San Jerónimo;Cusco;2024-03-25;Bronce
3806;Valentín Meneses Dávila;M;2007-10-22;San Sebastián;Cusco;2024-03-25;Plata
3807;Francisco Benites Santos;M;1954-06-27;Pimentel;Lambayeque;2024-03-25;Bronce
3808;bárbara gálvez palomino;F;1950-05-07;San Martín de Porres;Lima;2024-03-25;Bronce
3809;Pancho Conde Maldonado;M;1974-07-05;Moche;La Libertad;2024-03-25;No afiliado
3810;Catalina Velásquez Navarrete;F;1982-05-19;Sullana;Piura;2024-03-25;Bronce
3811;Ernesto Serna Vargas;M;1992-01-10;San Juan de Lurigancho;Lima;2024-03-25;No afiliado
3812;lourdes salgado sánchez;F;1952-12-24;Cerro Colorado;Arequipa;2024-03-25;Bronce
3813;monserrat dávila bello;F;2001-09-29;Villa El Salvador;Lima;2024-03-25;No afiliado
3814;Zenón Muñiz Hurtado;M;1991-08-14;Paita;Piura;2024-03-25;Plata
3815;Francisca Reyna Llanos;F;1946-05-23;Wanchaq;Cusco;2024-03-25;Bronce
3816;Ricardo Reyna Cruz;M;1979-08-26;Punchana;Loreto;2024-03-25;Plata
3817;Mercedes Conde Palomino;F;1978-04-14;San Sebastián;Cusco;2024-03-25;Plata
3818;Marciano Arias Matías;M;1997-06-24;Veintiséis de Octubre;Piura;2024-03-25;No afiliado
3819;Gisela Macedo Obando;F;2004-12-04;Trujillo;La Libertad;2024-03-25;Bronce
3820;Marciano Allcca Sierra;M;1997-10-01;Piura;Piura;2024-03-25;Bronce
3821;Aniceto Arango Santos;M;1985-05-27;Wanchaq;Cusco;2024-03-25;Bronce
3822;Rafael Ulloa Solano;M;1976-08-15;Villa El Salvador;Lima;2024-03-25;No afiliado
3823;PILAR ROJAS GALLO;F;1997-08-13;Víctor Larco Herrera;La Libertad;2024-03-25;Bronce
3824;Micaela Alvarado Santos;F;1984-07-18;San Sebastián;Cusco;2024-03-25;No afiliado
3825;TEODORA ALLCCA GALARZA;F;1979-12-20;José Leonardo Ortiz;Lambayeque;2024-03-25;No afiliado
3826;Adela García Vilca;F;2006-08-03;Sullana;Piura;2024-03-26;Bronce
3827;TEOFILA CAMPOS RIVEROS;F;1999-05-03;Wanchaq;Cusco;2024-03-26;Bronce
3828;Nerea Nieto Gálvez;F;1985-03-03;Comas;Lima;2024-03-26;Bronce
3829;Eloísa Aguirre Ortega;F;1982-11-21;Pueblo Libre;Lima;2024-03-26;Plata
3830;Fidel Soto Escalante;M;1934-07-14;Chiclayo;Lambayeque;2024-03-26;Plata
3831;evaristo gómez ríos;M;1997-06-24;El Porvenir;La Libertad;2024-03-26;Bronce
3832;joaquín garcía sánchez;M;2007-04-26;Villa El Salvador;Lima;2024-03-26;Bronce
3833;Ursula Galarza Riveros;F;1952-07-16;San Sebastián;Cusco;2024-03-26;Bronce
3834;Adriana Bravo Gálvez;F;2005-11-16;Cusco;Cusco;2024-03-26;No afiliado
3835;marcos sánchez manrique;M;1992-11-28;Sullana;Piura;2024-03-26;Plata
3836;fortunato garcía valle;M;1994-05-24;Los Olivos;Lima;2024-03-26;Plata
3837;Esteban Jiménez Tejada;M;1958-02-20;Florencia de Mora;La Libertad;2024-03-26;Oro
3838;Sofía Coronado Rivera;F;2005-03-18;Piura;Piura;2024-03-26;Plata
3839;Pablo Ramírez Loayza;M;1981-04-27;Catacaos;Piura;2024-03-26;Oro
3840;paz navarrete paz;F;1976-01-09;Chiclayo;Lambayeque;2024-03-26;Bronce
3841;Bernardo Araujo Solano;M;1987-03-09;José Luis Bustamante y Rivero;Arequipa;2024-03-26;No afiliado
3842;Sofía Gálvez Serna;F;2007-09-01;San Agustín;Junín;2024-03-26;Plata
3843;Celina Yupanqui Reyna;F;2002-12-29;Villa El Salvador;Lima;2024-03-26;No afiliado
3844;Celso Rocha Coronado;M;1951-03-22;Paucarpata;Arequipa;2024-03-26;Bronce
3845;sabina delgado matías;F;1989-06-06;San Miguel;Lima;2024-03-26;Oro
3846;NICOLÁS GÓMEZ MARTÍNEZ;M;2005-03-11;Lambayeque;Lambayeque;2024-03-26;Bronce
3847;clodomiro gallo aguilar;M;1945-03-28;Ate;Lima;2024-03-26;Oro
3848;Guillermo Hurtado Valverde;M;2004-02-21;La Victoria;Lambayeque;2024-03-26;No afiliado
3849;Alba Meneses Estrella;F;1959-12-20;Chiclayo;Lambayeque;2024-03-26;Bronce
3850;Nicéforo Lozano Maldonado;M;2005-11-30;Yurimaguas;Loreto;2024-03-26;Bronce
3851;pastora rojas gálvez;F;2004-12-29;Pilcomayo;Junín;2024-03-26;Bronce
3852;Arantxa Vidal Zúñiga;F;1975-06-30;Huanchaco;La Libertad;2024-03-26;No afiliado
3853;Gisela Sanabria Nieto;F;1965-03-03;San Miguel;Lima;2024-03-26;No afiliado
3854;Javier Chávez Trejo;M;2002-02-23;Ate;Lima;2024-03-26;Bronce
3855;Aureliano Gálvez Cruz;M;1999-05-01;Lima;Lima;2024-03-26;Bronce
3856;HERMINIA VILLAFUERTE MALDONADO;F;1998-02-25;Castilla;Piura;2024-03-26;No afiliado
3857;Rubén Paredes Torres;M;1925-01-02;Moche;La Libertad;2024-03-26;Bronce
3858;Juan Jiménez Manrique;M;1995-06-19;La Esperanza;La Libertad;2024-03-26;Plata
3859;Froilán Velásquez García;M;1951-03-28;Iquitos;Loreto;2024-03-26;Plata
3860;Rubén Amaya Valverde;M;1977-02-22;Ate;Lima;2024-03-26;Bronce
3861;oihana valverde santos;F;1955-08-03;Pariñas;Piura;2024-03-26;No afiliado
3862;Dolores Matías Pizarro;F;1994-06-11;Yurimaguas;Loreto;2024-03-26;Plata
3863;Carmen Ramírez Avendaño;F;1989-12-31;San Martín de Porres;Lima;2024-03-26;Plata
3864;Lucio Velásquez Farro;M;1975-05-28;Paita;Piura;2024-03-26;No afiliado
3865;Néstor Alvarado Cruz;M;1955-01-22;Comas;Lima;2024-03-26;No afiliado
3866;Claudia Carranza Valenzuela;F;2006-08-29;Sullana;Piura;2024-03-26;Plata
3867;Joel Jiménez Montero;M;2003-09-07;San Juan Bautista;Loreto;2024-03-26;Plata
3868;Restituto Maldonado Tejada;M;1970-07-18;Comas;Lima;2024-03-26;Oro
3869;Amparo Valenzuela Pérez;F;1969-01-18;Piura;Piura;2024-03-26;Bronce
3870;ANICETO SANTOS ARCE;M;1980-07-26;Lambayeque;Lambayeque;2024-03-26;Oro
3871;ESTEBAN GALLO CAMPOS;M;1994-04-14;Trujillo;La Libertad;2024-03-27;Bronce
3872;fátima ugarte yupanqui;F;1953-08-02;Yurimaguas;Loreto;2024-03-27;No afiliado
3873;Pedro Rojas Zambrano;M;1976-11-05;San Juan de Lurigancho;Lima;2024-03-27;Bronce
3874;Trinidad Suárez Delgado;F;2006-03-27;San Juan de Lurigancho;Lima;2024-03-27;Oro
3875;ULISES PERALTA ORDOÑEZ;M;1952-01-13;Chilca;Junín;2024-03-27;No afiliado
3876;Dante Solano Rojas;M;2006-12-07;Catacaos;Piura;2024-03-27;Bronce
3877;FLORENCIO REYNA MENDIETA;M;1964-02-20;Ate;Lima;2024-03-27;No afiliado
3878;Ángel Riveros Arango;M;2006-01-17;Víctor Larco Herrera;La Libertad;2024-03-27;Bronce
3879;Justo Estrella Velásquez;M;2006-10-29;Pueblo Libre;Lima;2024-03-27;Plata
3880;Sol Velásquez Chávez;F;1987-03-12;San Sebastián;Cusco;2024-03-27;Plata
3881;Claudia Pizarro Salgado;F;1975-04-28;Catacaos;Piura;2024-03-27;Plata
3882;Olegario Maldonado Farro;M;2000-09-06;Cayma;Arequipa;2024-03-27;Bronce
3883;ainhoa figueroa montes;F;1989-03-15;Yurimaguas;Loreto;2024-03-27;Plata
3884;serafín arroyo chacón;M;1987-12-14;El Porvenir;La Libertad;2024-03-27;No afiliado
3885;Leonor Valverde Chávez;F;1990-04-24;San Sebastián;Cusco;2024-03-27;Bronce
3886;Teodora Valenzuela García;F;1985-12-04;Trujillo;La Libertad;2024-03-27;No afiliado
3887;Salustiano Padilla Ruiz;M;1978-05-10;Paucarpata;Arequipa;2024-03-27;No afiliado
3888;Pablo Pizarro Suárez;M;1991-09-15;La Esperanza;La Libertad;2024-03-27;No afiliado
3889;carmen velásquez valverde;F;1991-11-20;San Martín de Porres;Lima;2024-03-27;Bronce
3890;Justo Cornejo Arango;M;1961-12-01;Yanahuara;Arequipa;2024-03-27;No afiliado
3891;Fortunato Zambrano García;M;1988-11-01;Iquitos;Loreto;2024-03-27;Bronce
3892;Eugenio Obando Velarde;M;1981-12-19;Cayma;Arequipa;2024-03-27;Bronce
3893;Federico Salgado Coronado;M;1962-06-24;Punchana;Loreto;2024-03-27;No afiliado
3894;EUSTAQUIO SERNA SANTOS;M;1997-11-11;San Juan de Lurigancho;Lima;2024-03-27;No afiliado
3895;ISIDORO PADILLA VÁSQUEZ;M;2005-12-08;Víctor Larco Herrera;La Libertad;2024-03-27;No afiliado
3896;Oihane Montes Vásquez;F;1977-03-02;Pueblo Libre;Lima;2024-03-27;Bronce
3897;MOISÉS CHÁVEZ MONTOYA;M;1934-01-24;José Luis Bustamante y Rivero;Arequipa;2024-03-27;No afiliado
3898;lucrecia sánchez peralta;F;2006-12-14;La Esperanza;La Libertad;2024-03-27;Oro
3899;Carlos Rojas Zambrano;M;2007-12-08;Sullana;Piura;2024-03-27;Bronce
3900;Noelia Villafuerte Villanueva;F;1993-07-06;Castilla;Piura;2024-03-27;No afiliado
3901;Tadeo Villafuerte Arias;M;1997-04-10;Los Olivos;Lima;2024-03-27;No afiliado
3902;anabel pizarro chávez;F;1978-05-03;Socabaya;Arequipa;2024-03-27;No afiliado
3903;GISELA ZAVALA CORNEJO;F;2001-04-01;Ate;Lima;2024-03-27;Bronce
3904;Boris Chávez Vásquez;M;1993-06-25;San Martín de Porres;Lima;2024-03-27;Bronce
3905;CASIMIRO VEGA SIERRA;M;2002-12-10;San Juan de Lurigancho;Lima;2024-03-27;Bronce
3906;Nerea Benavides Valenzuela;F;1966-08-09;Comas;Lima;2024-03-27;No afiliado
3907;Casimiro Velásquez Chávez;M;1979-10-15;Miraflores;Lima;2024-03-27;No afiliado
3908;Eutiquio Benites Valenzuela;M;2004-03-06;Paucarpata;Arequipa;2024-03-27;Bronce
3909;Orestes Trujillo Figueroa;M;1955-07-30;San Juan de Lurigancho;Lima;2024-03-27;Plata
3910;Gabriela Hernández Arango;F;1954-01-08;San Martín de Porres;Lima;2024-03-27;Bronce
3911;núria gallo gálvez;F;1989-10-08;Ate;Lima;2024-03-27;Bronce
3912;Arantxa Martínez Peralta;F;1995-08-31;Santiago;Cusco;2024-03-27;No afiliado
3913;celso peralta zeballos;M;1952-11-21;Santiago de Surco;Lima;2024-03-27;Bronce
3914;Fidela Martínez Chambi;F;1942-10-02;Cusco;Cusco;2024-03-27;No afiliado
3915;Fortunato Villanueva Chávez;M;1983-03-26;Miraflores;Lima;2024-03-27;Plata
3916;patricio ulloa vásquez;M;1975-09-22;Veintiséis de Octubre;Piura;2024-03-28;No afiliado
3917;AMPARO SERNA CHÁVEZ;F;1977-07-05;Villa El Salvador;Lima;2024-03-28;No afiliado
3918;Agustín Domínguez Montoya;M;1999-01-22;La Esperanza;La Libertad;2024-03-28;Bronce
3919;Federico Montes Ortega;M;1977-12-12;Moche;La Libertad;2024-03-28;Bronce
3920;Marciano Montoya Matías;M;1988-04-14;Requena;Loreto;2024-03-28;Oro
3921;ÁLVARO VALENZUELA SÁNCHEZ;M;1951-02-17;San Juan de Lurigancho;Lima;2024-03-28;Plata
3922;AMPARO SANABRIA MORENO;F;2004-04-19;Ate;Lima;2024-03-28;No afiliado
3923;Alejandrina Matías Avendaño;F;1947-07-13;El Tambo;Junín;2024-03-28;No afiliado
3924;Juan Quijano Sierra;M;2002-08-12;Castilla;Piura;2024-03-28;Bronce
3925;claudia arango gamarra;F;1969-12-17;San Juan de Lurigancho;Lima;2024-03-28;No afiliado
3926;Balbina Vilca Arango;F;1961-12-08;Lima;Lima;2024-03-28;Plata
3927;Gisela Serna Ramírez;F;1977-05-30;Piura;Piura;2024-03-28;No afiliado
3928;Ponciano Cruz Serna;M;1948-03-24;Cerro Colorado;Arequipa;2024-03-28;No afiliado
3929;LEONOR SOLANO DEL CARPIO;F;2005-02-13;Trujillo;La Libertad;2024-03-28;Bronce
3930;Feliciana Amaya Santos;F;1997-05-29;La Esperanza;La Libertad;2024-03-28;Bronce
3931;CELINA VILLALOBOS FUENTES;F;1979-06-16;Sullana;Piura;2024-03-28;No afiliado
3932;Bautista Vargas Cabello;M;1994-07-05;La Esperanza;La Libertad;2024-03-28;Bronce
3933;salustiano gallo sanabria;M;2004-02-21;Trujillo;La Libertad;2024-03-28;Oro
3934;Violeta Hurtado Amaya;F;1987-03-28;Paita;Piura;2024-03-28;Bronce
3935;Eufemia Montoya Villalobos;F;1993-11-01;La Victoria;Lambayeque;2024-03-28;No afiliado
3936;FABIÁN ALLCCA GÁLVEZ;M;1987-10-15;Lambayeque;Lambayeque;2024-03-28;Plata
3937;Sara Rivera Suárez;F;1998-05-29;Trujillo;La Libertad;2024-03-28;No afiliado
3938;Orestes Cruz García;M;1977-06-21;Wanchaq;Cusco;2024-03-28;No afiliado
3939;Heriberto Torrico Montes;M;1959-10-21;Comas;Lima;2024-03-28;No afiliado
3940;Eugenio Palacios Chávez;M;1950-10-28;San Borja;Lima;2024-03-28;No afiliado
3941;Gumersindo Delgado Bravo;M;2004-07-12;Cusco;Cusco;2024-03-28;Bronce
3942;Amparo Pizarro Arroyo;F;1960-10-06;La Esperanza;La Libertad;2024-03-28;Oro
3943;Ursula Villalobos Zeballos;F;1963-01-21;Punchana;Loreto;2024-03-28;Bronce
3944;alonso rocha gálvez;M;1972-09-14;San Sebastián;Cusco;2024-03-28;Plata
3945;Raúl Cruz Villalba;M;1990-04-18;San Miguel;Lima;2024-03-28;Bronce
3946;LUCIO VELÁSQUEZ VILCHEZ;M;1992-11-04;Yurimaguas;Loreto;2024-03-28;Plata
3947;lorena torres campos;F;1961-05-20;Cayma;Arequipa;2024-03-28;Bronce
3948;Erasmo Trejo Vilchez;M;1983-03-29;Trujillo;La Libertad;2024-03-28;No afiliado
3949;Elisa Del Carpio Delgado;F;1960-02-01;José Leonardo Ortiz;Lambayeque;2024-03-28;No afiliado
3950;Lorena Zavala Escalante;F;2002-03-14;Ate;Lima;2024-03-28;No afiliado
3951;lucía fuentes reyna;F;1951-07-07;Chiclayo;Lambayeque;2024-03-28;No afiliado
3952;Aureliano Zambrano Manrique;M;1968-12-10;Santiago de Surco;Lima;2024-03-28;Oro
3953;Trinidad Serna Fuentes;F;1953-03-13;Los Olivos;Lima;2024-03-28;No afiliado
3954;Sara Villalba Santos;F;1960-02-14;Chiclayo;Lambayeque;2024-03-28;Plata
3955;eduardo velásquez ordoñez;M;1972-07-12;San Miguel;Lima;2024-03-28;Plata
3956;Leticia Benites Medina;F;1994-07-16;La Esperanza;La Libertad;2024-03-28;Bronce
3957;Sara Carranza Reyna;F;2006-09-24;Cusco;Cusco;2024-03-28;No afiliado
3958;Apolonio Matías Montero;M;1992-11-05;Belén;Loreto;2024-03-28;Plata
3959;Adela Portilla Aguirre;F;1999-03-09;Comas;Lima;2024-03-28;Oro
3960;Oihana Jiménez Fuentes;F;1952-08-13;Cusco;Cusco;2024-03-28;Oro
3961;Aurelio Jara Arias;M;2005-09-28;Los Olivos;Lima;2024-03-29;Plata
3962;salud rosales lozano;F;1966-06-12;Castilla;Piura;2024-03-29;Bronce
3963;Sinforoso Cruz Zeballos;M;1981-03-30;Santiago de Surco;Lima;2024-03-29;No afiliado
3964;Pastora Campos Palacios;F;1961-08-22;El Tambo;Junín;2024-03-29;No afiliado
3965;Marcelo Callirgos Gálvez;M;1986-12-02;Santiago de Surco;Lima;2024-03-29;Bronce
3966;Salud Carranza Arroyo;F;1958-05-01;Veintiséis de Octubre;Piura;2024-03-29;No afiliado
3967;Teodosia Campos Carranza;F;1974-03-02;Cusco;Cusco;2024-03-29;Bronce
3968;Carmen Dávila Maldonado;F;1989-11-18;Paita;Piura;2024-03-29;No afiliado
3969;Nicéforo Montoya Rocha;M;2006-11-14;Pariñas;Piura;2024-03-29;No afiliado
3970;sol amaya gálvez;F;1992-10-14;Cayma;Arequipa;2024-03-29;Plata
3971;Néstor Luna Chávez;M;1963-09-15;La Victoria;Lambayeque;2024-03-29;No afiliado
3972;LUCAS CAMPOS ZEBALLOS;M;2003-07-24;Sullana;Piura;2024-03-29;Bronce
3973;Alejandro Reyna Velásquez;M;1999-01-29;Trujillo;La Libertad;2024-03-29;Plata
3974;SALUD DÁVILA LLANOS;F;1971-04-03;Cusco;Cusco;2024-03-29;No afiliado
3975;Adrián Llerena Moreno;M;1990-03-07;La Esperanza;La Libertad;2024-03-29;No afiliado
3976;CARLOS PALOMINO TEJADA;M;1974-11-16;Lima;Lima;2024-03-29;Bronce
3977;Soraya Mora Alvarado;F;1982-12-29;Socabaya;Arequipa;2024-03-29;No afiliado
3978;Alfonso Escalante Requejo;M;2006-10-05;Santiago de Surco;Lima;2024-03-29;No afiliado
3979;Rubén Ugarte Manrique;M;2006-01-09;San Juan de Lurigancho;Lima;2024-03-29;Bronce
3980;Filomena Amaya Reyna;F;1948-04-04;Pueblo Libre;Lima;2024-03-29;Bronce
3981;Mario Sanabria Rivera;M;1969-04-19;Ate;Lima;2024-03-29;Plata
3982;victoria luna campos;F;1998-07-02;La Victoria;Lambayeque;2024-03-29;Plata
3983;Alejandrina Montalvo Zapata;F;1973-02-15;Ate;Lima;2024-03-29;No afiliado
3984;Marcial Hurtado Del Carpio;M;1984-10-04;San Borja;Lima;2024-03-29;No afiliado
3985;héctor llerena cabello;M;1993-01-07;Trujillo;La Libertad;2024-03-29;Oro
3986;Benjamín Sierra Cruz;M;2000-02-01;Sullana;Piura;2024-03-29;Oro
3987;Anabel Delgado Maldonado;F;1998-05-29;Florencia de Mora;La Libertad;2024-03-29;Bronce
3988;fabián avendaño araujo;M;1999-02-07;José Luis Bustamante y Rivero;Arequipa;2024-03-29;No afiliado
3989;Sara Hernández Jiménez;F;1984-10-11;Belén;Loreto;2024-03-29;Bronce
3990;anastasia torres escobar;F;1976-04-28;Paucarpata;Arequipa;2024-03-29;No afiliado
3991;Herminia Farro Santos;F;1978-07-28;Ate;Lima;2024-03-29;Bronce
3992;Teodosia Reyna Dávila;F;2002-02-15;Piura;Piura;2024-03-29;Bronce
3993;ERIKA VILLEGAS PIZARRO;F;1994-08-31;Cusco;Cusco;2024-03-29;No afiliado
3994;Orestes Ordoñez Domínguez;M;1983-07-28;Cerro Colorado;Arequipa;2024-03-29;No afiliado
3995;Pilar Estrella Matías;F;1982-11-18;Los Olivos;Lima;2024-03-29;Bronce
3996;ELSA MORENO GÁLVEZ;F;1952-09-19;San Martín de Porres;Lima;2024-03-29;Bronce
3997;Ventura Maldonado Tejada;M;1933-07-22;San Juan de Lurigancho;Lima;2024-03-29;Bronce
3998;Blanca Domínguez Matías;F;1959-03-29;Cayma;Arequipa;2024-03-29;Bronce
3999;berta paredes arroyo;F;1969-01-02;Santiago;Cusco;2024-03-29;No afiliado
4000;Albina Campos Loayza;F;1962-06-12;Pueblo Libre;Lima;2024-03-29;Plata
4001;Francisco Benites Llanos;M;2004-03-16;Paucarpata;Arequipa;2024-03-29;Plata
4002;gloria ordoñez cruz;F;2004-01-01;Chiclayo;Lambayeque;2024-03-29;No afiliado
4003;Teodosia Llerena Delgado;F;1999-08-17;El Porvenir;La Libertad;2024-03-29;No afiliado
4004;Raquel Rocha Zúñiga;F;2000-01-27;Paucarpata;Arequipa;2024-03-29;Bronce
4005;Asunción Cruz Sierra;F;1991-01-17;Wanchaq;Cusco;2024-03-29;Bronce
4006;CASIMIRO ACUÑA SANABRIA;M;2005-09-13;Chiclayo;Lambayeque;2024-03-30;Bronce
4007;ADRIANA VARGAS ZAPATA;F;2000-01-28;Yanahuara;Arequipa;2024-03-30;Plata
4008;micaela ugarte chacón;F;1991-09-21;Miraflores;Lima;2024-03-30;No afiliado
4009;Basilisa Conde Gallo;F;1970-03-23;Lambayeque;Lambayeque;2024-03-30;Bronce
4010;Adalberto Coronado Chacón;M;1991-12-25;Castilla;Piura;2024-03-30;No afiliado
4011;Esperanza Gálvez Velásquez;F;1964-06-26;San Jerónimo;Cusco;2024-03-30;Bronce
4012;Avelino Villafuerte Reyna;M;1975-06-05;Santiago de Surco;Lima;2024-03-30;Plata
4013;Aarón Reyna Fuentes;M;1999-04-24;Comas;Lima;2024-03-30;No afiliado
4014;Andrea Gallo Nieto;F;2004-02-23;Trujillo;La Libertad;2024-03-30;Oro
4015;Darío González Campos;M;1975-03-11;Iquitos;Loreto;2024-03-30;Bronce
4016;Lucrecia Guerrero Gallo;F;1928-05-02;San Juan de Lurigancho;Lima;2024-03-30;No afiliado
4017;HERIBERTO SÁNCHEZ AVENDAÑO;M;1947-01-31;Belén;Loreto;2024-03-30;Bronce
4018;Josefa Lozano Zambrano;F;1999-03-22;Cerro Colorado;Arequipa;2024-03-30;Bronce
4019;Elisa Gallo Navarrete;F;1949-03-04;La Esperanza;La Libertad;2024-03-30;No afiliado
4020;Jacobo Dávila Escobar;M;1998-05-30;Cusco;Cusco;2024-03-30;No afiliado
4021;héctor delgado garcía;M;2007-04-30;La Esperanza;La Libertad;2024-03-30;Plata
4022;esteban padilla manrique;M;1993-07-01;Iquitos;Loreto;2024-03-30;Plata
4023;Serafín Rivera Aguilar;M;1956-10-17;El Tambo;Junín;2024-03-30;No afiliado
4024;Laura Rivera Ponce;F;1996-06-26;Paita;Piura;2024-03-30;No afiliado
4025;darío pacheco montes;M;1968-04-24;Huanchaco;La Libertad;2024-03-30;No afiliado
4026;Samara Santos Chávez;F;1973-12-06;San Agustín;Junín;2024-03-30;Bronce
4027;pablo mora montoya;M;1952-05-06;Requena;Loreto;2024-03-30;Bronce
4028;Gisela Montalvo Navarrete;F;2002-05-29;Trujillo;La Libertad;2024-03-30;Bronce
4029;Gisela Yañez Carranza;F;2005-07-17;El Porvenir;La Libertad;2024-03-30;No afiliado
4030;Pastora Matías Navarrete;F;1945-12-15;Villa El Salvador;Lima;2024-03-30;No afiliado
4031;CASIMIRO CHÁVEZ ARIAS;M;1957-08-05;San Juan de Lurigancho;Lima;2024-03-30;Bronce
4032;Rafaela Valverde Gallo;F;2002-09-28;Comas;Lima;2024-03-30;Plata
4033;Romualdo Sánchez Quijano;M;2004-02-08;Paita;Piura;2024-03-30;Bronce
4034;Paulina Calle Rivera;F;1988-09-09;Comas;Lima;2024-03-30;Bronce
4035;Erasmo Manrique Rosales;M;2002-10-27;Cusco;Cusco;2024-03-30;Bronce
4036;Lucas Delgado Ramírez;M;1936-12-18;San Juan de Lurigancho;Lima;2024-03-30;Oro
4037;Estela Gallo Santos;F;1957-05-07;Pariñas;Piura;2024-03-30;Bronce
4038;Marcelina Villalobos Reyna;F;1983-09-16;El Tambo;Junín;2024-03-30;No afiliado
4039;Celina Portilla Estrella;F;1990-07-21;El Tambo;Junín;2024-03-30;Bronce
4040;Braulio Villafuerte Miranda;M;2007-03-02;Paucarpata;Arequipa;2024-03-30;Bronce
4041;arantxa gutiérrez yupanqui;F;1983-06-02;Piura;Piura;2024-03-30;No afiliado
4042;Filomena Vásquez Loayza;F;1989-02-28;San Sebastián;Cusco;2024-03-30;Plata
4043;Bernardo Benites Conde;M;1946-12-04;Cerro Colorado;Arequipa;2024-03-30;Plata
4044;Leonor Fuentes Macedo;F;2001-11-14;Trujillo;La Libertad;2024-03-30;Bronce
4045;ENCARNACIÓN CRUZ ROSALES;F;1948-02-16;Trujillo;La Libertad;2024-03-30;Plata
4046;Héctor López Arroyo;M;1987-01-24;Víctor Larco Herrera;La Libertad;2024-03-30;Bronce
4047;NEPOMUCENO CONDE PIZARRO;M;1984-02-18;Catacaos;Piura;2024-03-30;Bronce
4048;Aureliano Matías Carranza;M;1974-01-27;San Juan de Lurigancho;Lima;2024-03-30;Bronce
4049;Tomasa Jara Muñoz;F;1963-04-26;Ate;Lima;2024-03-30;Bronce
4050;Laura Carranza Matías;F;1976-11-23;Socabaya;Arequipa;2024-03-30;No afiliado
4051;maría sánchez arango;F;1999-04-03;El Tambo;Junín;2024-03-31;No afiliado
4052;Amparo Campos Allcca;F;2005-04-26;Huancayo;Junín;2024-03-31;Plata
4053;SORAYA VALVERDE REYNA;F;1996-12-17;San Sebastián;Cusco;2024-03-31;Bronce
4054;Consuelo Tejada Lozano;F;1981-04-11;Belén;Loreto;2024-03-31;No afiliado
4055;Gisela Valverde Estrella;F;1959-12-22;Castilla;Piura;2024-03-31;No afiliado
4056;Justo Cabello Cruz;M;1984-01-27;Yurimaguas;Loreto;2024-03-31;No afiliado
4057;Gabriela Campos Medina;F;2000-06-30;Huancayo;Junín;2024-03-31;Plata
4058;Consuelo Zúñiga Padilla;F;1992-11-08;Punchana;Loreto;2024-03-31;No afiliado
4059;guido moreno navarrete;M;1949-02-06;José Luis Bustamante y Rivero;Arequipa;2024-03-31;Bronce
4060;Fabián Padilla Solano;M;1998-12-09;Yurimaguas;Loreto;2024-03-31;Bronce
4061;Romualdo Luna Coronado;M;2003-06-03;Comas;Lima;2024-03-31;Plata
4062;Vicente Rivera Cruz;M;1949-10-22;Piura;Piura;2024-03-31;Oro
4063;Pilar Araujo Bustos;F;1987-03-01;Veintiséis de Octubre;Piura;2024-03-31;Plata
4064;Alejandrina Carranza Vilca;F;1996-10-03;Yurimaguas;Loreto;2024-03-31;Bronce
4065;Diego Gálvez Escobar;M;2000-03-26;Reque;Lambayeque;2024-03-31;No afiliado
4066;Raquel Valenzuela Villafuerte;F;1979-07-29;San Borja;Lima;2024-03-31;Oro
4067;Clara Solano Sierra;F;1980-10-18;Cusco;Cusco;2024-03-31;No afiliado
4068;Martín Navarrete Manrique;M;1964-08-08;San Juan de Lurigancho;Lima;2024-03-31;Bronce
4069;Orlando Vásquez Valverde;M;1997-11-09;Cayma;Arequipa;2024-03-31;Plata
4070;Diego Aguirre Rodríguez;M;1994-12-02;Los Olivos;Lima;2024-03-31;No afiliado
4071;Anastasia Vargas Rivera;F;1960-11-12;San Juan de Lurigancho;Lima;2024-03-31;Bronce
4072;Herminia Portilla Villalba;F;1989-08-14;Paucarpata;Arequipa;2024-03-31;No afiliado
4073;Galileo García Rojas;M;1994-10-04;Veintiséis de Octubre;Piura;2024-03-31;Plata
4074;Concepción Machuca Dávila;F;1976-02-28;José Luis Bustamante y Rivero;Arequipa;2024-03-31;No afiliado
4075;Raúl Paredes Villalobos;M;2005-02-04;Los Olivos;Lima;2024-03-31;Oro
4076;Rocío Ojeda López;F;1982-01-21;Paucarpata;Arequipa;2024-03-31;No afiliado
4077;Francisco Valverde Mendoza;M;1970-05-23;Víctor Larco Herrera;La Libertad;2024-03-31;No afiliado
4078;Eusebia García Santos;F;1948-03-27;El Porvenir;La Libertad;2024-03-31;Plata
4079;Silvano Lozano Valenzuela;M;1972-01-08;San Sebastián;Cusco;2024-03-31;Bronce
4080;Eufrasia Moreno Mendieta;F;1986-06-09;Requena;Loreto;2024-03-31;No afiliado
4081;Leonor Rojas Bello;F;1986-08-31;Socabaya;Arequipa;2024-03-31;No afiliado
4082;CELSO MEDINA VALLE;M;1969-07-07;Villa El Salvador;Lima;2024-03-31;No afiliado
4083;Apolonio Reyna Chambi;M;1965-08-31;Ate;Lima;2024-03-31;No afiliado
4084;casimiro tejada tejada;M;2001-01-16;Santiago de Surco;Lima;2024-03-31;Bronce
4085;Salvador Mendoza Ríos;M;1963-11-23;Iquitos;Loreto;2024-03-31;Bronce
4086;Ruperto Padilla Ríos;M;1978-07-30;Lambayeque;Lambayeque;2024-03-31;No afiliado
4087;Teofila Valenzuela Maldonado;F;1962-05-19;José Leonardo Ortiz;Lambayeque;2024-03-31;No afiliado
4088;fabián sanabria avendaño;M;2001-02-01;San Juan de Lurigancho;Lima;2024-03-31;Plata
4089;Clara Coronado Rocha;F;1984-08-21;San Martín de Porres;Lima;2024-03-31;No afiliado
4090;DANTE ORTEGA FARRO;M;1945-11-05;El Porvenir;La Libertad;2024-03-31;Bronce
4091;Orlando Lozano García;M;2007-04-18;Iquitos;Loreto;2024-03-31;Bronce
4092;Erik Rosales Reyna;M;1946-03-16;Cerro Colorado;Arequipa;2024-03-31;Plata
4093;Eufemia Vargas Quispe;F;1998-08-18;Huanchaco;La Libertad;2024-03-31;Oro
4094;Sergio Portilla Farro;M;2001-03-31;Cayma;Arequipa;2024-03-31;Bronce
4095;Adalberto Ordóñez Tejada;M;1976-06-16;Santiago de Surco;Lima;2024-03-31;No afiliado
4096;Juana Cáceres Villegas;F;2002-10-16;El Tambo;Junín;2024-04-01;No afiliado
4097;HUGO GALARZA CAMPOS;M;1948-06-07;Villa El Salvador;Lima;2024-04-01;No afiliado
4098;Olga Rojas Medina;F;1999-06-20;Piura;Piura;2024-04-01;No afiliado
4099;Rafael Vega Dávila;M;2003-04-17;Piura;Piura;2024-04-01;No afiliado
4100;Rosario Padilla Cáceres;F;1927-07-11;Iquitos;Loreto;2024-04-01;No afiliado
4101;Lucio Mora Serna;M;1960-10-23;San Borja;Lima;2024-04-01;Plata
4102;Marciano Velásquez Chávez;M;1977-08-25;San Juan Bautista;Loreto;2024-04-01;Oro
4103;Raquel Velásquez Escalante;F;1956-12-04;San Sebastián;Cusco;2024-04-01;Bronce
4104;Anastasio Zúñiga Lozano;M;1986-06-13;Castilla;Piura;2024-04-01;Plata
4105;Joel Benavides Jiménez;M;1970-02-16;Moche;La Libertad;2024-04-01;Bronce
4106;Melitón Carranza Rojas;M;1985-04-03;Huanchaco;La Libertad;2024-04-01;No afiliado
4107;ADELA ROSALES CHÁVEZ;F;1991-12-11;San Juan de Lurigancho;Lima;2024-04-01;Oro
4108;Rubén Serna Chávez;M;2000-07-26;San Juan de Lurigancho;Lima;2024-04-01;Plata
4109;Laura Rocha Cruz;F;1980-01-10;Punchana;Loreto;2024-04-01;No afiliado
4110;Romualdo Estrella Nieto;M;1977-06-22;Ate;Lima;2024-04-01;Bronce
4111;Olga Farro Sanabria;F;1957-04-24;Lima;Lima;2024-04-01;No afiliado
4112;Ceferino García Montes;M;1999-07-18;Cayma;Arequipa;2024-04-01;No afiliado
4113;Yolanda Portilla Vega;F;2006-02-18;Castilla;Piura;2024-04-01;Bronce
4114;lourdes montes valenzuela;F;1958-06-27;San Sebastián;Cusco;2024-04-01;Bronce
4115;marisa chávez velásquez;F;2000-01-01;San Martín de Porres;Lima;2024-04-01;No afiliado
4116;Avelino Campos Mendieta;M;1988-02-23;Nauta;Loreto;2024-04-01;No afiliado
4117;Eduardo Villalobos Villafuerte;M;2000-10-11;Castilla;Piura;2024-04-01;Oro
4118;Lucía Matías Velásquez;F;1981-07-10;Villa El Salvador;Lima;2024-04-01;Plata
4119;Maximiliano Portilla Montes;M;1997-03-29;Ate;Lima;2024-04-01;Bronce
4120;Alejandro Sánchez Ugarte;M;2007-04-27;Villa El Salvador;Lima;2024-04-01;Bronce
4121;ALEJANDRA CHACÓN CHÁVEZ;F;1977-05-14;Sullana;Piura;2024-04-01;Bronce
4122;Oscar Sanabria Yupanqui;M;1990-06-04;Iquitos;Loreto;2024-04-01;No afiliado
4123;Prudencia Rocha García;F;2000-07-02;Comas;Lima;2024-04-01;Bronce
4124;Alcides Fuentes Paredes;M;1945-04-10;Lambayeque;Lambayeque;2024-04-01;Oro
4125;Fabián Manrique Manrique;M;1982-03-31;Trujillo;La Libertad;2024-04-01;Plata
4126;Cristian Galarza Bustos;M;1986-12-20;Ate;Lima;2024-04-01;Bronce
4127;ENCARNACIÓN PIZARRO PALACIOS;F;1983-12-01;San Miguel;Lima;2024-04-01;No afiliado
4128;Micaela Velásquez Estrella;F;1985-10-15;Ate;Lima;2024-04-01;No afiliado
4129;Fortunato Manrique Aguirre;M;1976-03-21;Arequipa;Arequipa;2024-04-01;Bronce
4130;ROCÍO MORA PADILLA;F;1979-10-17;El Porvenir;La Libertad;2024-04-01;Plata
4131;mar hurtado campos;F;1981-02-05;José Luis Bustamante y Rivero;Arequipa;2024-04-01;No afiliado
4132;Galileo Allcca Gómez;M;2006-01-20;San Juan Bautista;Loreto;2024-04-01;No afiliado
4133;MARCIAL MONTES MACHUCA;M;2005-03-31;Castilla;Piura;2024-04-01;No afiliado
4134;Anabel Arias Estrella;F;2004-06-06;Cerro Colorado;Arequipa;2024-04-01;Bronce
4135;Cecilia Velásquez Zúñiga;F;1984-02-17;Santiago de Surco;Lima;2024-04-01;Bronce
4136;Lucía Muñiz Pizarro;F;1979-05-20;Poroy;Cusco;2024-04-01;No afiliado
4137;trinidad portilla martínez;F;2007-01-06;Lambayeque;Lambayeque;2024-04-01;No afiliado
4138;Edmundo Montes Riveros;M;1977-03-26;Villa El Salvador;Lima;2024-04-01;Bronce
4139;Carlos Matías Solano;M;1954-05-31;Belén;Loreto;2024-04-01;Oro
4140;EPIFANIO AGUILAR MONTOYA;M;1999-11-01;José Luis Bustamante y Rivero;Arequipa;2024-04-01;No afiliado
4141;Víctor Hurtado Gálvez;M;1978-10-29;Lima;Lima;2024-04-02;Bronce
4142;teodora zambrano muñiz;F;2005-04-14;Castilla;Piura;2024-04-02;No afiliado
4143;Bartolomé Guerrero Vargas;M;2005-11-21;Cerro Colorado;Arequipa;2024-04-02;Bronce
4144;Lourdes Cruz Mendieta;F;2003-12-28;La Victoria;Lambayeque;2024-04-02;Bronce
4145;Orestes Del Carpio Cruz;M;1987-04-21;Cerro Colorado;Arequipa;2024-04-02;No afiliado
4146;Eva Rojas Valenzuela;F;1968-02-01;Florencia de Mora;La Libertad;2024-04-02;Plata
4147;Sofía Solano Portilla;F;1988-08-06;El Porvenir;La Libertad;2024-04-02;No afiliado
4148;Sol Bustos Valle;F;1988-09-06;Santiago de Surco;Lima;2024-04-02;Bronce
4149;María Domínguez Villalobos;F;1963-07-12;Comas;Lima;2024-04-02;Plata
4150;leonor paredes rivera;F;1999-09-25;La Victoria;Lambayeque;2024-04-02;No afiliado
4151;Ulises Zúñiga Cruz;M;1985-10-20;Huancayo;Junín;2024-04-02;Bronce
4152;PRUDENCIA ESTRELLA SIERRA;F;1996-05-12;Villa El Salvador;Lima;2024-04-02;Bronce
4153;Lorena Gómez Tello;F;1974-07-26;Miraflores;Lima;2024-04-02;Oro
4154;Hugo Reyna Ojeda;M;1958-11-11;San Sebastián;Cusco;2024-04-02;No afiliado
4155;Tobías Manrique Estrella;M;1996-05-28;El Porvenir;La Libertad;2024-04-02;Plata
4156;Lucas Muñoz Del Carpio;M;1958-05-10;Castilla;Piura;2024-04-02;Plata
4157;Silvano Macedo Valle;M;1983-05-11;El Porvenir;La Libertad;2024-04-02;No afiliado
4158;Andrea Estrella Chávez;F;1974-10-29;Trujillo;La Libertad;2024-04-02;No afiliado
4159;Ventura Zapata Navarrete;M;1986-03-14;Trujillo;La Libertad;2024-04-02;Bronce
4160;Lucía Gálvez Gómez;F;1946-06-25;Paucarpata;Arequipa;2024-04-02;Bronce
4161;Ernesto Cruz Trujillo;M;1992-11-11;San Agustín;Junín;2024-04-02;Plata
4162;Gonzalo Farro Amaya;M;1989-04-05;Wanchaq;Cusco;2024-04-02;Bronce
4163;elisa lópez rodríguez;F;1979-11-21;Iquitos;Loreto;2024-04-02;Bronce
4164;Joaquín Jiménez Rivera;M;1985-04-16;Víctor Larco Herrera;La Libertad;2024-04-02;Plata
4165;MARIO VALENZUELA PALOMINO;M;1975-09-13;Trujillo;La Libertad;2024-04-02;Plata
4166;Alejandrina Villalba Rocha;F;2003-06-04;San Miguel;Lima;2024-04-02;No afiliado
4167;Fátima Sánchez Sánchez;F;1969-05-15;José Leonardo Ortiz;Lambayeque;2024-04-02;No afiliado
4168;Alfonso Rocha Rocha;M;1988-11-29;Trujillo;La Libertad;2024-04-02;No afiliado
4169;Sofía Villegas Rojas;F;1996-02-29;Ate;Lima;2024-04-02;Plata
4170;boris aguirre gonzález;M;1985-03-29;Cerro Colorado;Arequipa;2024-04-02;Bronce
4171;Bianca Bello Farro;F;1970-10-19;Florencia de Mora;La Libertad;2024-04-02;Bronce
4172;margarita quispe delgado;F;1977-01-16;Piura;Piura;2024-04-02;Bronce
4173;Lucio Valverde Domínguez;M;2001-09-01;Wanchaq;Cusco;2024-04-02;No afiliado
4174;Margarita Chávez Estrella;F;1952-05-29;Huanchaco;La Libertad;2024-04-02;No afiliado
4175;Rubén Escalante Tejada;M;1943-09-18;El Porvenir;La Libertad;2024-04-02;Bronce
4176;Álvaro Paredes Torres;M;2005-12-11;Cayma;Arequipa;2024-04-02;Bronce
4177;filomena rojas escobar;F;1983-03-04;Los Olivos;Lima;2024-04-02;Plata
4178;Francisca Cruz Sánchez;F;1976-03-05;San Borja;Lima;2024-04-02;No afiliado
4179;angustias tejada portilla;F;1973-09-05;Piura;Piura;2024-04-02;Plata
4180;NICÉFORO ACUÑA CALDERÓN;M;1996-12-26;Trujillo;La Libertad;2024-04-02;Bronce
4181;Darío Ramírez Tejada;M;1984-11-16;José Leonardo Ortiz;Lambayeque;2024-04-02;Bronce
4182;monserrat chávez tello;F;1996-09-05;Veintiséis de Octubre;Piura;2024-04-02;Bronce
4183;Margarita Vásquez Estrella;F;2003-07-06;Socabaya;Arequipa;2024-04-02;Oro
4184;sara lozano ugarte;F;1989-07-08;Cayma;Arequipa;2024-04-02;Plata
4185;Núria Yañez Carranza;F;1933-03-23;Comas;Lima;2024-04-02;Bronce
4186;Rubén Gallo Martínez;M;2007-12-23;Cerro Colorado;Arequipa;2024-04-03;Bronce
4187;Rafaela Villalobos Sánchez;F;1987-06-07;Los Olivos;Lima;2024-04-03;Bronce
4188;monserrat medina tejada;F;1991-07-10;Paucarpata;Arequipa;2024-04-03;Bronce
4189;concepción palacios arango;F;2000-10-25;San Juan de Lurigancho;Lima;2024-04-03;Bronce
4190;FEDERICO ARROYO PALACIOS;M;1989-07-20;Santiago de Surco;Lima;2024-04-03;No afiliado
4191;sandra muñiz dávila;F;1954-01-21;Lambayeque;Lambayeque;2024-04-03;Bronce
4192;Eugenio Chávez Palacios;M;1990-02-16;Víctor Larco Herrera;La Libertad;2024-04-03;No afiliado
4193;Balbina Villafuerte Calle;F;1993-04-30;San Juan de Lurigancho;Lima;2024-04-03;No afiliado
4194;Eloy Zambrano Rivera;M;1946-10-14;Chilca;Junín;2024-04-03;Oro
4195;Tomás Sánchez Rosales;M;1969-01-24;Sullana;Piura;2024-04-03;Bronce
4196;Adriana Tello Ordóñez;F;1992-12-09;Huancán;Junín;2024-04-03;No afiliado
4197;gustavo avendaño escobar;M;1965-06-16;San Juan de Lurigancho;Lima;2024-04-03;Oro
4198;Herminio Trujillo Delgado;M;1979-02-04;Víctor Larco Herrera;La Libertad;2024-04-03;Plata
4199;vicenta arroyo vásquez;F;2007-06-11;Ate;Lima;2024-04-03;Plata
4200;Estefanía Palacios Zambrano;F;1954-03-19;San Martín de Porres;Lima;2024-04-03;Oro
4201;Honorio Rosales Rocha;M;1932-05-02;San Martín de Porres;Lima;2024-04-03;Oro
4202;Eustaquio Sánchez Zavala;M;1992-07-21;San Juan Bautista;Loreto;2024-04-03;No afiliado
4203;Romualdo Calderón Arias;M;1961-11-14;Iquitos;Loreto;2024-04-03;No afiliado
4204;Vicenta Ulloa Tello;F;1977-02-13;Santiago de Surco;Lima;2024-04-03;Oro
4205;Gisela Velásquez Yañez;F;2002-11-19;Ate;Lima;2024-04-03;Bronce
4206;Víctor Yañez Figueroa;M;1947-11-04;Santiago;Cusco;2024-04-03;Bronce
4207;Yolanda Domínguez Palomino;F;1983-11-23;Ate;Lima;2024-04-03;Bronce
4208;nicolás villafuerte matías;M;1957-01-17;Castilla;Piura;2024-04-03;No afiliado
4209;BRAYAN ACUÑA ALVARADO;M;1976-12-15;San Juan Bautista;Loreto;2024-04-03;Bronce
4210;FILEMÓN DEL CARPIO ROJAS;M;1992-08-16;Trujillo;La Libertad;2024-04-03;No afiliado
4211;Tomás Manrique Gallo;M;1987-02-24;Jesús María;Lima;2024-04-03;Plata
4212;Atanasio Salazar Escobar;M;1975-01-04;San Juan de Lurigancho;Lima;2024-04-03;Bronce
4213;sol rosales suárez;F;1979-03-03;La Victoria;Lambayeque;2024-04-03;No afiliado
4214;Alcides Trejo García;M;1946-01-06;Paita;Piura;2024-04-03;No afiliado
4215;nepomuceno chávez domínguez;M;1950-01-08;San Juan de Lurigancho;Lima;2024-04-03;Plata
4216;César Villalba Portilla;M;1977-03-03;Saylla;Cusco;2024-04-03;No afiliado
4217;Carlos Villanueva Campos;M;1956-11-02;San Juan de Lurigancho;Lima;2024-04-03;No afiliado
4218;aureliano sanabria escobar;M;1964-04-27;Piura;Piura;2024-04-03;Bronce
4219;Monserrat Valverde Montero;F;1984-03-25;San Juan Bautista;Loreto;2024-04-03;Bronce
4220;Catalina Galarza Carranza;F;1953-12-05;San Juan de Lurigancho;Lima;2024-04-03;Plata
4221;Eustaquio Reyna Navarrete;M;1987-01-03;José Leonardo Ortiz;Lambayeque;2024-04-03;Oro
4222;TOBÍAS VALVERDE BENAVIDES;M;1984-09-25;San Isidro;Lima;2024-04-03;No afiliado
4223;Soraya Chambi Rivera;F;1967-06-19;Santiago de Surco;Lima;2024-04-03;Plata
4224;Romana Cruz Paredes;F;1999-10-23;San Juan de Lurigancho;Lima;2024-04-03;Bronce
4225;roberto reyna rojas;M;1986-12-31;Yanahuara;Arequipa;2024-04-03;No afiliado
4226;Lucrecia Pizarro Chávez;F;1988-10-27;Chiclayo;Lambayeque;2024-04-03;Plata
4227;Lorena Cruz Amaya;F;1984-07-07;Santiago de Surco;Lima;2024-04-03;Plata
4228;Gisela Serna Velásquez;F;1948-01-10;Socabaya;Arequipa;2024-04-03;Bronce
4229;Anastasia Escobar Coronado;F;1966-05-26;San Juan de Lurigancho;Lima;2024-04-03;Plata
4230;hugo zavala ugarte;M;1945-01-22;Paita;Piura;2024-04-03;No afiliado
4231;EUTIQUIO RIVERA PIZARRO;M;1999-04-27;Belén;Loreto;2024-04-04;Plata
4232;Darío Quispe Ramírez;M;1976-04-19;San Juan Bautista;Loreto;2024-04-04;Bronce
4233;ALONSO SERNA DÁVILA;M;1984-03-08;Nauta;Loreto;2024-04-04;Plata
4234;Aniceto Arroyo Lozano;M;2003-11-19;Piura;Piura;2024-04-04;No afiliado
4235;Ursula Palacios Ponce;F;1996-12-15;Wanchaq;Cusco;2024-04-04;No afiliado
4236;rubén garcía galarza;M;1979-04-07;Comas;Lima;2024-04-04;Bronce
4237;Candelaria Montes Ulloa;F;1961-07-16;Chiclayo;Lambayeque;2024-04-04;Bronce
4238;Aniceto Reyna Mora;M;1990-12-27;Villa El Salvador;Lima;2024-04-04;Plata
4239;Camilo Alvarado Martínez;M;1973-05-31;Chilca;Junín;2024-04-04;No afiliado
4240;Vega Montes Dávila;F;1983-05-30;Los Olivos;Lima;2024-04-04;Bronce
4241;Tomasa Vásquez Miranda;F;1994-04-30;El Tambo;Junín;2024-04-04;Plata
4242;Erik Arias Luna;M;1999-12-05;José Luis Bustamante y Rivero;Arequipa;2024-04-04;No afiliado
4243;Rubén Chávez Villafuerte;M;1979-12-04;Ate;Lima;2024-04-04;Bronce
4244;Vicenta Llanos Ramírez;F;2002-05-25;San Sebastián;Cusco;2024-04-04;Bronce
4245;Verónica Matías Obando;F;2002-05-20;Santiago de Surco;Lima;2024-04-04;Bronce
4246;juana del carpio sierra;F;2005-04-03;Cerro Colorado;Arequipa;2024-04-04;No afiliado
4247;ALCIDES SIERRA VELÁSQUEZ;M;1997-11-06;San Juan de Lurigancho;Lima;2024-04-04;Bronce
4248;Alfonso Gallo Jiménez;M;1964-06-17;Castilla;Piura;2024-04-04;Bronce
4249;artemio chambi maldonado;M;1979-02-23;Comas;Lima;2024-04-04;Bronce
4250;Rubén Valenzuela Rivera;M;1997-10-10;Cerro Colorado;Arequipa;2024-04-04;Plata
4251;Erasmo Cruz Chávez;M;1991-05-14;Huancayo;Junín;2024-04-04;Bronce
4252;Blas Aguirre Rocha;M;2007-04-01;Trujillo;La Libertad;2024-04-04;No afiliado
4253;gloria bustos merino;F;1952-02-24;Miraflores;Lima;2024-04-04;Bronce
4254;Eufrasia Sanabria Rivera;F;1962-12-10;Belén;Loreto;2024-04-04;Bronce
4255;Tomasa Arroyo Quijano;F;1988-03-26;Pueblo Libre;Lima;2024-04-04;Bronce
4256;Silvano Chacón Villanueva;M;1962-10-31;Huanchaco;La Libertad;2024-04-04;Plata
4257;Marciano Ordóñez Gallo;M;1981-03-31;Los Olivos;Lima;2024-04-04;Plata
4258;Concepción Galarza Villalobos;F;2003-09-17;Chiclayo;Lambayeque;2024-04-04;Bronce
4259;María Arias Martínez;F;1975-11-11;Yanahuara;Arequipa;2024-04-04;Oro
4260;TORIBIO MACEDO RIVERA;M;1961-10-29;Huanchaco;La Libertad;2024-04-04;No afiliado
4261;LUCIO MENDIETA VALLE;M;1997-05-15;San Juan de Lurigancho;Lima;2024-04-04;Plata
4262;Adela Estrella Calle;F;1977-06-23;Ate;Lima;2024-04-04;No afiliado
4263;Federico Manrique Bustos;M;1988-02-29;Pariñas;Piura;2024-04-04;Bronce
4264;Rubén Callirgos Santos;M;1966-10-26;San Juan de Lurigancho;Lima;2024-04-04;Plata
4265;Ventura Valle Manrique;M;2006-07-22;Yanahuara;Arequipa;2024-04-04;Bronce
4266;ADALBERTO MALDONADO TREJO;M;2005-03-14;Veintiséis de Octubre;Piura;2024-04-04;Bronce
4267;Rodrigo Calle Hurtado;M;1998-12-12;Pariñas;Piura;2024-04-04;No afiliado
4268;Abel Rivera Rivera;M;1997-08-05;Lima;Lima;2024-04-04;Bronce
4269;francisca carranza portilla;F;1997-07-03;San Juan de Lurigancho;Lima;2024-04-04;Bronce
4270;CANDELARIA ALLCCA MALDONADO;F;2001-05-10;San Sebastián;Cusco;2024-04-04;Bronce
4271;Ulises Valenzuela Campos;M;2005-10-03;Pariñas;Piura;2024-04-04;Bronce
4272;Hugo Aguirre Mendieta;M;1978-06-20;Moche;La Libertad;2024-04-04;Plata
4273;Cecilia Gómez Zúñiga;F;1994-02-11;Cusco;Cusco;2024-04-04;Bronce
4274;Salvador Mora Padilla;M;1967-10-14;San Juan de Lurigancho;Lima;2024-04-04;Plata
4275;SORAYA TORRES BRAVO;F;1995-09-22;Yurimaguas;Loreto;2024-04-04;No afiliado
4276;Blas Villalobos Trejo;M;1973-08-28;San Juan de Lurigancho;Lima;2024-04-05;Oro
4277;Alejandro Vargas Farro;M;1993-08-20;San Martín de Porres;Lima;2024-04-05;Bronce
4278;Isidoro Arango Benavides;M;1989-11-03;Cerro Colorado;Arequipa;2024-04-05;Bronce
4279;Atanasio Jiménez Benites;M;2006-02-05;Comas;Lima;2024-04-05;No afiliado
4280;Sara Solano Villafuerte;F;1992-02-24;Lima;Lima;2024-04-05;Bronce
4281;celso llerena requejo;M;1963-10-03;Sullana;Piura;2024-04-05;No afiliado
4282;MARCELO ALVARADO MALDONADO;M;2001-10-07;Paita;Piura;2024-04-05;Bronce
4283;EDMUNDO AGUIRRE CHÁVEZ;M;1987-12-25;Wanchaq;Cusco;2024-04-05;Bronce
4284;belén estrella palacios;F;1951-03-07;Cayma;Arequipa;2024-04-05;Oro
4285;Arantxa Arroyo García;F;1988-11-24;Chiclayo;Lambayeque;2024-04-05;Bronce
4286;Cornelio Cruz Trejo;M;2003-09-07;José Leonardo Ortiz;Lambayeque;2024-04-05;Bronce
4287;Ignacio García Maldonado;M;1979-11-23;Huancayo;Junín;2024-04-05;Bronce
4288;Joaquín Navarrete Vásquez;M;1959-08-04;El Porvenir;La Libertad;2024-04-05;No afiliado
4289;MARÍA DÁVILA MONTES;F;1978-06-25;Veintiséis de Octubre;Piura;2024-04-05;Plata
4290;Álvaro Villalobos Trejo;M;1987-08-17;San Martín de Porres;Lima;2024-04-05;Plata
4291;albina santos galarza;F;2004-04-27;Trujillo;La Libertad;2024-04-05;No afiliado
4292;Leandro Nieto Velarde;M;2003-08-15;San Juan de Lurigancho;Lima;2024-04-05;Bronce
4293;TEODOSIA PERALTA DEL CARPIO;F;1952-01-24;San Martín de Porres;Lima;2024-04-05;Oro
4294;Micaela Montes Chávez;F;2000-01-16;El Tambo;Junín;2024-04-05;Plata
4295;Victoria Navarrete Domínguez;F;1964-08-11;San Miguel;Lima;2024-04-05;Bronce
4296;Napoleón Chambi Carranza;M;1925-12-24;San Juan de Lurigancho;Lima;2024-04-05;Plata
4297;Fátima Carranza Campos;F;1947-03-02;Jesús María;Lima;2024-04-05;No afiliado
4298;RAFAEL AVENDAÑO RODRÍGUEZ;M;1964-01-06;Pueblo Libre;Lima;2024-04-05;Plata
4299;Samara Benites Rosales;F;1984-04-08;Ate;Lima;2024-04-05;No afiliado
4300;roberto trujillo lozano;M;1978-08-13;Belén;Loreto;2024-04-05;Bronce
4301;Evaristo Rosales Obando;M;1975-12-25;Yanahuara;Arequipa;2024-04-05;Bronce
4302;Ursula Cornejo Zúñiga;F;1960-10-01;Santiago de Surco;Lima;2024-04-05;Plata
4303;Anabel Villafuerte Valverde;F;1947-08-14;Yurimaguas;Loreto;2024-04-05;No afiliado
4304;Gabriela Muñiz Del Carpio;F;1992-07-16;Castilla;Piura;2024-04-05;Bronce
4305;lucas zambrano chávez;M;1992-07-12;La Victoria;Lambayeque;2024-04-05;Bronce
4306;Natalia Arango Sánchez;F;1957-03-26;Moche;La Libertad;2024-04-05;Plata
4307;ULISES ZAPATA ZAPATA;M;1956-06-22;Belén;Loreto;2024-04-05;No afiliado
4308;Jacobo Obando Farro;M;2003-02-06;Lima;Lima;2024-04-05;Bronce
4309;TATIANA MALDONADO MONTES;F;1980-06-09;Veintiséis de Octubre;Piura;2024-04-05;Oro
4310;margarita santos velásquez;F;1972-01-23;Chiclayo;Lambayeque;2024-04-05;Bronce
4311;emmanuel reyna escalante;M;1950-09-24;Yanahuara;Arequipa;2024-04-05;No afiliado
4312;Josefa Villalobos Loayza;F;1982-03-01;Los Olivos;Lima;2024-04-05;Bronce
4313;Casimiro Villafuerte Llerena;M;2005-06-09;San Martín de Porres;Lima;2024-04-05;Oro
4314;Blanca Villafuerte Cruz;F;1967-07-18;Lima;Lima;2024-04-05;Bronce
4315;Raquel Cruz Benites;F;1996-05-03;Cusco;Cusco;2024-04-05;Oro
4316;Héctor Trejo Gálvez;M;1990-09-19;San Martín de Porres;Lima;2024-04-05;Bronce
4317;Lucía Luna Campos;F;1935-06-08;Santiago;Cusco;2024-04-05;Bronce
4318;Gustavo Montoya Dávila;M;1976-10-29;Santiago de Surco;Lima;2024-04-05;Plata
4319;Sol Portilla Santos;F;1973-02-03;Lima;Lima;2024-04-05;Oro
4320;pilar vilca ulloa;F;1988-10-12;Paita;Piura;2024-04-05;Bronce
4321;Aarón Dávila Rojas;M;1955-01-26;Santiago de Surco;Lima;2024-04-06;Bronce
4322;Mar Matías Callirgos;F;1981-06-20;Iquitos;Loreto;2024-04-06;No afiliado
4323;Fátima Montoya Chávez;F;1971-08-11;Arequipa;Arequipa;2024-04-06;Plata
4324;eufemia rojas carranza;F;1970-06-02;Santiago;Cusco;2024-04-06;No afiliado
4325;Encarnación Velásquez Portilla;F;1978-10-08;Catacaos;Piura;2024-04-06;Oro
4326;Aureliano Gutiérrez Peralta;M;1973-10-18;Belén;Loreto;2024-04-06;Bronce
4327;raúl merino amaya;M;1978-05-20;Socabaya;Arequipa;2024-04-06;Bronce
4328;Apolonio Valenzuela Zavala;M;1981-05-28;San Juan de Lurigancho;Lima;2024-04-06;Bronce
4329;ARIADNA DOMÍNGUEZ HURTADO;F;2003-07-12;La Victoria;Lambayeque;2024-04-06;No afiliado
4330;Lucrecia Zapata Villalba;F;1958-09-12;San Juan de Lurigancho;Lima;2024-04-06;Bronce
4331;Nicéforo Cruz Sánchez;M;1977-07-21;San Jerónimo;Cusco;2024-04-06;Bronce
4332;RAÚL DELGADO SIERRA;M;1980-12-11;San Jerónimo;Cusco;2024-04-06;Bronce
4333;Tamara Matías Delgado;F;1936-09-10;Cerro Colorado;Arequipa;2024-04-06;Bronce
4334;CLAUDIA VARGAS JARA;F;1987-03-27;Ate;Lima;2024-04-06;No afiliado
4335;EUSTAQUIO TEJADA VALVERDE;M;1985-01-09;Lima;Lima;2024-04-06;Plata
4336;Eduardo Merino Figueroa;M;1985-07-26;Villa El Salvador;Lima;2024-04-06;No afiliado
4337;Ainhoa Cruz Zambrano;F;1968-02-20;Wanchaq;Cusco;2024-04-06;No afiliado
4338;Fidel Pizarro Chávez;M;1960-04-09;Ate;Lima;2024-04-06;Oro
4339;erik reyna rocha;M;1999-03-02;San Borja;Lima;2024-04-06;No afiliado
4340;Aniceto Miranda Riveros;M;1978-03-30;Paucarpata;Arequipa;2024-04-06;Bronce
4341;Lucrecia Paz Tejada;F;2005-07-03;Miraflores;Lima;2024-04-06;Bronce
4342;Asunción Quijano Sierra;F;1979-08-15;Comas;Lima;2024-04-06;Plata
4343;vicente valenzuela montes;M;2000-10-25;Piura;Piura;2024-04-06;Bronce
4344;Eugenio Gallo Delgado;M;1958-07-05;Villa El Salvador;Lima;2024-04-06;No afiliado
4345;Gisela Vega Aguirre;F;1949-11-29;Iquitos;Loreto;2024-04-06;No afiliado
4346;Julia Palacios Chambi;F;1958-10-29;Yurimaguas;Loreto;2024-04-06;Plata
4347;Claudia Villanueva Montero;F;1953-04-24;Yanahuara;Arequipa;2024-04-06;Plata
4348;Restituto Macedo Gallo;M;2006-10-04;Cayma;Arequipa;2024-04-06;Bronce
4349;Encarnación Manrique Villalba;F;1996-06-28;Trujillo;La Libertad;2024-04-06;No afiliado
4350;Olegario Sanabria Santos;M;1994-11-28;Comas;Lima;2024-04-06;No afiliado
4351;Ariadna Cornejo Luna;F;2000-02-27;San Sebastián;Cusco;2024-04-06;No afiliado
4352;BRAYAN GÁLVEZ MEDINA;M;1986-01-03;Veintiséis de Octubre;Piura;2024-04-06;Bronce
4353;Eufemia Manrique Ojeda;F;2001-04-22;Víctor Larco Herrera;La Libertad;2024-04-06;Oro
4354;Paulina Pacheco Rojas;F;1973-03-26;San Martín de Porres;Lima;2024-04-06;Plata
4355;Amparo Montes Palomino;F;1991-04-02;Villa El Salvador;Lima;2024-04-06;No afiliado
4356;Raquel Luna Padilla;F;1937-06-10;Ate;Lima;2024-04-06;Bronce
4357;Gabriela Trejo Valenzuela;F;1947-03-10;Castilla;Piura;2024-04-06;Oro
4358;Cristian Tejada Lozano;M;2002-03-30;San Martín de Porres;Lima;2024-04-06;No afiliado
4359;Raúl Bustos Gallo;M;1949-06-27;Jesús María;Lima;2024-04-06;No afiliado
4360;Rocío Carranza Lozano;F;1996-05-21;San Juan de Lurigancho;Lima;2024-04-06;No afiliado
4361;ANASTASIO PADILLA ZAMBRANO;M;1995-12-24;Sullana;Piura;2024-04-06;Oro
4362;silvano cruz chambi;M;1992-08-26;El Porvenir;La Libertad;2024-04-06;Plata
4363;gonzalo trejo serna;M;1995-10-18;Villa El Salvador;Lima;2024-04-06;Plata
4364;MOISÉS PALACIOS ESTRELLA;M;2003-05-06;San Juan de Lurigancho;Lima;2024-04-06;No afiliado
4365;Avelino Villanueva Villafuerte;M;1991-11-28;Víctor Larco Herrera;La Libertad;2024-04-06;Plata
4366;Brayan Padilla Yupanqui;M;1988-12-15;Ate;Lima;2024-04-07;No afiliado
4367;Toribio Medina Hernández;M;1986-05-26;Yurimaguas;Loreto;2024-04-07;Plata
4368;Aurora Lozano Rocha;F;1985-06-07;Veintiséis de Octubre;Piura;2024-04-07;Plata
4369;Guillermo Palacios Tejada;M;1962-12-18;El Porvenir;La Libertad;2024-04-07;No afiliado
4370;Ignacio Cabello Hurtado;M;1999-01-23;San Martín de Porres;Lima;2024-04-07;Plata
4371;samara tejada rojas;F;1987-05-29;Punchana;Loreto;2024-04-07;Plata
4372;Pilar Vargas Moreno;F;2001-08-07;Belén;Loreto;2024-04-07;Plata
4373;Inmaculada Pacheco Maldonado;F;2006-08-08;El Porvenir;La Libertad;2024-04-07;No afiliado
4374;efraín hurtado chambi;M;1987-11-07;Sullana;Piura;2024-04-07;Bronce
4375;lorena reyna hernández;F;1951-05-29;San Juan de Lurigancho;Lima;2024-04-07;Oro
4376;Erasmo Portilla García;M;1961-09-22;La Victoria;Lambayeque;2024-04-07;Bronce
4377;Pablo Ramírez Chávez;M;1996-09-29;Cayma;Arequipa;2024-04-07;No afiliado
4378;Lorena Rojas Benites;F;1991-09-26;Piura;Piura;2024-04-07;No afiliado
4379;Marciano Zapata Figueroa;M;1983-05-28;San Juan de Lurigancho;Lima;2024-04-07;Bronce
4380;César Tejada Gallo;M;1971-11-05;Comas;Lima;2024-04-07;No afiliado
4381;Anabel Delgado Ordóñez;F;1980-03-14;Sullana;Piura;2024-04-07;No afiliado
4382;BORIS PALACIOS PORTILLA;M;2005-01-26;Sullana;Piura;2024-04-07;Plata
4383;eustaquio ortega lozano;M;1996-07-08;Jesús María;Lima;2024-04-07;No afiliado
4384;Epifanio Cruz Navarrete;M;2006-04-24;San Juan de Lurigancho;Lima;2024-04-07;Bronce
4385;Alba Conde Cruz;F;1978-02-17;Ate;Lima;2024-04-07;No afiliado
4386;Joel Solano Bravo;M;1974-12-29;Trujillo;La Libertad;2024-04-07;Bronce
4387;Blanca García Estrella;F;1988-05-04;Cayma;Arequipa;2024-04-07;Plata
4388;Salvador Dávila Santos;M;1986-11-13;Piura;Piura;2024-04-07;No afiliado
4389;Dante Nieto Tejada;M;2003-10-27;Ate;Lima;2024-04-07;Bronce
4390;Fátima Amaya Valenzuela;F;1958-12-13;La Esperanza;La Libertad;2024-04-07;Bronce
4391;Federico Portilla Villalba;M;1990-01-05;San Juan de Lurigancho;Lima;2024-04-07;Bronce
4392;Onésimo Maldonado Gutiérrez;M;2005-09-24;San Miguel;Lima;2024-04-07;No afiliado
4393;Leticia Estrella Ortega;F;1978-04-16;Florencia de Mora;La Libertad;2024-04-07;No afiliado
4394;Atilio Llerena Vargas;M;1936-10-15;Santiago de Surco;Lima;2024-04-07;Oro
4395;lucía pacheco reyna;F;1987-07-23;Yurimaguas;Loreto;2024-04-07;No afiliado
4396;Rafael Zambrano Estrella;M;1949-01-19;San Sebastián;Cusco;2024-04-07;Plata
4397;tobías farro villanueva;M;1963-03-05;Víctor Larco Herrera;La Libertad;2024-04-07;No afiliado
4398;Maximiliano Villalobos Reyna;M;1964-11-04;Paita;Piura;2024-04-07;Bronce
4399;NEREA RIVERA TEJADA;F;1988-03-11;Trujillo;La Libertad;2024-04-07;Bronce
4400;Celsa Pizarro Galarza;F;1996-05-11;Piura;Piura;2024-04-07;Oro
4401;IGNACIO GARCÍA TEJADA;M;1984-03-19;Moche;La Libertad;2024-04-07;Plata
4402;Rubén Dávila Villalobos;M;2007-12-14;José Luis Bustamante y Rivero;Arequipa;2024-04-07;No afiliado
4403;AARÓN SANTOS ZEBALLOS;M;1954-10-10;José Luis Bustamante y Rivero;Arequipa;2024-04-07;Bronce
4404;javier rojas garcía;M;1999-09-16;Cerro Colorado;Arequipa;2024-04-07;No afiliado
4405;AURORA LOZANO ROJAS;F;1977-07-30;San Martín de Porres;Lima;2024-04-07;Bronce
4406;Crispina Arce Velásquez;F;1994-06-25;San Martín de Porres;Lima;2024-04-07;No afiliado
4407;Martín Cruz Chambi;M;1999-09-22;San Juan de Lurigancho;Lima;2024-04-07;Bronce
4408;Víctor Rivera Rojas;M;1985-03-13;La Esperanza;La Libertad;2024-04-07;Bronce
4409;Ponciano Chávez Valverde;M;2004-08-01;San Martín de Porres;Lima;2024-04-07;No afiliado
4410;Adela Montoya Velásquez;F;1979-12-26;Yurimaguas;Loreto;2024-04-07;Plata
4411;Hugo Vargas Estrella;M;1987-08-09;Paucarpata;Arequipa;2024-04-08;No afiliado
4412;Silvano Serna Domínguez;M;1976-09-23;San Sebastián;Cusco;2024-04-08;Bronce
4413;GABRIELA DOMÍNGUEZ SOLANO;F;1985-11-12;Cerro Colorado;Arequipa;2024-04-08;No afiliado
4414;Lucía Serna Pizarro;F;1957-05-28;Nauta;Loreto;2024-04-08;Bronce
4415;blanca muñiz zapata;F;2001-08-09;Los Olivos;Lima;2024-04-08;Plata
4416;Edmundo Conde Zúñiga;M;2006-04-02;Paita;Piura;2024-04-08;No afiliado
4417;Rosa Villalba Sanabria;F;1932-07-16;Chiclayo;Lambayeque;2024-04-08;Bronce
4418;remedios ordóñez escobar;F;1995-04-21;Paita;Piura;2024-04-08;Bronce
4419;PATRICIA ESCALANTE ESCALANTE;F;1998-03-15;Comas;Lima;2024-04-08;Bronce
4420;Emmanuel Serna Arango;M;1997-03-14;Moche;La Libertad;2024-04-08;No afiliado
4421;Orestes Valverde Pacheco;M;2007-06-24;Comas;Lima;2024-04-08;Bronce
4422;Marisa Rojas Villafuerte;F;1979-11-20;Yanahuara;Arequipa;2024-04-08;No afiliado
4423;fabián matías sierra;M;1964-05-01;San Borja;Lima;2024-04-08;Bronce
4424;Amelia Matías Jiménez;F;1950-08-26;Los Olivos;Lima;2024-04-08;Bronce
4425;Dante Zapata Valenzuela;M;2005-07-02;Ate;Lima;2024-04-08;Bronce
4426;Artemio Gómez Arias;M;1957-06-09;Chiclayo;Lambayeque;2024-04-08;No afiliado
4427;azucena serna cáceres;F;1997-09-09;Trujillo;La Libertad;2024-04-08;No afiliado
4428;Alejandro Maldonado Rojas;M;1980-07-30;Veintiséis de Octubre;Piura;2024-04-08;Bronce
4429;rodrigo zeballos chávez;M;1976-10-10;Iquitos;Loreto;2024-04-08;Plata
4430;Geremías Aguirre Llanos;M;2006-10-29;Arequipa;Arequipa;2024-04-08;Bronce
4431;esteban cabello del carpio;M;1984-06-10;El Tambo;Junín;2024-04-08;Bronce
4432;Fátima Paredes Rivera;F;2006-09-06;Nauta;Loreto;2024-04-08;Plata
4433;arturo medina martínez;M;2005-05-22;Villa El Salvador;Lima;2024-04-08;No afiliado
4434;Asunción Lozano Galarza;F;1995-01-29;Comas;Lima;2024-04-08;Bronce
4435;Arantxa Zambrano Rocha;F;1948-06-02;Cerro Colorado;Arequipa;2024-04-08;Plata
4436;MARIO GALLO CRUZ;M;1953-06-15;La Victoria;Lambayeque;2024-04-08;Plata
4437;ADRIÁN CRUZ ESTRELLA;M;2003-05-18;Paita;Piura;2024-04-08;Bronce
4438;Gisela Maldonado Coronado;F;1984-08-26;Cusco;Cusco;2024-04-08;No afiliado
4439;Margarita Ramírez Zapata;F;1978-01-26;Sullana;Piura;2024-04-08;Bronce
4440;Lucio Reyna Rivera;M;1980-03-05;San Jerónimo;Cusco;2024-04-08;Plata
4441;Fidela Lozano Arango;F;1952-02-07;Ate;Lima;2024-04-08;No afiliado
4442;Blanca Llerena Aguirre;F;1977-09-18;Chilca;Junín;2024-04-08;No afiliado
4443;Anastasia Zavala Vilca;F;1963-12-30;Piura;Piura;2024-04-08;Bronce
4444;Susana Meneses Velásquez;F;1996-07-04;Cayma;Arequipa;2024-04-08;Bronce
4445;blas matías reyna;M;1987-10-20;Víctor Larco Herrera;La Libertad;2024-04-08;No afiliado
4446;EVA BENITES DOMÍNGUEZ;F;1993-12-21;Chiclayo;Lambayeque;2024-04-08;Oro
4447;AARÓN DÁVILA VILLEGAS;M;1984-11-07;San Juan Bautista;Loreto;2024-04-08;Bronce
4448;Fabiola González Amaya;F;1986-06-07;Chiclayo;Lambayeque;2024-04-08;Bronce
4449;Bernarda Arango Machuca;F;1953-04-15;Santiago;Cusco;2024-04-08;Plata
4450;ANABEL REYNA MEDINA;F;1970-02-15;Veintiséis de Octubre;Piura;2024-04-08;Plata
4451;Ainhoa Vilchez Estrella;F;2007-05-18;Huancán;Junín;2024-04-08;No afiliado
4452;sara villalba montes;F;1997-04-19;San Martín de Porres;Lima;2024-04-08;Bronce
4453;héctor bustos dávila;M;1999-07-01;San Juan de Lurigancho;Lima;2024-04-08;No afiliado
4454;Salustiano Navarrete Villanueva;M;1958-05-01;Sapallanga;Junín;2024-04-08;No afiliado
4455;Benjamín Rojas Velarde;M;1996-09-01;La Esperanza;La Libertad;2024-04-08;No afiliado
4456;CRISTIAN ARIAS GÁLVEZ;M;1950-10-26;Trujillo;La Libertad;2024-04-09;Bronce
4457;César Maldonado Medina;M;1986-08-01;Ate;Lima;2024-04-09;Bronce
4458;elisa arango macedo;F;1995-03-31;La Esperanza;La Libertad;2024-04-09;No afiliado
4459;jesús carranza zambrano;M;1984-06-03;Yurimaguas;Loreto;2024-04-09;No afiliado
4460;pancho velásquez rojas;M;1979-10-26;Castilla;Piura;2024-04-09;Bronce
4461;Salvador Gamarra Ortega;M;1993-01-12;San Juan Bautista;Loreto;2024-04-09;No afiliado
4462;Evaristo Valverde Galarza;M;1987-06-09;San Martín de Porres;Lima;2024-04-09;No afiliado
4463;Julia Tello Campos;F;2006-04-29;Yurimaguas;Loreto;2024-04-09;No afiliado
4464;Anabel Villalba Pérez;F;1997-09-15;Víctor Larco Herrera;La Libertad;2024-04-09;Bronce
4465;Onésimo Gálvez Valle;M;2003-04-11;Pariñas;Piura;2024-04-09;Bronce
4466;RAQUEL DÁVILA RAMÍREZ;F;1982-09-21;El Porvenir;La Libertad;2024-04-09;No afiliado
4467;Leticia Rodríguez Rojas;F;1992-02-01;Cerro Colorado;Arequipa;2024-04-09;Bronce
4468;FABIÁN GARCÍA ZAMBRANO;M;1975-05-26;Piura;Piura;2024-04-09;Bronce
4469;YOLANDA RODRÍGUEZ REYNA;F;1994-12-03;Catacaos;Piura;2024-04-09;Bronce
4470;Felipe Villegas Villalba;M;1964-11-26;Santiago;Cusco;2024-04-09;No afiliado
4471;micaela zavala cruz;F;1972-10-21;San Juan Bautista;Loreto;2024-04-09;Plata
4472;Eva Dávila Zúñiga;F;2003-09-10;Cerro Colorado;Arequipa;2024-04-09;Plata
4473;Teofila Chávez Arias;F;2006-06-27;Santiago de Surco;Lima;2024-04-09;No afiliado
4474;LEONOR TEJADA CABELLO;F;1978-04-25;Sullana;Piura;2024-04-09;Bronce
4475;sergio cabello garcía;M;1999-07-15;Veintiséis de Octubre;Piura;2024-04-09;Bronce
4476;Federico Zeballos Medina;M;1975-04-25;San Sebastián;Cusco;2024-04-09;Bronce
4477;Estefanía Figueroa García;F;1975-08-17;Veintiséis de Octubre;Piura;2024-04-09;No afiliado
4478;sol zúñiga zambrano;F;1959-12-06;Chilca;Junín;2024-04-09;Bronce
4479;Leticia Araujo Sánchez;F;1971-01-05;Veintiséis de Octubre;Piura;2024-04-09;No afiliado
4480;ATILIO VILLAFUERTE VILLALOBOS;M;1970-05-08;San Miguel;Lima;2024-04-09;Bronce
4481;Lucía Palomino Palomino;F;2003-07-16;Los Olivos;Lima;2024-04-09;Bronce
4482;Cornelio Palacios Valle;M;1997-11-26;Santiago de Surco;Lima;2024-04-09;Bronce
4483;Restituto Villafuerte Ramírez;M;1968-05-10;Lima;Lima;2024-04-09;Bronce
4484;margarita villalobos sánchez;F;1958-12-07;Cayma;Arequipa;2024-04-09;Bronce
4485;Felicidad Sánchez Sánchez;F;2006-02-14;San Sebastián;Cusco;2024-04-09;Plata
4486;Víctor Jara Tejada;M;1994-11-27;Cerro Colorado;Arequipa;2024-04-09;Bronce
4487;Pancho Avendaño Solano;M;1992-01-14;El Porvenir;La Libertad;2024-04-09;Oro
4488;Nepomuceno Machuca Montoya;M;1993-10-19;La Victoria;Lambayeque;2024-04-09;No afiliado
4489;Homero Ramírez Delgado;M;1951-04-02;Trujillo;La Libertad;2024-04-09;Bronce
4490;lucrecia cruz maldonado;F;1961-11-05;Jesús María;Lima;2024-04-09;No afiliado
4491;Paulina Montero Mora;F;1966-02-24;Trujillo;La Libertad;2024-04-09;Bronce
4492;Tadeo García Rojas;M;1976-08-27;Ate;Lima;2024-04-09;Bronce
4493;marisa jiménez hernández;F;1997-11-18;La Esperanza;La Libertad;2024-04-09;Plata
4494;Fátima Tejada Martínez;F;1998-07-08;Jesús María;Lima;2024-04-09;Plata
4495;Casimiro García Del Carpio;M;2007-08-05;San Sebastián;Cusco;2024-04-09;Bronce
4496;Pastora Navarrete Nieto;F;2005-01-12;Trujillo;La Libertad;2024-04-09;Plata
4497;Pastora Aguirre Rodríguez;F;1999-09-01;Santiago de Surco;Lima;2024-04-09;No afiliado
4498;Oihana Miranda Paz;F;1978-12-31;San Martín de Porres;Lima;2024-04-09;Bronce
4499;Elsa Rivera Padilla;F;2006-11-22;Huancayo;Junín;2024-04-09;No afiliado
4500;Lucrecia Salazar Conde;F;1977-03-17;San Juan Bautista;Loreto;2024-04-09;No afiliado
4501;Julia Villanueva Sierra;F;2000-03-03;Villa El Salvador;Lima;2024-04-10;Bronce
4502;Bartolomé Conde Paredes;M;1978-04-09;Cerro Colorado;Arequipa;2024-04-10;No afiliado
4503;ESPERANZA QUIJANO VÁSQUEZ;F;1965-09-08;Ate;Lima;2024-04-10;No afiliado
4504;Wilfredo Tejada Fuentes;M;1954-02-01;Villa El Salvador;Lima;2024-04-10;No afiliado
4505;Filiberto Vega Chávez;M;1968-07-21;José Leonardo Ortiz;Lambayeque;2024-04-10;No afiliado
4506;Ulises Ojeda Obando;M;1956-02-12;Ate;Lima;2024-04-10;Plata
4507;Bernarda Moreno García;F;1948-08-27;Comas;Lima;2024-04-10;Bronce
4508;Tobías Obando Fuentes;M;1971-12-27;San Juan de Lurigancho;Lima;2024-04-10;Bronce
4509;PASTORA MUÑIZ MONTES;F;1966-02-26;El Porvenir;La Libertad;2024-04-10;No afiliado
4510;Julio Moreno Hurtado;M;1979-12-05;La Esperanza;La Libertad;2024-04-10;No afiliado
4511;ALEJANDRO ESCALANTE PORTILLA;M;2006-06-21;Comas;Lima;2024-04-10;Bronce
4512;Bárbara Campos Maldonado;F;1984-08-01;Iquitos;Loreto;2024-04-10;Plata
4513;Alejandra Yupanqui Santos;F;1989-01-07;Piura;Piura;2024-04-10;Bronce
4514;Agustina Matías Paredes;F;1944-12-02;El Tambo;Junín;2024-04-10;Plata
4515;Samuel Santos Salgado;M;1989-07-24;San Juan de Lurigancho;Lima;2024-04-10;Bronce
4516;Soraya Galarza Velarde;F;2001-04-12;Lima;Lima;2024-04-10;Plata
4517;Álvaro Machuca Zapata;M;1984-12-23;Santiago de Surco;Lima;2024-04-10;Bronce
4518;Noelia Avendaño Del Carpio;F;2003-06-05;Lima;Lima;2024-04-10;Bronce
4519;LORENA MANRIQUE FIGUEROA;F;1984-07-04;La Esperanza;La Libertad;2024-04-10;Bronce
4520;leticia rojas aguirre;F;1969-01-13;La Victoria;Lambayeque;2024-04-10;Bronce
4521;Reme Gamarra Cruz;F;2005-08-06;José Luis Bustamante y Rivero;Arequipa;2024-04-10;No afiliado
4522;Asunción Farro Villalba;F;1998-11-12;Sapallanga;Junín;2024-04-10;Bronce
4523;Isidora Cruz Estrella;F;1989-09-01;Iquitos;Loreto;2024-04-10;Bronce
4524;SARA LUNA LOAYZA;F;1991-05-28;Cerro Colorado;Arequipa;2024-04-10;Plata
4525;EDMUNDO VALVERDE RIVERA;M;1945-05-18;San Juan Bautista;Loreto;2024-04-10;Plata
4526;ROMUALDO AVENDAÑO CAMPOS;M;1992-10-04;Los Olivos;Lima;2024-04-10;Plata
4527;Esther Portilla Cornejo;F;2001-06-25;Ate;Lima;2024-04-10;No afiliado
4528;Felicidad Trejo Zúñiga;F;1968-10-18;San Sebastián;Cusco;2024-04-10;No afiliado
4529;Paz Domínguez Escobar;F;1959-09-28;Trujillo;La Libertad;2024-04-10;No afiliado
4530;Julia Pérez Figueroa;F;2003-01-10;Chiclayo;Lambayeque;2024-04-10;No afiliado
4531;lucía delgado zambrano;F;1978-05-25;José Luis Bustamante y Rivero;Arequipa;2024-04-10;No afiliado
4532;tomasa portilla salazar;F;2006-09-07;San Juan de Lurigancho;Lima;2024-04-10;Bronce
4533;Oihana Sierra Sánchez;F;1967-07-04;San Juan Bautista;Loreto;2024-04-10;Bronce
4534;JOAQUÍN MORENO REYNA;M;1996-01-08;Cerro Colorado;Arequipa;2024-04-10;Bronce
4535;atilio ponce campos;M;2007-01-17;Monsefú;Lambayeque;2024-04-10;No afiliado
4536;claudia suárez santos;F;1958-12-26;San Juan Bautista;Loreto;2024-04-10;Bronce
4537;ROSA VILLALOBOS VÁSQUEZ;F;2003-04-23;Cerro Colorado;Arequipa;2024-04-10;No afiliado
4538;Tobías Zavala García;M;2000-04-14;Cusco;Cusco;2024-04-10;No afiliado
4539;Teodora Suárez Gallo;F;1984-10-24;Cayma;Arequipa;2024-04-10;No afiliado
4540;Emmanuel Matías Reyna;M;1999-07-19;Monsefú;Lambayeque;2024-04-10;Bronce
4541;Ceferino Santos Vargas;M;1934-05-13;Piura;Piura;2024-04-10;No afiliado
4542;violeta zambrano villalobos;F;1997-02-23;José Luis Bustamante y Rivero;Arequipa;2024-04-10;Plata
4543;gisela jara llerena;F;1982-08-30;Comas;Lima;2024-04-10;Plata
4544;samara zavala santos;F;1998-12-03;Trujillo;La Libertad;2024-04-10;No afiliado
4545;amelia llanos solano;F;1988-12-27;El Porvenir;La Libertad;2024-04-10;Plata
4546;Crispina Gálvez Villanueva;F;2007-06-03;Villa El Salvador;Lima;2024-04-11;Bronce
4547;Silvia Palacios Estrella;F;2000-09-23;Trujillo;La Libertad;2024-04-11;Bronce
4548;Sol Villalba Salazar;F;1996-08-04;San Borja;Lima;2024-04-11;Bronce
4549;Alejandro Montoya Quispe;M;1950-03-26;Poroy;Cusco;2024-04-11;No afiliado
4550;Aníbal Trujillo Cruz;M;1986-04-13;San Juan de Lurigancho;Lima;2024-04-11;No afiliado
4551;Angustias Ríos Galarza;F;1994-12-19;Huanchaco;La Libertad;2024-04-11;Plata
4552;Efraín Galarza Arce;M;1938-03-23;Paita;Piura;2024-04-11;Oro
4553;Josefa Escalante Portilla;F;1971-11-05;San Sebastián;Cusco;2024-04-11;Plata
4554;Marcelina Vidal Cruz;F;2006-10-27;Comas;Lima;2024-04-11;Plata
4555;Soraya Zambrano Portilla;F;1978-08-16;San Juan Bautista;Loreto;2024-04-11;Plata
4556;Romualdo Conde Carranza;M;1948-01-03;Pariñas;Piura;2024-04-11;Bronce
4557;Carlos Ugarte Arias;M;2002-03-12;Ate;Lima;2024-04-11;Plata
4558;Joel Aguilar Valenzuela;M;1994-07-17;Santiago;Cusco;2024-04-11;Oro
4559;Pancho Gamarra Velásquez;M;1958-12-07;La Victoria;Lambayeque;2024-04-11;No afiliado
4560;Fortunato Zúñiga Manrique;M;1972-09-05;San Sebastián;Cusco;2024-04-11;Bronce
4561;Tomasa Ugarte Matías;F;1981-12-11;Piura;Piura;2024-04-11;No afiliado
4562;Lorena Estrella Delgado;F;1997-11-24;San Juan de Lurigancho;Lima;2024-04-11;Plata
4563;Julia Valverde García;F;1973-09-07;Villa El Salvador;Lima;2024-04-11;Oro
4564;Federico Cruz Farro;M;1949-09-29;Yurimaguas;Loreto;2024-04-11;No afiliado
4565;Amparo Arango Zapata;F;1992-06-23;Cerro Colorado;Arequipa;2024-04-11;Bronce
4566;Pancho Montes Del Carpio;M;2001-12-23;Sullana;Piura;2024-04-11;Bronce
4567;Encarnación Nieto Montes;F;1983-07-11;Jesús María;Lima;2024-04-11;No afiliado
4568;Elena Paz Sanabria;F;1986-06-05;Florencia de Mora;La Libertad;2024-04-11;Oro
4569;Oihana Conde Yupanqui;F;1941-08-05;Santiago de Surco;Lima;2024-04-11;No afiliado
4570;Ulises Ordoñez Vargas;M;1951-11-06;Cerro Colorado;Arequipa;2024-04-11;Plata
4571;Remedios Escobar Pizarro;F;1981-04-25;Lima;Lima;2024-04-11;Bronce
4572;Julia Torrico Gálvez;F;1949-01-25;San Juan de Lurigancho;Lima;2024-04-11;Bronce
4573;Gracia Montes Mendoza;F;2000-01-18;Santiago;Cusco;2024-04-11;Bronce
4574;horacio valverde rivera;M;1996-10-22;San Miguel;Lima;2024-04-11;Bronce
4575;epifanio macedo chacón;M;2001-03-15;Cusco;Cusco;2024-04-11;Plata
4576;Francisco Conde González;M;1984-12-15;Poroy;Cusco;2024-04-11;Plata
4577;Dante Valle Paredes;M;2002-09-10;San Juan de Lurigancho;Lima;2024-04-11;Plata
4578;Celsa Benavides Merino;F;1955-03-22;Yurimaguas;Loreto;2024-04-11;Bronce
4579;Heriberto Cruz Ruiz;M;1977-02-13;Florencia de Mora;La Libertad;2024-04-11;Bronce
4580;Francisco Cáceres Manrique;M;1960-12-22;Trujillo;La Libertad;2024-04-11;Bronce
4581;Sabina Obando Gallo;F;1999-12-31;Yanahuara;Arequipa;2024-04-11;No afiliado
4582;Nepomuceno Trejo Maldonado;M;1945-12-17;Lambayeque;Lambayeque;2024-04-11;Plata
4583;Susana Velásquez García;F;2007-05-11;Castilla;Piura;2024-04-11;Bronce
4584;Héctor Padilla Ugarte;M;1976-11-16;San Juan Bautista;Loreto;2024-04-11;Bronce
4585;Brayan Lozano Vásquez;M;1992-12-12;San Martín de Porres;Lima;2024-04-11;Bronce
4586;aurelio salgado gálvez;M;1959-03-13;Víctor Larco Herrera;La Libertad;2024-04-11;Bronce
4587;Álvaro Miranda Valverde;M;1992-03-15;La Esperanza;La Libertad;2024-04-11;Bronce
4588;Francisco Luna Carranza;M;1987-03-28;Los Olivos;Lima;2024-04-11;Bronce
4589;Laura Cruz Torres;F;1960-06-09;San Martín de Porres;Lima;2024-04-11;No afiliado
4590;Sara Gallo Arroyo;F;2005-07-08;San Juan Bautista;Loreto;2024-04-11;Bronce
4591;asunción montes sierra;F;1965-01-07;Yurimaguas;Loreto;2024-04-12;Bronce
4592;Ubaldo Lozano Zambrano;M;1971-11-09;Paucarpata;Arequipa;2024-04-12;Bronce
4593;Darío Valle Rivera;M;1979-12-01;Huancayo;Junín;2024-04-12;Plata
4594;Victoria Zúñiga Valverde;F;2000-10-17;Ate;Lima;2024-04-12;Bronce
4595;Francisco Vidal Palomino;M;1992-11-13;Villa El Salvador;Lima;2024-04-12;Plata
4596;JESÚS ZAPATA MERINO;M;1974-05-08;La Victoria;Lambayeque;2024-04-12;Bronce
4597;Victoria Cáceres Tejada;F;1973-11-08;Los Olivos;Lima;2024-04-12;Bronce
4598;amelia cornejo gutiérrez;F;2003-08-19;San Juan de Lurigancho;Lima;2024-04-12;Bronce
4599;HERMINIA ARANGO VILLALOBOS;F;1978-12-03;San Juan Bautista;Loreto;2024-04-12;Plata
4600;Jesús Vásquez Ríos;M;1946-01-23;Trujillo;La Libertad;2024-04-12;Bronce
4601;Josefa Mendieta Aguirre;F;1983-06-17;Trujillo;La Libertad;2024-04-12;Oro
4602;Aurora Coronado Zambrano;F;2007-06-13;Cayma;Arequipa;2024-04-12;No afiliado
4603;Federico Escobar Zavala;M;1984-10-01;Socabaya;Arequipa;2024-04-12;No afiliado
4604;isidora estrella gallo;F;2003-03-16;San Juan de Lurigancho;Lima;2024-04-12;Bronce
4605;Francisco Carranza Sánchez;M;1983-11-27;Castilla;Piura;2024-04-12;Bronce
4606;Francisco Montoya Ponce;M;1980-11-02;Pueblo Libre;Lima;2024-04-12;Bronce
4607;Romualdo Domínguez Ramírez;M;2005-01-11;Piura;Piura;2024-04-12;Bronce
4608;Belén Campos Cruz;F;1984-03-24;El Tambo;Junín;2024-04-12;No afiliado
4609;Dorotea Chambi Del Carpio;F;1969-02-17;San Isidro;Lima;2024-04-12;Plata
4610;Carlos Zambrano Sánchez;M;1984-08-16;San Juan Bautista;Loreto;2024-04-12;Bronce
4611;Jesús Velásquez Arce;M;1952-08-29;Punchana;Loreto;2024-04-12;Bronce
4612;Eugenia Solano Trujillo;F;1970-09-08;José Luis Bustamante y Rivero;Arequipa;2024-04-12;Bronce
4613;Arturo Llerena Trejo;M;1961-10-15;Sullana;Piura;2024-04-12;No afiliado
4614;Belén Rojas Muñiz;F;1991-09-10;Veintiséis de Octubre;Piura;2024-04-12;No afiliado
4615;Onésimo Chávez Merino;M;1956-02-27;Cerro Colorado;Arequipa;2024-04-12;Bronce
4616;Lorena Escobar Bravo;F;1982-03-04;Yurimaguas;Loreto;2024-04-12;No afiliado
4617;Teresa Moreno Maldonado;F;1930-02-13;La Esperanza;La Libertad;2024-04-12;Bronce
4618;AINHOA SOLANO SÁNCHEZ;F;1995-11-29;Paucarpata;Arequipa;2024-04-12;Plata
4619;Orestes Martínez Villalobos;M;1945-12-20;San Jerónimo;Cusco;2024-04-12;No afiliado
4620;Serafín Tejada Sánchez;M;1986-11-28;Cusco;Cusco;2024-04-12;Bronce
4621;Estefanía Sanabria Suárez;F;2005-11-12;Cerro Colorado;Arequipa;2024-04-12;No afiliado
4622;Fabián Martínez Solano;M;1970-03-17;Santiago de Surco;Lima;2024-04-12;No afiliado
4623;María Mendieta Chávez;F;2004-05-26;Ate;Lima;2024-04-12;Oro
4624;Estela Zambrano Montes;F;1994-06-20;Cerro Colorado;Arequipa;2024-04-12;No afiliado
4625;felicidad reyna montes;F;1949-04-19;San Juan de Lurigancho;Lima;2024-04-12;No afiliado
4626;ANGUSTIAS VARGAS VILLAFUERTE;F;1998-10-15;Requena;Loreto;2024-04-12;Oro
4627;Gonzalo Jiménez Reyna;M;1958-11-07;San Juan de Lurigancho;Lima;2024-04-12;No afiliado
4628;Lucas Calderón Villalobos;M;1982-05-12;Iquitos;Loreto;2024-04-12;Bronce
4629;Pablo Araujo García;M;1971-09-30;Pariñas;Piura;2024-04-12;No afiliado
4630;Dolores Cruz Luna;F;2000-10-18;Yurimaguas;Loreto;2024-04-12;Bronce
4631;Ricardo Sánchez Avendaño;M;1996-05-18;Castilla;Piura;2024-04-12;Bronce
4632;Filiberto Tejada Rojas;M;1996-08-20;Wanchaq;Cusco;2024-04-12;No afiliado
4633;Fátima López Tejada;F;2000-09-24;El Tambo;Junín;2024-04-12;Plata
4634;balbina benites velásquez;F;1958-12-17;Huancán;Junín;2024-04-12;Plata
4635;camilo garcía jiménez;M;1980-06-14;San Juan de Lurigancho;Lima;2024-04-12;Bronce
4636;Trinidad Zambrano Macedo;F;1960-10-13;Pimentel;Lambayeque;2024-04-13;Bronce
4637;Raquel Chávez Gómez;F;1967-01-02;Trujillo;La Libertad;2024-04-13;Bronce
4638;Esteban Campos Delgado;M;2000-11-18;Santiago;Cusco;2024-04-13;No afiliado
4639;agustín villafuerte velásquez;M;1997-08-10;El Porvenir;La Libertad;2024-04-13;No afiliado
4640;julio zeballos gallo;M;2003-12-23;Yanahuara;Arequipa;2024-04-13;Bronce
4641;Alcides Requejo Salgado;M;1946-11-18;El Porvenir;La Libertad;2024-04-13;Plata
4642;Blanca Escobar García;F;1990-07-27;San Juan de Lurigancho;Lima;2024-04-13;Plata
4643;aniceto chávez rosales;M;1986-10-28;Trujillo;La Libertad;2024-04-13;No afiliado
4644;Sofía Cruz Ortega;F;1986-05-23;Ate;Lima;2024-04-13;Bronce
4645;Enrique Chávez Campos;M;1957-04-08;La Esperanza;La Libertad;2024-04-13;Bronce
4646;Bartolomé Ponce Campos;M;1933-08-23;Ate;Lima;2024-04-13;No afiliado
4647;Isidora Llerena Ramírez;F;1996-06-22;La Esperanza;La Libertad;2024-04-13;No afiliado
4648;alejandrina velásquez garcía;F;1995-11-07;Ate;Lima;2024-04-13;No afiliado
4649;Guillermo Serna Domínguez;M;1976-08-27;Monsefú;Lambayeque;2024-04-13;Bronce
4650;Nerea Villafuerte Cruz;F;2002-05-03;San Martín de Porres;Lima;2024-04-13;No afiliado
4651;Federico Solano Rivera;M;1975-10-31;San Martín de Porres;Lima;2024-04-13;Plata
4652;Benjamín Valle Vilca;M;1951-06-18;Veintiséis de Octubre;Piura;2024-04-13;No afiliado
4653;angustias sánchez rojas;F;1935-06-15;San Martín de Porres;Lima;2024-04-13;Bronce
4654;Ursula Avendaño Rocha;F;1961-01-01;Yurimaguas;Loreto;2024-04-13;Bronce
4655;Rubén Calderón Figueroa;M;1986-12-31;Trujillo;La Libertad;2024-04-13;Oro
4656;Nicéforo Valverde Rojas;M;1963-10-15;Nauta;Loreto;2024-04-13;Bronce
4657;Héctor Aguirre Obando;M;1982-06-05;Trujillo;La Libertad;2024-04-13;Bronce
4658;francisco allcca palacios;M;2000-12-20;Chiclayo;Lambayeque;2024-04-13;Bronce
4659;Raúl Chávez Ponce;M;1948-02-29;Socabaya;Arequipa;2024-04-13;Plata
4660;fidela garcía llerena;F;1979-04-07;San Martín de Porres;Lima;2024-04-13;Plata
4661;Carmen Villafuerte García;F;1963-02-09;Cusco;Cusco;2024-04-13;Bronce
4662;Aurora Miranda Chávez;F;1983-02-16;Trujillo;La Libertad;2024-04-13;No afiliado
4663;Salustiano Farro Pizarro;M;1983-07-05;Pariñas;Piura;2024-04-13;Bronce
4664;Héctor Sánchez Delgado;M;1996-05-06;Iquitos;Loreto;2024-04-13;Bronce
4665;MARCIANO JIMÉNEZ GALLO;M;1966-11-15;Comas;Lima;2024-04-13;Bronce
4666;aurora muñoz valle;F;2002-07-15;Chiclayo;Lambayeque;2024-04-13;Bronce
4667;Álvaro Villalba Hurtado;M;1980-04-22;Cusco;Cusco;2024-04-13;Bronce
4668;Prudencia Gallo Delgado;F;1985-05-02;Lima;Lima;2024-04-13;No afiliado
4669;Alba Cabello Jara;F;1992-07-31;Socabaya;Arequipa;2024-04-13;Bronce
4670;Celia Tejada Llerena;F;2007-09-23;Paita;Piura;2024-04-13;Bronce
4671;Isaac Delgado Arango;M;1984-09-07;Pimentel;Lambayeque;2024-04-13;Oro
4672;Nicéforo Bello Villafuerte;M;1961-10-04;San Martín de Porres;Lima;2024-04-13;No afiliado
4673;Felipe Vásquez Sánchez;M;1995-08-19;Piura;Piura;2024-04-13;Plata
4674;ELISA CHÁVEZ VILLANUEVA;F;2004-03-28;San Juan de Lurigancho;Lima;2024-04-13;No afiliado
4675;Remedios Tejada Vásquez;F;1986-02-18;José Luis Bustamante y Rivero;Arequipa;2024-04-13;Oro
4676;Catalina Reyna Campos;F;1953-06-29;Piura;Piura;2024-04-13;Plata
4677;agustín domínguez quispe;M;2005-12-12;Trujillo;La Libertad;2024-04-13;Bronce
4678;Darío Sanabria Vilca;M;1998-08-10;Santiago;Cusco;2024-04-13;Bronce
4679;Néstor Santos Sánchez;M;2004-08-06;Huancayo;Junín;2024-04-13;Bronce
4680;anabel merino palacios;F;1986-06-28;Comas;Lima;2024-04-13;No afiliado
4681;EUFEMIA GARCÍA SALAZAR;F;1974-07-16;Santiago de Surco;Lima;2024-04-14;No afiliado
4682;Matías Bello Jara;M;1984-12-01;Santiago de Surco;Lima;2024-04-14;Bronce
4683;TEODOSIA RUIZ SANABRIA;F;1993-07-21;Catacaos;Piura;2024-04-14;Plata
4684;Filomena Carranza García;F;1981-07-11;Paita;Piura;2024-04-14;Bronce
4685;Sergio Palacios Montalvo;M;1977-06-30;Ate;Lima;2024-04-14;Bronce
4686;Paz Aguirre Chávez;F;1978-05-28;Víctor Larco Herrera;La Libertad;2024-04-14;Bronce
4687;Verónica Salgado Delgado;F;1986-09-11;San Martín de Porres;Lima;2024-04-14;Plata
4688;claudia villafuerte padilla;F;1952-11-09;San Juan de Lurigancho;Lima;2024-04-14;Bronce
4689;Verónica Tejada Avendaño;F;1958-08-30;Cerro Colorado;Arequipa;2024-04-14;Bronce
4690;Justo Ramírez Matías;M;2004-03-09;Ate;Lima;2024-04-14;Bronce
4691;AURELIANO VILCA VARGAS;M;1985-05-30;Villa El Salvador;Lima;2024-04-14;Plata
4692;Elena Chávez Llerena;F;1980-04-06;Los Olivos;Lima;2024-04-14;Bronce
4693;Anastasia Vargas Maldonado;F;1980-03-18;La Esperanza;La Libertad;2024-04-14;Oro
4694;clodomiro garcía portilla;M;1951-01-21;Huancayo;Junín;2024-04-14;No afiliado
4695;sara pizarro rivera;F;1983-09-03;San Martín de Porres;Lima;2024-04-14;Bronce
4696;lucio rivera pacheco;M;2004-09-11;Villa El Salvador;Lima;2024-04-14;Oro
4697;Sergio Lozano Tejada;M;1994-11-05;Piura;Piura;2024-04-14;Oro
4698;Ventura Medina Ramírez;M;2003-10-23;Castilla;Piura;2024-04-14;Bronce
4699;Alejandrina Reyna Cáceres;F;1985-01-30;Chiclayo;Lambayeque;2024-04-14;Bronce
4700;Julia Domínguez Vargas;F;1965-05-05;San Jerónimo;Cusco;2024-04-14;Bronce
4701;fátima ortega guerrero;F;1970-12-18;El Tambo;Junín;2024-04-14;No afiliado
4702;Atanasio Sánchez Serna;M;1957-12-16;San Martín de Porres;Lima;2024-04-14;Bronce
4703;Aurora Aguirre Tejada;F;1970-02-21;La Esperanza;La Libertad;2024-04-14;Bronce
4704;Ventura Gálvez Conde;M;1958-08-30;El Porvenir;La Libertad;2024-04-14;No afiliado
4705;elisa delgado carranza;F;1995-04-19;José Luis Bustamante y Rivero;Arequipa;2024-04-14;No afiliado
4706;Joaquín García Valenzuela;M;1950-09-23;San Juan de Lurigancho;Lima;2024-04-14;Bronce
4707;sara vásquez padilla;F;2007-02-18;El Tambo;Junín;2024-04-14;No afiliado
4708;Ursula Domínguez Torres;F;1992-08-26;Cusco;Cusco;2024-04-14;No afiliado
4709;Crispina Paredes Matías;F;1957-12-11;Los Olivos;Lima;2024-04-14;Plata
4710;Raquel Aguirre Portilla;F;1990-11-09;San Martín de Porres;Lima;2024-04-14;Bronce
4711;Anastasio Muñiz Rojas;M;1958-11-30;Trujillo;La Libertad;2024-04-14;No afiliado
4712;Esteban Machuca Torres;M;1967-03-22;Lambayeque;Lambayeque;2024-04-14;Bronce
4713;Rosa Domínguez Chávez;F;1987-05-28;Belén;Loreto;2024-04-14;Plata
4714;Sinforoso Campos Pacheco;M;1956-07-01;Socabaya;Arequipa;2024-04-14;Plata
4715;rafaela meneses arias;F;1985-10-09;Paucarpata;Arequipa;2024-04-14;Bronce
4716;Pedro Sánchez Zúñiga;M;1977-05-25;Cusco;Cusco;2024-04-14;Plata
4717;Salud Santos Coronado;F;1989-08-03;San Juan Bautista;Loreto;2024-04-14;Bronce
4718;Celso Torres Gallo;M;1993-11-02;Cerro Colorado;Arequipa;2024-04-14;Plata
4719;efraín pizarro valenzuela;M;1994-01-16;Ate;Lima;2024-04-14;Bronce
4720;Angustias Allcca Tello;F;1979-02-23;Comas;Lima;2024-04-14;No afiliado
4721;Anastasio Vásquez Villafuerte;M;1989-03-01;San Sebastián;Cusco;2024-04-14;Bronce
4722;Gracia Cornejo Bravo;F;1982-03-21;Sullana;Piura;2024-04-14;Oro
4723;Néstor Valenzuela Valenzuela;M;1981-06-01;Iquitos;Loreto;2024-04-14;No afiliado
4724;Lorena Chávez Escobar;F;1994-08-03;San Martín de Porres;Lima;2024-04-14;No afiliado
4725;Francisco Vega Ugarte;M;2002-01-16;Villa El Salvador;Lima;2024-04-14;No afiliado
4726;asunción reyna acuña;F;1994-05-27;Piura;Piura;2024-04-15;Bronce
4727;emilia hurtado cruz;F;1967-06-29;Cusco;Cusco;2024-04-15;No afiliado
4728;Rodolfo Reyna Torres;M;1976-11-24;La Esperanza;La Libertad;2024-04-15;No afiliado
4729;Ángel Sanabria Chávez;M;2001-04-11;Sullana;Piura;2024-04-15;Bronce
4730;Alonso Palacios Rosales;M;2004-10-14;José Luis Bustamante y Rivero;Arequipa;2024-04-15;Bronce
4731;Tobías Conde Carranza;M;2003-05-28;Trujillo;La Libertad;2024-04-15;Plata
4732;Fátima Domínguez Carranza;F;1977-07-15;Paita;Piura;2024-04-15;Bronce
4733;Eva Gálvez Reyna;F;1991-10-09;Cerro Colorado;Arequipa;2024-04-15;No afiliado
4734;Salud Arroyo Martínez;F;1999-03-19;Ate;Lima;2024-04-15;No afiliado
4735;Rafaela Arango Trujillo;F;1981-01-09;Chilca;Junín;2024-04-15;Plata
4736;Josefa Zapata Velásquez;F;1954-09-26;El Porvenir;La Libertad;2024-04-15;No afiliado
4737;Francisco Llerena Dávila;M;1994-12-05;Trujillo;La Libertad;2024-04-15;Plata
4738;PRUDENCIA REYNA AGUILAR;F;1995-07-16;Nauta;Loreto;2024-04-15;No afiliado
4739;Héctor Villegas Navarrete;M;1960-12-18;Castilla;Piura;2024-04-15;Plata
4740;Amelia Rivera Bravo;F;1977-05-04;San Martín de Porres;Lima;2024-04-15;No afiliado
4741;Fidel Jiménez Rojas;M;1951-02-25;Villa El Salvador;Lima;2024-04-15;Bronce
4742;Lorena Martínez Gálvez;F;1977-11-21;San Miguel;Lima;2024-04-15;Plata
4743;Lorena García Arce;F;1970-11-05;Huancán;Junín;2024-04-15;No afiliado
4744;Anastasio Gamarra Lozano;M;1995-12-21;Belén;Loreto;2024-04-15;Bronce
4745;Victoria Zambrano Fuentes;F;1995-05-16;Cayma;Arequipa;2024-04-15;Bronce
4746;Aarón Solano Villanueva;M;2000-07-24;San Juan de Lurigancho;Lima;2024-04-15;Bronce
4747;erasmo chávez machuca;M;1985-02-26;Comas;Lima;2024-04-15;Bronce
4748;ALEJANDRA CRUZ RÍOS;F;1945-12-22;Ate;Lima;2024-04-15;Oro
4749;albina bravo aguilar;F;1947-03-31;Pariñas;Piura;2024-04-15;Bronce
4750;José Campos Peralta;M;2005-06-22;Castilla;Piura;2024-04-15;Bronce
4751;lucrecia velásquez muñiz;F;1995-03-30;Ate;Lima;2024-04-15;Oro
4752;Remedios Cruz Guerrero;F;1986-11-22;Socabaya;Arequipa;2024-04-15;No afiliado
4753;Josefa Chávez Velásquez;F;1980-07-29;Paita;Piura;2024-04-15;Bronce
4754;Faustino Vargas Serna;M;1996-11-15;Ate;Lima;2024-04-15;No afiliado
4755;Julia Carranza Merino;F;2004-12-01;Socabaya;Arequipa;2024-04-15;No afiliado
4756;Remedios Pacheco Rivera;F;1968-06-07;La Esperanza;La Libertad;2024-04-15;Bronce
4757;Hugo Chávez Ojeda;M;1967-12-03;San Jerónimo;Cusco;2024-04-15;No afiliado
4758;Martina Padilla Escobar;F;2004-02-17;San Juan de Lurigancho;Lima;2024-04-15;Bronce
4759;Clara Domínguez Padilla;F;1977-06-17;Arequipa;Arequipa;2024-04-15;No afiliado
4760;Eustaquio Gálvez Ríos;M;1971-08-07;Florencia de Mora;La Libertad;2024-04-15;No afiliado
4761;Victoria Soto Valenzuela;F;1958-12-28;Villa El Salvador;Lima;2024-04-15;Bronce
4762;Angustias Chávez Fuentes;F;1959-05-20;San Juan Bautista;Loreto;2024-04-15;Bronce
4763;josé reyna farro;M;1996-04-09;Chiclayo;Lambayeque;2024-04-15;Bronce
4764;Margarita Campos Villalba;F;1994-12-24;El Porvenir;La Libertad;2024-04-15;Bronce
4765;Vicenta Dávila Llanos;F;1971-04-06;Veintiséis de Octubre;Piura;2024-04-15;No afiliado
4766;Roberto Valenzuela Gamarra;M;1997-09-28;Santiago de Surco;Lima;2024-04-15;Bronce
4767;Trinidad Campos Guerrero;F;1978-02-13;San Juan de Lurigancho;Lima;2024-04-15;Oro
4768;Albina Velásquez Llerena;F;1978-08-30;José Luis Bustamante y Rivero;Arequipa;2024-04-15;No afiliado
4769;Heriberto Pizarro Chávez;M;1984-07-07;San Juan Bautista;Loreto;2024-04-15;No afiliado
4770;CASIMIRO RIVERA ARIAS;M;1955-07-21;Socabaya;Arequipa;2024-04-15;No afiliado
4771;Faustino Bravo Villafuerte;M;1982-06-23;San Juan Bautista;Loreto;2024-04-16;Bronce
4772;Maximiliano Zambrano Avendaño;M;1999-11-05;Santiago;Cusco;2024-04-16;Bronce
4773;Paulina Rojas Villafuerte;F;1959-10-05;Ate;Lima;2024-04-16;Bronce
4774;Roberto Yupanqui Maldonado;M;1982-12-26;Florencia de Mora;La Libertad;2024-04-16;Plata
4775;Trinidad Cruz Araujo;F;1980-04-16;Cerro Colorado;Arequipa;2024-04-16;No afiliado
4776;Alcides Tejada Ponce;M;1979-03-08;El Porvenir;La Libertad;2024-04-16;Bronce
4777;Salustiano Ugarte Chávez;M;1985-02-04;Chiclayo;Lambayeque;2024-04-16;Bronce
4778;leocadia santos matías;F;1992-03-24;Ate;Lima;2024-04-16;Bronce
4779;trinidad valenzuela aguilar;F;1950-12-07;Yanahuara;Arequipa;2024-04-16;No afiliado
4780;Ventura Montes Mejía;M;1995-10-30;San Juan Bautista;Loreto;2024-04-16;Bronce
4781;Marciano Zapata Araujo;M;2000-04-16;Comas;Lima;2024-04-16;No afiliado
4782;Martina Rivera Bravo;F;1942-09-30;Jesús María;Lima;2024-04-16;Bronce
4783;Herminio Portilla Lozano;M;1990-05-09;Cerro Colorado;Arequipa;2024-04-16;Bronce
4784;balbina reyna chambi;F;1974-12-24;Cusco;Cusco;2024-04-16;Bronce
4785;Aarón Villalba Mejía;M;1999-02-19;San Juan de Lurigancho;Lima;2024-04-16;Bronce
4786;Laura Serna Zúñiga;F;2003-10-04;Chiclayo;Lambayeque;2024-04-16;Plata
4787;AARÓN DOMÍNGUEZ TREJO;M;2002-01-31;Yurimaguas;Loreto;2024-04-16;No afiliado
4788;Josefa Cruz Yañez;F;1967-10-03;Trujillo;La Libertad;2024-04-16;Plata
4789;Onésimo Torrico Portilla;M;1958-09-22;Comas;Lima;2024-04-16;No afiliado
4790;César Cruz Zambrano;M;1988-01-19;Comas;Lima;2024-04-16;Bronce
4791;Clodomiro Villalobos Galarza;M;1952-03-31;San Jerónimo;Cusco;2024-04-16;No afiliado
4792;Fabián Suárez Galarza;M;2000-02-10;Cusco;Cusco;2024-04-16;Oro
4793;Eloísa Escobar Villafuerte;F;1968-06-09;Ate;Lima;2024-04-16;Plata
4794;Nerea Torres Conde;F;1995-07-16;Los Olivos;Lima;2024-04-16;No afiliado
4795;Gustavo Montes Cáceres;M;1995-07-01;Chiclayo;Lambayeque;2024-04-16;No afiliado
4796;romualdo quispe salgado;M;1932-05-31;Chiclayo;Lambayeque;2024-04-16;Bronce
4797;celia escobar zambrano;F;2005-07-09;San Martín de Porres;Lima;2024-04-16;No afiliado
4798;Elisa Rivera Cruz;F;1960-07-27;San Juan de Lurigancho;Lima;2024-04-16;Bronce
4799;Homero Delgado Arango;M;1991-07-08;Huanchaco;La Libertad;2024-04-16;Plata
4800;Fortunato Palacios Pacheco;M;1995-02-28;San Martín de Porres;Lima;2024-04-16;No afiliado
4801;Aniceto García Arias;M;1994-06-26;San Juan de Lurigancho;Lima;2024-04-16;Bronce
4802;Lourdes García Miranda;F;1983-10-16;Paucarpata;Arequipa;2024-04-16;Bronce
4803;Erik Gallo Santos;M;1993-04-18;Víctor Larco Herrera;La Libertad;2024-04-16;No afiliado
4804;rubén maldonado farro;M;1952-11-22;Piura;Piura;2024-04-16;No afiliado
4805;HERMINIA SÁNCHEZ LÓPEZ;F;2006-09-20;Villa El Salvador;Lima;2024-04-16;Bronce
4806;ursula ríos gallo;F;1999-04-11;Paucarpata;Arequipa;2024-04-16;No afiliado
4807;Alejandro Portilla Zeballos;M;1989-09-23;Belén;Loreto;2024-04-16;Bronce
4808;Laura Cruz Vásquez;F;1977-08-03;Castilla;Piura;2024-04-16;No afiliado
4809;Teodosia Avendaño Vásquez;F;1974-05-27;San Martín de Porres;Lima;2024-04-16;Plata
4810;Darío Bustos Salgado;M;1955-10-01;Trujillo;La Libertad;2024-04-16;Oro
4811;martín vásquez chávez;M;1989-12-25;Ate;Lima;2024-04-16;Bronce
4812;AVELINO PÉREZ JIMÉNEZ;M;1959-08-16;Piura;Piura;2024-04-16;Oro
4813;Emmanuel Cáceres Ponce;M;1956-06-18;La Esperanza;La Libertad;2024-04-16;Oro
4814;Salustiano Montoya Gálvez;M;1994-08-17;Pariñas;Piura;2024-04-16;Plata
4815;EMILIO ARIAS VILLALOBOS;M;1974-02-16;Cerro Colorado;Arequipa;2024-04-16;No afiliado
4816;Josefa Palacios Yañez;F;2007-12-27;Trujillo;La Libertad;2024-04-17;No afiliado
4817;Aarón Yañez Arroyo;M;2003-08-01;Trujillo;La Libertad;2024-04-17;No afiliado
4818;Amparo Tejada Chambi;F;1973-11-14;La Esperanza;La Libertad;2024-04-17;Bronce
4819;Oihana Santos Peralta;F;1994-09-20;Nauta;Loreto;2024-04-17;No afiliado
4820;Amparo Gálvez Villalobos;F;2007-07-25;Ate;Lima;2024-04-17;Plata
4821;PATRICIA DOMÍNGUEZ SOLANO;F;1948-09-17;Comas;Lima;2024-04-17;No afiliado
4822;Héctor Chávez Campos;M;1993-06-18;Veintiséis de Octubre;Piura;2024-04-17;No afiliado
4823;clodomiro montes padilla;M;2001-02-14;San Juan Bautista;Loreto;2024-04-17;No afiliado
4824;darío rocha reyna;M;1970-03-19;El Tambo;Junín;2024-04-17;Bronce
4825;Encarnación Vargas García;F;1962-05-27;Los Olivos;Lima;2024-04-17;Bronce
4826;olegario serna reyna;M;2006-09-07;El Porvenir;La Libertad;2024-04-17;Bronce
4827;Héctor Pacheco Cruz;M;1987-07-18;Trujillo;La Libertad;2024-04-17;Bronce
4828;FIDELA MATÍAS BUSTOS;F;1999-07-09;Pimentel;Lambayeque;2024-04-17;No afiliado
4829;Ventura Portilla Aguirre;M;1995-01-20;San Martín de Porres;Lima;2024-04-17;No afiliado
4830;Marciano Jiménez Gallo;M;1978-12-02;San Juan de Lurigancho;Lima;2024-04-17;No afiliado
4831;Filomena Arce Ponce;F;1977-08-12;Catacaos;Piura;2024-04-17;Oro
4832;Lorena Domínguez Pizarro;F;1968-05-19;Ate;Lima;2024-04-17;Plata
4833;ALFONSO PIZARRO ESTRELLA;M;1985-06-24;Yanahuara;Arequipa;2024-04-17;No afiliado
4834;gisela manrique sánchez;F;2002-05-25;Huanchaco;La Libertad;2024-04-17;No afiliado
4835;CLARA GARCÍA MARTÍNEZ;F;1958-11-29;Castilla;Piura;2024-04-17;Oro
4836;Aarón Campos Aguilar;M;1967-06-22;Ate;Lima;2024-04-17;Bronce
4837;EUFEMIA PAREDES ROSALES;F;2007-12-21;Pimentel;Lambayeque;2024-04-17;Plata
4838;Jacobo Macedo Rivera;M;1981-02-15;Veintiséis de Octubre;Piura;2024-04-17;No afiliado
4839;Leandro Valenzuela Medina;M;1978-04-22;Wanchaq;Cusco;2024-04-17;Bronce
4840;Arantxa Arroyo Trejo;F;2004-09-26;Trujillo;La Libertad;2024-04-17;Bronce
4841;javier benites montes;M;1994-12-29;San Juan de Lurigancho;Lima;2024-04-17;No afiliado
4842;Trinidad Calderón Gálvez;F;1975-08-15;Paucarpata;Arequipa;2024-04-17;No afiliado
4843;Abel Villafuerte Farro;M;1960-11-14;San Martín de Porres;Lima;2024-04-17;No afiliado
4844;Reme Pacheco Vásquez;F;1967-07-16;Pariñas;Piura;2024-04-17;Oro
4845;Abel Torres Maldonado;M;2004-06-11;Santiago de Surco;Lima;2024-04-17;No afiliado
4846;Emilia Araujo Reyna;F;1993-12-25;San Juan de Lurigancho;Lima;2024-04-17;Oro
4847;Emmanuel Maldonado Reyna;M;2002-10-18;Iquitos;Loreto;2024-04-17;Oro
4848;Olga Valenzuela Rodríguez;F;1996-03-20;San Juan Bautista;Loreto;2024-04-17;No afiliado
4849;Amparo Matías Sánchez;F;1987-10-06;Piura;Piura;2024-04-17;No afiliado
4850;Lorena Reyna Cruz;F;1934-07-22;Pimentel;Lambayeque;2024-04-17;No afiliado
4851;ursula zúñiga matías;F;1999-08-25;San Sebastián;Cusco;2024-04-17;Oro
4852;Encarnación Zapata Rivera;F;1985-03-10;San Juan de Lurigancho;Lima;2024-04-17;Bronce
4853;Verónica Chávez Palacios;F;2007-02-16;Punchana;Loreto;2024-04-17;Bronce
4854;Camilo Nieto Merino;M;2003-01-23;José Luis Bustamante y Rivero;Arequipa;2024-04-17;Plata
4855;Dante Chávez Rojas;M;2006-08-06;El Porvenir;La Libertad;2024-04-17;No afiliado
4856;Ventura Aguirre Santos;M;1936-10-19;Veintiséis de Octubre;Piura;2024-04-17;No afiliado
4857;Alcides Benavides Velásquez;M;1952-02-29;Belén;Loreto;2024-04-17;Bronce
4858;EUSTAQUIO SANABRIA VILLALBA;M;1969-11-16;San Martín de Porres;Lima;2024-04-17;No afiliado
4859;Jacobo Amaya Matías;M;1954-10-10;Castilla;Piura;2024-04-17;Oro
4860;Pastora Vásquez Padilla;F;1989-01-01;Paucarpata;Arequipa;2024-04-17;Bronce
4861;Restituto Rocha Quijano;M;2007-08-27;Punchana;Loreto;2024-04-18;Plata
4862;Catalina Chávez Bravo;F;1976-11-24;Trujillo;La Libertad;2024-04-18;No afiliado
4863;EUFEMIA DOMÍNGUEZ TEJADA;F;1987-09-17;Paucarpata;Arequipa;2024-04-18;No afiliado
4864;ERASMO VILLALBA UGARTE;M;1966-03-28;Piura;Piura;2024-04-18;No afiliado
4865;MARISOL VILLALOBOS VELÁSQUEZ;F;1958-03-22;Santiago de Surco;Lima;2024-04-18;Bronce
4866;fortunato zúñiga zeballos;M;1996-04-23;Belén;Loreto;2024-04-18;No afiliado
4867;Francisca Cruz Vargas;F;1992-07-17;Paita;Piura;2024-04-18;Bronce
4868;Violeta Quispe Serna;F;2007-07-03;Cerro Colorado;Arequipa;2024-04-18;Bronce
4869;Eufemia Ugarte Valenzuela;F;1999-08-21;Paucarpata;Arequipa;2024-04-18;No afiliado
4870;Gisela Montes Trujillo;F;1980-07-30;San Juan de Lurigancho;Lima;2024-04-18;Bronce
4871;Brayan Chávez Arroyo;M;2002-02-20;Cerro Colorado;Arequipa;2024-04-18;No afiliado
4872;Joaquín Miranda Zapata;M;1925-11-03;La Esperanza;La Libertad;2024-04-18;No afiliado
4873;Emilia Vega Alvarado;F;1981-06-06;Arequipa;Arequipa;2024-04-18;Bronce
4874;FILEMÓN MANRIQUE ARANGO;M;1996-10-16;San Juan Bautista;Loreto;2024-04-18;Bronce
4875;Olivia Farro Velásquez;F;2000-10-23;Veintiséis de Octubre;Piura;2024-04-18;Bronce
4876;Herminia Farro Trejo;F;1996-12-04;Iquitos;Loreto;2024-04-18;Bronce
4877;AURELIANO FIGUEROA JIMÉNEZ;M;2006-06-27;Pilcomayo;Junín;2024-04-18;No afiliado
4878;Casimiro Sanabria Torres;M;1955-06-07;Paucarpata;Arequipa;2024-04-18;Bronce
4879;Emmanuel Serna Requejo;M;2005-07-13;Veintiséis de Octubre;Piura;2024-04-18;Oro
4880;Ulises Valenzuela Gallo;M;1958-05-10;Arequipa;Arequipa;2024-04-18;No afiliado
4881;José Vilca Medina;M;1978-08-15;Ate;Lima;2024-04-18;No afiliado
4882;Laura Paredes Valverde;F;1990-05-03;Los Olivos;Lima;2024-04-18;Oro
4883;Claudia Quijano Macedo;F;2003-12-22;Ate;Lima;2024-04-18;Plata
4884;Maximiliano Arce Mendoza;M;1979-06-26;Nauta;Loreto;2024-04-18;Bronce
4885;Aarón Gálvez Soto;M;1999-01-10;San Juan de Lurigancho;Lima;2024-04-18;No afiliado
4886;JAVIER SÁNCHEZ LUNA;M;1975-03-29;Cayma;Arequipa;2024-04-18;Plata
4887;PANCHO ROJAS PACHECO;M;1949-04-18;Punchana;Loreto;2024-04-18;No afiliado
4888;Federico Zavala Navarrete;M;1986-03-03;San Sebastián;Cusco;2024-04-18;No afiliado
4889;Sol Valverde Villafuerte;F;1988-10-01;Trujillo;La Libertad;2024-04-18;Oro
4890;Eustaquio Sanabria González;M;1946-10-16;Belén;Loreto;2024-04-18;Plata
4891;Pedro Benavides Benavides;M;2001-01-28;Comas;Lima;2024-04-18;Plata
4892;RUBÉN RIVEROS GÁLVEZ;M;1965-02-02;San Juan Bautista;Loreto;2024-04-18;Bronce
4893;Remedios Bello Reyna;F;1996-01-05;San Juan de Lurigancho;Lima;2024-04-18;Bronce
4894;SALVADOR TEJADA MUÑOZ;M;1989-12-03;Lima;Lima;2024-04-18;Bronce
4895;AZUCENA ROJAS REYNA;F;1980-09-19;El Porvenir;La Libertad;2024-04-18;No afiliado
4896;Celeste Matías Tejada;F;2005-10-19;San Miguel;Lima;2024-04-18;Bronce
4897;Esteban Zambrano Valle;M;2003-05-17;Paita;Piura;2024-04-18;No afiliado
4898;Romana Ordóñez Gutiérrez;F;1963-07-02;Lambayeque;Lambayeque;2024-04-18;Bronce
4899;Ariadna Ponce Soto;F;1982-07-24;San Juan de Lurigancho;Lima;2024-04-18;Plata
4900;Martina Avendaño Delgado;F;1983-01-18;Iquitos;Loreto;2024-04-18;Plata
4901;ROMUALDO CRUZ DEL CARPIO;M;1980-09-18;San Juan Bautista;Loreto;2024-04-18;No afiliado
4902;Jacobo Galarza Trujillo;M;2001-10-11;San Juan de Lurigancho;Lima;2024-04-18;Bronce
4903;Natalia Tejada Tejada;F;1949-01-12;Paita;Piura;2024-04-18;No afiliado
4904;teodosia cabello sánchez;F;2004-08-31;Socabaya;Arequipa;2024-04-18;Bronce
4905;Pedro Vásquez Trejo;M;2001-12-18;San Jerónimo;Cusco;2024-04-18;Bronce
4906;Nepomuceno Cabello Trujillo;M;1986-12-14;José Luis Bustamante y Rivero;Arequipa;2024-04-19;Bronce
4907;Rafael Mora Galarza;M;1985-05-15;Cayma;Arequipa;2024-04-19;Bronce
4908;AMPARO CHAMBI ZÚÑIGA;F;1976-12-24;Paita;Piura;2024-04-19;No afiliado
4909;alejandrina zavala amaya;F;1953-03-06;San Juan de Lurigancho;Lima;2024-04-19;Plata
4910;eufemia yañez maldonado;F;1998-08-24;Chiclayo;Lambayeque;2024-04-19;Plata
4911;María Villafuerte Villafuerte;F;2004-03-10;Veintiséis de Octubre;Piura;2024-04-19;Bronce
4912;Mercedes Escobar Santos;F;2002-02-10;Trujillo;La Libertad;2024-04-19;No afiliado
4913;LETICIA TEJADA DEL CARPIO;F;1997-10-15;San Juan de Lurigancho;Lima;2024-04-19;No afiliado
4914;URSULA VELÁSQUEZ SALGADO;F;1951-12-21;Belén;Loreto;2024-04-19;Bronce
4915;ADRIÁN GALARZA GÓMEZ;M;1948-10-17;Villa El Salvador;Lima;2024-04-19;No afiliado
4916;oihane valverde cruz;F;2004-02-16;Trujillo;La Libertad;2024-04-19;No afiliado
4917;MARCIANO VILLAFUERTE MONTES;M;1969-09-08;El Porvenir;La Libertad;2024-04-19;Bronce
4918;Remedios Villalba Moreno;F;1995-05-07;El Tambo;Junín;2024-04-19;No afiliado
4919;Pilar Cruz Rosales;F;1996-11-07;Socabaya;Arequipa;2024-04-19;No afiliado
4920;Luis Paredes Cáceres;M;1974-11-12;La Esperanza;La Libertad;2024-04-19;No afiliado
4921;Bautista Riveros Arroyo;M;1956-07-12;San Sebastián;Cusco;2024-04-19;Bronce
4922;Eustaquio Mendoza Vargas;M;1982-03-25;José Leonardo Ortiz;Lambayeque;2024-04-19;No afiliado
4923;Aarón Villalobos Ugarte;M;1966-02-08;El Porvenir;La Libertad;2024-04-19;No afiliado
4924;francisco cruz conde;M;2005-05-05;Wanchaq;Cusco;2024-04-19;Bronce
4925;Oscar Araujo Arango;M;1964-12-22;Comas;Lima;2024-04-19;No afiliado
4926;Anastasia Paredes Pacheco;F;1983-02-21;San Juan de Lurigancho;Lima;2024-04-19;Bronce
4927;HONORIO MALDONADO TORRES;M;1952-09-05;Cerro Colorado;Arequipa;2024-04-19;Bronce
4928;CRISPINA ZAPATA GONZÁLEZ;F;1948-07-19;El Porvenir;La Libertad;2024-04-19;Plata
4929;Eutiquio Paredes Escobar;M;1977-01-31;San Jerónimo;Cusco;2024-04-19;No afiliado
4930;Prudencia Chávez Villafuerte;F;1949-03-02;Trujillo;La Libertad;2024-04-19;No afiliado
4931;Froilán Calderón Hurtado;M;1967-12-25;El Porvenir;La Libertad;2024-04-19;Bronce
4932;Leonor Zúñiga Alvarado;F;1949-07-08;Huanchaco;La Libertad;2024-04-19;No afiliado
4933;Marciano Gálvez Serna;M;2003-10-20;Cerro Colorado;Arequipa;2024-04-19;Bronce
4934;PAULINA SOTO DOMÍNGUEZ;F;1973-06-19;Socabaya;Arequipa;2024-04-19;No afiliado
4935;Atanasio Padilla Meneses;M;2007-12-09;El Porvenir;La Libertad;2024-04-19;Bronce
4936;emilio farro amaya;M;1998-07-14;Socabaya;Arequipa;2024-04-19;No afiliado
4937;onésimo paz vargas;M;1964-05-20;Yanahuara;Arequipa;2024-04-19;No afiliado
4938;Orestes Dávila Domínguez;M;1986-12-03;San Juan Bautista;Loreto;2024-04-19;Bronce
4939;EUSTAQUIO ALVARADO PORTILLA;M;1982-09-20;San Martín de Porres;Lima;2024-04-19;Bronce
4940;Jesús Amaya Tejada;M;1962-03-19;San Juan de Lurigancho;Lima;2024-04-19;Plata
4941;Silvia Rojas Vargas;F;1976-05-01;San Martín de Porres;Lima;2024-04-19;Bronce
4942;Gregorio Avendaño Amaya;M;1994-05-20;Monsefú;Lambayeque;2024-04-19;No afiliado
4943;Orestes Matías Delgado;M;1966-04-07;Trujillo;La Libertad;2024-04-19;No afiliado
4944;FROILÁN MALDONADO ARIAS;M;1989-09-07;Comas;Lima;2024-04-19;Bronce
4945;Dorotea Zúñiga Zapata;F;1981-09-03;San Juan de Lurigancho;Lima;2024-04-19;No afiliado
4946;Fortunato Requejo Mejía;M;1985-09-02;Trujillo;La Libertad;2024-04-19;Bronce
4947;alonso villafuerte villalobos;M;1946-06-29;Cusco;Cusco;2024-04-19;No afiliado
4948;Patricia Cabello García;F;2003-10-08;Saylla;Cusco;2024-04-19;Bronce
4949;Francisco Requejo Palacios;M;1959-10-04;San Juan de Lurigancho;Lima;2024-04-19;Bronce
4950;Aarón Sierra Gallo;M;1988-10-09;Iquitos;Loreto;2024-04-19;No afiliado
4951;Raquel Llerena Reyna;F;1992-11-02;San Juan de Lurigancho;Lima;2024-04-20;No afiliado
4952;Roberto Padilla Medina;M;1977-11-22;La Esperanza;La Libertad;2024-04-20;Bronce
4953;AURELIANO MEDINA MONTOYA;M;1985-05-28;La Victoria;Lambayeque;2024-04-20;Bronce
4954;Tadeo Villafuerte Salazar;M;1998-02-06;Iquitos;Loreto;2024-04-20;Bronce
4955;Bernardo Muñoz Loayza;M;1980-12-04;Piura;Piura;2024-04-20;No afiliado
4956;Crispina Soto Paredes;F;1952-05-16;Cayma;Arequipa;2024-04-20;Plata
4957;Olegario Alvarado Chambi;M;1991-06-19;Chiclayo;Lambayeque;2024-04-20;No afiliado
4958;edmundo hernández gálvez;M;1969-10-16;Veintiséis de Octubre;Piura;2024-04-20;Bronce
4959;honorio palacios amaya;M;1991-07-01;Pimentel;Lambayeque;2024-04-20;Bronce
4960;Alcides Lozano Hurtado;M;1986-09-18;Sullana;Piura;2024-04-20;Plata
4961;alejandrina gómez ojeda;F;1972-12-14;Ate;Lima;2024-04-20;No afiliado
4962;ORESTES RIVERA MONTES;M;1954-12-19;Punchana;Loreto;2024-04-20;Bronce
4963;tobías torrico arango;M;1975-06-15;San Juan de Lurigancho;Lima;2024-04-20;Oro
4964;Emmanuel Rivera Jiménez;M;2001-12-13;San Juan de Lurigancho;Lima;2024-04-20;Plata
4965;marciano reyna campos;M;1992-02-07;Veintiséis de Octubre;Piura;2024-04-20;Bronce
4966;artemio torres dávila;M;1977-07-19;Cayma;Arequipa;2024-04-20;No afiliado
4967;Honorio Ugarte Galarza;M;1976-04-09;Chiclayo;Lambayeque;2024-04-20;Bronce
4968;Emilia Yañez Nieto;F;1982-12-18;Cusco;Cusco;2024-04-20;Bronce
4969;Héctor Farro Arroyo;M;1983-06-27;Cerro Colorado;Arequipa;2024-04-20;Bronce
4970;Marciano Bustos Trejo;M;1987-12-17;Yurimaguas;Loreto;2024-04-20;Bronce
4971;Rosa Fuentes Torres;F;1988-03-29;Trujillo;La Libertad;2024-04-20;No afiliado
4972;santiago villafuerte gonzález;M;1991-04-19;Comas;Lima;2024-04-20;No afiliado
4973;Romualdo Rosales Gallo;M;1992-07-16;Yurimaguas;Loreto;2024-04-20;Plata
4974;Paulina Matías Del Carpio;F;1972-01-06;Yanahuara;Arequipa;2024-04-20;Bronce
4975;Mauricio Tello Mendieta;M;1975-02-20;Lima;Lima;2024-04-20;No afiliado
4976;Raúl Sierra Galarza;M;2000-08-10;Arequipa;Arequipa;2024-04-20;No afiliado
4977;ANICETO VALENZUELA GALLO;M;1952-06-19;El Tambo;Junín;2024-04-20;Plata
4978;Gustavo Pizarro Zambrano;M;1996-10-21;San Sebastián;Cusco;2024-04-20;Bronce
4979;luisa amaya reyna;F;1984-03-13;Piura;Piura;2024-04-20;No afiliado
4980;ALBA SANABRIA MALDONADO;F;1987-03-03;San Juan de Lurigancho;Lima;2024-04-20;No afiliado
4981;Olga Serna Villalobos;F;2007-01-06;Ate;Lima;2024-04-20;Oro
4982;FILIBERTO CRUZ AVENDAÑO;M;2003-11-03;Comas;Lima;2024-04-20;Plata
4983;Federico Sierra Dávila;M;1945-12-20;Huanchaco;La Libertad;2024-04-20;Bronce
4984;Ubaldo Tejada Ramírez;M;2001-08-09;Sullana;Piura;2024-04-20;Bronce
4985;Jacobo Pizarro Pérez;M;1994-07-31;Jesús María;Lima;2024-04-20;No afiliado
4986;María Rojas Escobar;F;2002-01-07;San Juan de Lurigancho;Lima;2024-04-20;Bronce
4987;MARTÍN ROSALES VALVERDE;M;1975-07-26;Iquitos;Loreto;2024-04-20;Oro
4988;salustiano martínez vilca;M;1994-11-27;Santiago de Surco;Lima;2024-04-20;No afiliado
4989;teodosia salgado coronado;F;1999-01-01;Ate;Lima;2024-04-20;Oro
4990;GLORIA AGUIRRE JIMÉNEZ;F;1946-05-18;Piura;Piura;2024-04-20;Bronce
4991;SARA ORDOÑEZ TORRICO;F;1970-08-13;El Porvenir;La Libertad;2024-04-20;Plata
4992;Eustaquio Estrella Escobar;M;1988-11-28;San Juan de Lurigancho;Lima;2024-04-20;Plata
4993;Emmanuel Montes Gálvez;M;1946-11-22;Santiago;Cusco;2024-04-20;Bronce
4994;DANTE ZAMBRANO CHACÓN;M;1987-06-06;Ate;Lima;2024-04-20;Bronce
4995;maría ulloa delgado;F;1996-11-13;Yurimaguas;Loreto;2024-04-20;Bronce
4996;ATANASIO ALVARADO GALLO;M;1990-03-05;Miraflores;Lima;2024-04-21;Bronce
4997;Ceferino Arce Martínez;M;2007-04-11;San Martín de Porres;Lima;2024-04-21;Bronce
4998;alejandrina calderón chávez;F;1997-08-18;Chiclayo;Lambayeque;2024-04-21;No afiliado
4999;Eugenio Pérez Serna;M;1950-10-10;Iquitos;Loreto;2024-04-21;No afiliado
5000;Josefa Cruz Del Carpio;F;1955-06-06;San Jerónimo;Cusco;2024-04-21;Plata
